[18:41:30,471][INFO][972][auction.py:194] ==============CONFIG DATA======================
[18:41:30,471][INFO][972][auction.py:195] pancake_factory_addr= 0xcA143Ce32Fe78f1f7019d7d551a6402fC5350c73
[18:41:30,471][INFO][972][auction.py:196] pancake_router_addr= 0x10ED43C718714eb63d5aA57B78B54704E256024E
[18:41:30,472][INFO][972][auction.py:197] sound_alamp= True
[18:41:30,472][INFO][972][auction.py:198] msg_notifi= True
[18:41:30,472][INFO][972][auction.py:199] notifi_delay= 1.0
[18:41:30,472][INFO][972][auction.py:200] get_price_delay= 0.5
[18:41:30,472][INFO][972][auction.py:201] ==============END CONFIG DATA======================
[18:41:35,524][INFO][972][auction.py:115] Sound Alert
[18:41:35,848][INFO][972][auction.py:95] Connected to BSC
[18:41:35,849][INFO][10792][auction.py:339] =====================monitorAuc
[18:41:35,957][INFO][10792][auction.py:363] getting all txs from block 10706117
[18:41:37,118][INFO][972][auction.py:131] Message Notification:Auction Monitor started
[18:41:37,195][INFO][10792][auction.py:367] {'blockNumber': '10703164', 'timeStamp': '1631005959', 'hash': '0x2c47a0b312a42aef6b2aab02ef728de69c6b4087d04e0f9cde0d2f06af672f74', 'nonce': '151', 'blockHash': '0x3e3fa383c0fa96831def86a43ecb8a9293bc2031a806a9081cf76052129aa9d9', 'from': '0xae126b90d2835c5a2d720b0687ec59f59b768183', 'contractAddress': '0x0e09fabb73bd3ade0a17ecc321fd13a19e81ce82', 'to': '0xb92ab7c1edcb273aba24b0656ceb3681654805d2', 'value': '1000000000000000000000', 'tokenName': 'PancakeSwap Token', 'tokenSymbol': 'Cake', 'tokenDecimal': '18', 'transactionIndex': '81', 'gas': '181596', 'gasPrice': '5000000000', 'gasUsed': '175904', 'cumulativeGasUsed': '9902509', 'input': 'deprecated', 'confirmations': '2953'}
[18:41:37,195][INFO][10792][auction.py:370] ----------------- 0xb92ab7c1edcb273aba24b0656ceb3681654805d2 ---Cake
[18:41:37,195][INFO][10792][auction.py:374] ----------------- 0xae126b90d2835c5a2d720b0687ec59f59b768183 ---Cake -- cake 1000.000000
[18:41:37,195][INFO][10792][auction.py:367] {'blockNumber': '10703538', 'timeStamp': '1631007086', 'hash': '0x04fb7e45c4b68346660313324ae7f5b3169c4afba2938a991fc8f9cbb360bbba', 'nonce': '9', 'blockHash': '0x95697e8986f214f779687815df79e4448a445b70b6e5da4e685f61a341e33bed', 'from': '0x5ed6b80f0e8b1c7fdb783202d4a926bbed2d49ee', 'contractAddress': '0x0e09fabb73bd3ade0a17ecc321fd13a19e81ce82', 'to': '0xb92ab7c1edcb273aba24b0656ceb3681654805d2', 'value': '1010000000000000000000', 'tokenName': 'PancakeSwap Token', 'tokenSymbol': 'Cake', 'tokenDecimal': '18', 'transactionIndex': '161', 'gas': '181596', 'gasPrice': '5000000000', 'gasUsed': '175904', 'cumulativeGasUsed': '23412019', 'input': 'deprecated', 'confirmations': '2579'}
[18:41:37,195][INFO][10792][auction.py:370] ----------------- 0xb92ab7c1edcb273aba24b0656ceb3681654805d2 ---Cake
[18:41:37,195][INFO][10792][auction.py:374] ----------------- 0x5ed6b80f0e8b1c7fdb783202d4a926bbed2d49ee ---Cake -- cake 1010.000000
[18:41:37,195][INFO][10792][auction.py:367] {'blockNumber': '10703574', 'timeStamp': '1631007194', 'hash': '0xde7fb6a7e7881132b09831318bfef574dd39724616e59e8f1065b025ba1cf4e8', 'nonce': '480', 'blockHash': '0xfc43f5d81c20d7d41680ab7c02e3c996d03677aa2ef51e7eca04c596025e865e', 'from': '0xfad3b5feac1aaf86b3f66d105f2fa9607164d86b', 'contractAddress': '0x0e09fabb73bd3ade0a17ecc321fd13a19e81ce82', 'to': '0xb92ab7c1edcb273aba24b0656ceb3681654805d2', 'value': '1020000000000000000000', 'tokenName': 'PancakeSwap Token', 'tokenSymbol': 'Cake', 'tokenDecimal': '18', 'transactionIndex': '88', 'gas': '166596', 'gasPrice': '5000000000', 'gasUsed': '160904', 'cumulativeGasUsed': '16679294', 'input': 'deprecated', 'confirmations': '2543'}
[18:41:37,195][INFO][10792][auction.py:370] ----------------- 0xb92ab7c1edcb273aba24b0656ceb3681654805d2 ---Cake
[18:41:37,195][INFO][10792][auction.py:374] ----------------- 0xfad3b5feac1aaf86b3f66d105f2fa9607164d86b ---Cake -- cake 1020.000000
[18:41:37,195][INFO][10792][auction.py:367] {'blockNumber': '10704298', 'timeStamp': '1631009371', 'hash': '0x9cff86beb07d9f4db1ea9e4dac3475ceab20574aaf4c303dba6e24cbafcf8d7c', 'nonce': '489', 'blockHash': '0x70c9905f3136844f467e3381edaec15bfd0663b90de3b91512a9c40a422d3142', 'from': '0x22d56946c6cc1d4ed09f02858ddb990fcc981c55', 'contractAddress': '0x0e09fabb73bd3ade0a17ecc321fd13a19e81ce82', 'to': '0xb92ab7c1edcb273aba24b0656ceb3681654805d2', 'value': '1000000000000000000000', 'tokenName': 'PancakeSwap Token', 'tokenSymbol': 'Cake', 'tokenDecimal': '18', 'transactionIndex': '137', 'gas': '181596', 'gasPrice': '5000000000', 'gasUsed': '175904', 'cumulativeGasUsed': '18845957', 'input': 'deprecated', 'confirmations': '1819'}
[18:41:37,196][INFO][10792][auction.py:370] ----------------- 0xb92ab7c1edcb273aba24b0656ceb3681654805d2 ---Cake
[18:41:37,196][INFO][10792][auction.py:374] ----------------- 0x22d56946c6cc1d4ed09f02858ddb990fcc981c55 ---Cake -- cake 1000.000000
[18:41:37,196][INFO][10792][auction.py:367] {'blockNumber': '10704454', 'timeStamp': '1631009839', 'hash': '0x78f8dd0ac3075bee01d9e4c3e4bb1ca3c54b9da8b54edbaeee570213289a8a63', 'nonce': '496', 'blockHash': '0x2406984443008fe2dc80c8552016b7ca40de9780aa2db8fb6901931f5d541a7e', 'from': '0x22d56946c6cc1d4ed09f02858ddb990fcc981c55', 'contractAddress': '0x0e09fabb73bd3ade0a17ecc321fd13a19e81ce82', 'to': '0xb92ab7c1edcb273aba24b0656ceb3681654805d2', 'value': '100000000000000000000', 'tokenName': 'PancakeSwap Token', 'tokenSymbol': 'Cake', 'tokenDecimal': '18', 'transactionIndex': '145', 'gas': '74495', 'gasPrice': '5000000000', 'gasUsed': '68803', 'cumulativeGasUsed': '16706719', 'input': 'deprecated', 'confirmations': '1663'}
[18:41:37,196][INFO][10792][auction.py:370] ----------------- 0xb92ab7c1edcb273aba24b0656ceb3681654805d2 ---Cake
[18:41:37,196][INFO][10792][auction.py:374] ----------------- 0x22d56946c6cc1d4ed09f02858ddb990fcc981c55 ---Cake -- cake 100.000000
[18:41:37,196][INFO][10792][auction.py:367] {'blockNumber': '10704970', 'timeStamp': '1631011423', 'hash': '0x245ddcac7b8f31a9464c7c78e1bb92199455500509896b72b4c12b4a219bfd07', 'nonce': '2859', 'blockHash': '0x4b86c8203e2cbad3bade32b24053318fed392d4d4de3e68f32df40c79a2cb5c5', 'from': '0x58092273a044d6e1d23b5095ae873f6e24e906ed', 'contractAddress': '0x0e09fabb73bd3ade0a17ecc321fd13a19e81ce82', 'to': '0xb92ab7c1edcb273aba24b0656ceb3681654805d2', 'value': '1500000000000000000000', 'tokenName': 'PancakeSwap Token', 'tokenSymbol': 'Cake', 'tokenDecimal': '18', 'transactionIndex': '271', 'gas': '166596', 'gasPrice': '5000000000', 'gasUsed': '160904', 'cumulativeGasUsed': '36662181', 'input': 'deprecated', 'confirmations': '1147'}
[18:41:37,196][INFO][10792][auction.py:370] ----------------- 0xb92ab7c1edcb273aba24b0656ceb3681654805d2 ---Cake
[18:41:37,196][INFO][10792][auction.py:374] ----------------- 0x58092273a044d6e1d23b5095ae873f6e24e906ed ---Cake -- cake 1500.000000
[18:41:37,196][INFO][10792][auction.py:367] {'blockNumber': '10705049', 'timeStamp': '1631011660', 'hash': '0x142d128802299275e6b10cb2171fed090b9b649875fbffe5dac0d05421bd0e72', 'nonce': '10', 'blockHash': '0x9ed3270f34bd67e32ff8530a52cb58b7b69f8301ed2cd4ef2ffdd78e816e6fae', 'from': '0x5ed6b80f0e8b1c7fdb783202d4a926bbed2d49ee', 'contractAddress': '0x0e09fabb73bd3ade0a17ecc321fd13a19e81ce82', 'to': '0xb92ab7c1edcb273aba24b0656ceb3681654805d2', 'value': '100000000000000000000', 'tokenName': 'PancakeSwap Token', 'tokenSymbol': 'Cake', 'tokenDecimal': '18', 'transactionIndex': '83', 'gas': '74495', 'gasPrice': '5000000000', 'gasUsed': '68803', 'cumulativeGasUsed': '9552749', 'input': 'deprecated', 'confirmations': '1068'}
[18:41:37,196][INFO][10792][auction.py:370] ----------------- 0xb92ab7c1edcb273aba24b0656ceb3681654805d2 ---Cake
[18:41:37,196][INFO][10792][auction.py:374] ----------------- 0x5ed6b80f0e8b1c7fdb783202d4a926bbed2d49ee ---Cake -- cake 100.000000
[18:41:37,196][INFO][10792][auction.py:367] {'blockNumber': '10705454', 'timeStamp': '1631012899', 'hash': '0x952703eed5aa61378d616c4f7b6c666190835d6a57902f1a64fcf02fca84794c', 'nonce': '1', 'blockHash': '0x2dc24ca2731be3736198e22ac78da303739ce5574660be9642c331e70562bdf5', 'from': '0xcbd932ac66f645a3764733aacd30ce50e522fac1', 'contractAddress': '0x0e09fabb73bd3ade0a17ecc321fd13a19e81ce82', 'to': '0xb92ab7c1edcb273aba24b0656ceb3681654805d2', 'value': '3000000000000000000000', 'tokenName': 'PancakeSwap Token', 'tokenSymbol': 'Cake', 'tokenDecimal': '18', 'transactionIndex': '190', 'gas': '181596', 'gasPrice': '5000000000', 'gasUsed': '175904', 'cumulativeGasUsed': '32889266', 'input': 'deprecated', 'confirmations': '663'}
[18:41:37,196][INFO][10792][auction.py:370] ----------------- 0xb92ab7c1edcb273aba24b0656ceb3681654805d2 ---Cake
[18:41:37,196][INFO][10792][auction.py:374] ----------------- 0xcbd932ac66f645a3764733aacd30ce50e522fac1 ---Cake -- cake 3000.000000
[18:41:37,197][INFO][10792][auction.py:367] {'blockNumber': '10705719', 'timeStamp': '1631013696', 'hash': '0xc075a75784c45ad0d07454da1d09060ae6b82b98dce47416153438ece8d5e5eb', 'nonce': '2862', 'blockHash': '0x4d486b1d9e530b905d358744054caf756c4a62adcdf2949d20a30edcdd14f55f', 'from': '0x58092273a044d6e1d23b5095ae873f6e24e906ed', 'contractAddress': '0x0e09fabb73bd3ade0a17ecc321fd13a19e81ce82', 'to': '0xb92ab7c1edcb273aba24b0656ceb3681654805d2', 'value': '1610000000000000000000', 'tokenName': 'PancakeSwap Token', 'tokenSymbol': 'Cake', 'tokenDecimal': '18', 'transactionIndex': '87', 'gas': '74495', 'gasPrice': '5000000000', 'gasUsed': '68803', 'cumulativeGasUsed': '11673808', 'input': 'deprecated', 'confirmations': '398'}
[18:41:37,197][INFO][10792][auction.py:370] ----------------- 0xb92ab7c1edcb273aba24b0656ceb3681654805d2 ---Cake
[18:41:37,197][INFO][10792][auction.py:374] ----------------- 0x58092273a044d6e1d23b5095ae873f6e24e906ed ---Cake -- cake 1610.000000
[18:41:37,197][INFO][10792][auction.py:367] {'blockNumber': '10705763', 'timeStamp': '1631013828', 'hash': '0xfe517c002d195aaf34d15888ef5f561435c69a822733895c2f7cfe516b0cbc34', 'nonce': '2', 'blockHash': '0x5f00d6638e2574f5e426fb3c20e0d97a78ab721e650c19bdb4e03b69f6811788', 'from': '0xcbd932ac66f645a3764733aacd30ce50e522fac1', 'contractAddress': '0x0e09fabb73bd3ade0a17ecc321fd13a19e81ce82', 'to': '0xb92ab7c1edcb273aba24b0656ceb3681654805d2', 'value': '1000000000000000000000', 'tokenName': 'PancakeSwap Token', 'tokenSymbol': 'Cake', 'tokenDecimal': '18', 'transactionIndex': '114', 'gas': '74495', 'gasPrice': '5000000000', 'gasUsed': '68803', 'cumulativeGasUsed': '14686672', 'input': 'deprecated', 'confirmations': '354'}
[18:41:37,197][INFO][10792][auction.py:370] ----------------- 0xb92ab7c1edcb273aba24b0656ceb3681654805d2 ---Cake
[18:41:37,197][INFO][10792][auction.py:374] ----------------- 0xcbd932ac66f645a3764733aacd30ce50e522fac1 ---Cake -- cake 1000.000000
[18:42:07,291][INFO][10792][auction.py:363] getting all txs from block 10706117
[18:42:09,543][INFO][10792][auction.py:367] {'blockNumber': '10703164', 'timeStamp': '1631005959', 'hash': '0x2c47a0b312a42aef6b2aab02ef728de69c6b4087d04e0f9cde0d2f06af672f74', 'nonce': '151', 'blockHash': '0x3e3fa383c0fa96831def86a43ecb8a9293bc2031a806a9081cf76052129aa9d9', 'from': '0xae126b90d2835c5a2d720b0687ec59f59b768183', 'contractAddress': '0x0e09fabb73bd3ade0a17ecc321fd13a19e81ce82', 'to': '0xb92ab7c1edcb273aba24b0656ceb3681654805d2', 'value': '1000000000000000000000', 'tokenName': 'PancakeSwap Token', 'tokenSymbol': 'Cake', 'tokenDecimal': '18', 'transactionIndex': '81', 'gas': '181596', 'gasPrice': '5000000000', 'gasUsed': '175904', 'cumulativeGasUsed': '9902509', 'input': 'deprecated', 'confirmations': '2963'}
[18:42:09,544][INFO][10792][auction.py:370] ----------------- 0xb92ab7c1edcb273aba24b0656ceb3681654805d2 ---Cake
[18:42:09,544][INFO][10792][auction.py:374] ----------------- 0xae126b90d2835c5a2d720b0687ec59f59b768183 ---Cake -- cake 1000.000000
[18:42:09,544][INFO][10792][auction.py:367] {'blockNumber': '10703538', 'timeStamp': '1631007086', 'hash': '0x04fb7e45c4b68346660313324ae7f5b3169c4afba2938a991fc8f9cbb360bbba', 'nonce': '9', 'blockHash': '0x95697e8986f214f779687815df79e4448a445b70b6e5da4e685f61a341e33bed', 'from': '0x5ed6b80f0e8b1c7fdb783202d4a926bbed2d49ee', 'contractAddress': '0x0e09fabb73bd3ade0a17ecc321fd13a19e81ce82', 'to': '0xb92ab7c1edcb273aba24b0656ceb3681654805d2', 'value': '1010000000000000000000', 'tokenName': 'PancakeSwap Token', 'tokenSymbol': 'Cake', 'tokenDecimal': '18', 'transactionIndex': '161', 'gas': '181596', 'gasPrice': '5000000000', 'gasUsed': '175904', 'cumulativeGasUsed': '23412019', 'input': 'deprecated', 'confirmations': '2589'}
[18:42:09,545][INFO][10792][auction.py:370] ----------------- 0xb92ab7c1edcb273aba24b0656ceb3681654805d2 ---Cake
[18:42:09,545][INFO][10792][auction.py:374] ----------------- 0x5ed6b80f0e8b1c7fdb783202d4a926bbed2d49ee ---Cake -- cake 1010.000000
[18:42:09,545][INFO][10792][auction.py:367] {'blockNumber': '10703574', 'timeStamp': '1631007194', 'hash': '0xde7fb6a7e7881132b09831318bfef574dd39724616e59e8f1065b025ba1cf4e8', 'nonce': '480', 'blockHash': '0xfc43f5d81c20d7d41680ab7c02e3c996d03677aa2ef51e7eca04c596025e865e', 'from': '0xfad3b5feac1aaf86b3f66d105f2fa9607164d86b', 'contractAddress': '0x0e09fabb73bd3ade0a17ecc321fd13a19e81ce82', 'to': '0xb92ab7c1edcb273aba24b0656ceb3681654805d2', 'value': '1020000000000000000000', 'tokenName': 'PancakeSwap Token', 'tokenSymbol': 'Cake', 'tokenDecimal': '18', 'transactionIndex': '88', 'gas': '166596', 'gasPrice': '5000000000', 'gasUsed': '160904', 'cumulativeGasUsed': '16679294', 'input': 'deprecated', 'confirmations': '2553'}
[18:42:09,545][INFO][10792][auction.py:370] ----------------- 0xb92ab7c1edcb273aba24b0656ceb3681654805d2 ---Cake
[18:42:09,545][INFO][10792][auction.py:374] ----------------- 0xfad3b5feac1aaf86b3f66d105f2fa9607164d86b ---Cake -- cake 1020.000000
[18:42:09,545][INFO][10792][auction.py:367] {'blockNumber': '10704298', 'timeStamp': '1631009371', 'hash': '0x9cff86beb07d9f4db1ea9e4dac3475ceab20574aaf4c303dba6e24cbafcf8d7c', 'nonce': '489', 'blockHash': '0x70c9905f3136844f467e3381edaec15bfd0663b90de3b91512a9c40a422d3142', 'from': '0x22d56946c6cc1d4ed09f02858ddb990fcc981c55', 'contractAddress': '0x0e09fabb73bd3ade0a17ecc321fd13a19e81ce82', 'to': '0xb92ab7c1edcb273aba24b0656ceb3681654805d2', 'value': '1000000000000000000000', 'tokenName': 'PancakeSwap Token', 'tokenSymbol': 'Cake', 'tokenDecimal': '18', 'transactionIndex': '137', 'gas': '181596', 'gasPrice': '5000000000', 'gasUsed': '175904', 'cumulativeGasUsed': '18845957', 'input': 'deprecated', 'confirmations': '1829'}
[18:42:09,546][INFO][10792][auction.py:370] ----------------- 0xb92ab7c1edcb273aba24b0656ceb3681654805d2 ---Cake
[18:42:09,546][INFO][10792][auction.py:374] ----------------- 0x22d56946c6cc1d4ed09f02858ddb990fcc981c55 ---Cake -- cake 1000.000000
[18:42:09,546][INFO][10792][auction.py:367] {'blockNumber': '10704454', 'timeStamp': '1631009839', 'hash': '0x78f8dd0ac3075bee01d9e4c3e4bb1ca3c54b9da8b54edbaeee570213289a8a63', 'nonce': '496', 'blockHash': '0x2406984443008fe2dc80c8552016b7ca40de9780aa2db8fb6901931f5d541a7e', 'from': '0x22d56946c6cc1d4ed09f02858ddb990fcc981c55', 'contractAddress': '0x0e09fabb73bd3ade0a17ecc321fd13a19e81ce82', 'to': '0xb92ab7c1edcb273aba24b0656ceb3681654805d2', 'value': '100000000000000000000', 'tokenName': 'PancakeSwap Token', 'tokenSymbol': 'Cake', 'tokenDecimal': '18', 'transactionIndex': '145', 'gas': '74495', 'gasPrice': '5000000000', 'gasUsed': '68803', 'cumulativeGasUsed': '16706719', 'input': 'deprecated', 'confirmations': '1673'}
[18:42:09,546][INFO][10792][auction.py:370] ----------------- 0xb92ab7c1edcb273aba24b0656ceb3681654805d2 ---Cake
[18:42:09,546][INFO][10792][auction.py:374] ----------------- 0x22d56946c6cc1d4ed09f02858ddb990fcc981c55 ---Cake -- cake 100.000000
[18:42:09,547][INFO][10792][auction.py:367] {'blockNumber': '10704970', 'timeStamp': '1631011423', 'hash': '0x245ddcac7b8f31a9464c7c78e1bb92199455500509896b72b4c12b4a219bfd07', 'nonce': '2859', 'blockHash': '0x4b86c8203e2cbad3bade32b24053318fed392d4d4de3e68f32df40c79a2cb5c5', 'from': '0x58092273a044d6e1d23b5095ae873f6e24e906ed', 'contractAddress': '0x0e09fabb73bd3ade0a17ecc321fd13a19e81ce82', 'to': '0xb92ab7c1edcb273aba24b0656ceb3681654805d2', 'value': '1500000000000000000000', 'tokenName': 'PancakeSwap Token', 'tokenSymbol': 'Cake', 'tokenDecimal': '18', 'transactionIndex': '271', 'gas': '166596', 'gasPrice': '5000000000', 'gasUsed': '160904', 'cumulativeGasUsed': '36662181', 'input': 'deprecated', 'confirmations': '1157'}
[18:42:09,547][INFO][10792][auction.py:370] ----------------- 0xb92ab7c1edcb273aba24b0656ceb3681654805d2 ---Cake
[18:42:09,547][INFO][10792][auction.py:374] ----------------- 0x58092273a044d6e1d23b5095ae873f6e24e906ed ---Cake -- cake 1500.000000
[18:42:09,547][INFO][10792][auction.py:367] {'blockNumber': '10705049', 'timeStamp': '1631011660', 'hash': '0x142d128802299275e6b10cb2171fed090b9b649875fbffe5dac0d05421bd0e72', 'nonce': '10', 'blockHash': '0x9ed3270f34bd67e32ff8530a52cb58b7b69f8301ed2cd4ef2ffdd78e816e6fae', 'from': '0x5ed6b80f0e8b1c7fdb783202d4a926bbed2d49ee', 'contractAddress': '0x0e09fabb73bd3ade0a17ecc321fd13a19e81ce82', 'to': '0xb92ab7c1edcb273aba24b0656ceb3681654805d2', 'value': '100000000000000000000', 'tokenName': 'PancakeSwap Token', 'tokenSymbol': 'Cake', 'tokenDecimal': '18', 'transactionIndex': '83', 'gas': '74495', 'gasPrice': '5000000000', 'gasUsed': '68803', 'cumulativeGasUsed': '9552749', 'input': 'deprecated', 'confirmations': '1078'}
[18:42:09,548][INFO][10792][auction.py:370] ----------------- 0xb92ab7c1edcb273aba24b0656ceb3681654805d2 ---Cake
[18:42:09,548][INFO][10792][auction.py:374] ----------------- 0x5ed6b80f0e8b1c7fdb783202d4a926bbed2d49ee ---Cake -- cake 100.000000
[18:42:09,548][INFO][10792][auction.py:367] {'blockNumber': '10705454', 'timeStamp': '1631012899', 'hash': '0x952703eed5aa61378d616c4f7b6c666190835d6a57902f1a64fcf02fca84794c', 'nonce': '1', 'blockHash': '0x2dc24ca2731be3736198e22ac78da303739ce5574660be9642c331e70562bdf5', 'from': '0xcbd932ac66f645a3764733aacd30ce50e522fac1', 'contractAddress': '0x0e09fabb73bd3ade0a17ecc321fd13a19e81ce82', 'to': '0xb92ab7c1edcb273aba24b0656ceb3681654805d2', 'value': '3000000000000000000000', 'tokenName': 'PancakeSwap Token', 'tokenSymbol': 'Cake', 'tokenDecimal': '18', 'transactionIndex': '190', 'gas': '181596', 'gasPrice': '5000000000', 'gasUsed': '175904', 'cumulativeGasUsed': '32889266', 'input': 'deprecated', 'confirmations': '673'}
[18:42:09,548][INFO][10792][auction.py:370] ----------------- 0xb92ab7c1edcb273aba24b0656ceb3681654805d2 ---Cake
[18:42:09,548][INFO][10792][auction.py:374] ----------------- 0xcbd932ac66f645a3764733aacd30ce50e522fac1 ---Cake -- cake 3000.000000
[18:42:09,548][INFO][10792][auction.py:367] {'blockNumber': '10705719', 'timeStamp': '1631013696', 'hash': '0xc075a75784c45ad0d07454da1d09060ae6b82b98dce47416153438ece8d5e5eb', 'nonce': '2862', 'blockHash': '0x4d486b1d9e530b905d358744054caf756c4a62adcdf2949d20a30edcdd14f55f', 'from': '0x58092273a044d6e1d23b5095ae873f6e24e906ed', 'contractAddress': '0x0e09fabb73bd3ade0a17ecc321fd13a19e81ce82', 'to': '0xb92ab7c1edcb273aba24b0656ceb3681654805d2', 'value': '1610000000000000000000', 'tokenName': 'PancakeSwap Token', 'tokenSymbol': 'Cake', 'tokenDecimal': '18', 'transactionIndex': '87', 'gas': '74495', 'gasPrice': '5000000000', 'gasUsed': '68803', 'cumulativeGasUsed': '11673808', 'input': 'deprecated', 'confirmations': '408'}
[18:42:09,549][INFO][10792][auction.py:370] ----------------- 0xb92ab7c1edcb273aba24b0656ceb3681654805d2 ---Cake
[18:42:09,549][INFO][10792][auction.py:374] ----------------- 0x58092273a044d6e1d23b5095ae873f6e24e906ed ---Cake -- cake 1610.000000
[18:42:09,549][INFO][10792][auction.py:367] {'blockNumber': '10705763', 'timeStamp': '1631013828', 'hash': '0xfe517c002d195aaf34d15888ef5f561435c69a822733895c2f7cfe516b0cbc34', 'nonce': '2', 'blockHash': '0x5f00d6638e2574f5e426fb3c20e0d97a78ab721e650c19bdb4e03b69f6811788', 'from': '0xcbd932ac66f645a3764733aacd30ce50e522fac1', 'contractAddress': '0x0e09fabb73bd3ade0a17ecc321fd13a19e81ce82', 'to': '0xb92ab7c1edcb273aba24b0656ceb3681654805d2', 'value': '1000000000000000000000', 'tokenName': 'PancakeSwap Token', 'tokenSymbol': 'Cake', 'tokenDecimal': '18', 'transactionIndex': '114', 'gas': '74495', 'gasPrice': '5000000000', 'gasUsed': '68803', 'cumulativeGasUsed': '14686672', 'input': 'deprecated', 'confirmations': '364'}
[18:42:09,549][INFO][10792][auction.py:370] ----------------- 0xb92ab7c1edcb273aba24b0656ceb3681654805d2 ---Cake
[18:42:09,549][INFO][10792][auction.py:374] ----------------- 0xcbd932ac66f645a3764733aacd30ce50e522fac1 ---Cake -- cake 1000.000000
[18:42:39,744][INFO][10792][auction.py:363] getting all txs from block 10706117
[18:42:46,272][INFO][10792][auction.py:367] {'blockNumber': '10703164', 'timeStamp': '1631005959', 'hash': '0x2c47a0b312a42aef6b2aab02ef728de69c6b4087d04e0f9cde0d2f06af672f74', 'nonce': '151', 'blockHash': '0x3e3fa383c0fa96831def86a43ecb8a9293bc2031a806a9081cf76052129aa9d9', 'from': '0xae126b90d2835c5a2d720b0687ec59f59b768183', 'contractAddress': '0x0e09fabb73bd3ade0a17ecc321fd13a19e81ce82', 'to': '0xb92ab7c1edcb273aba24b0656ceb3681654805d2', 'value': '1000000000000000000000', 'tokenName': 'PancakeSwap Token', 'tokenSymbol': 'Cake', 'tokenDecimal': '18', 'transactionIndex': '81', 'gas': '181596', 'gasPrice': '5000000000', 'gasUsed': '175904', 'cumulativeGasUsed': '9902509', 'input': 'deprecated', 'confirmations': '2974'}
[18:42:46,273][INFO][10792][auction.py:370] ----------------- 0xb92ab7c1edcb273aba24b0656ceb3681654805d2 ---Cake
[18:42:46,273][INFO][10792][auction.py:374] ----------------- 0xae126b90d2835c5a2d720b0687ec59f59b768183 ---Cake -- cake 1000.000000
[18:42:46,273][INFO][10792][auction.py:367] {'blockNumber': '10703538', 'timeStamp': '1631007086', 'hash': '0x04fb7e45c4b68346660313324ae7f5b3169c4afba2938a991fc8f9cbb360bbba', 'nonce': '9', 'blockHash': '0x95697e8986f214f779687815df79e4448a445b70b6e5da4e685f61a341e33bed', 'from': '0x5ed6b80f0e8b1c7fdb783202d4a926bbed2d49ee', 'contractAddress': '0x0e09fabb73bd3ade0a17ecc321fd13a19e81ce82', 'to': '0xb92ab7c1edcb273aba24b0656ceb3681654805d2', 'value': '1010000000000000000000', 'tokenName': 'PancakeSwap Token', 'tokenSymbol': 'Cake', 'tokenDecimal': '18', 'transactionIndex': '161', 'gas': '181596', 'gasPrice': '5000000000', 'gasUsed': '175904', 'cumulativeGasUsed': '23412019', 'input': 'deprecated', 'confirmations': '2600'}
[18:42:46,273][INFO][10792][auction.py:370] ----------------- 0xb92ab7c1edcb273aba24b0656ceb3681654805d2 ---Cake
[18:42:46,273][INFO][10792][auction.py:374] ----------------- 0x5ed6b80f0e8b1c7fdb783202d4a926bbed2d49ee ---Cake -- cake 1010.000000
[18:42:46,273][INFO][10792][auction.py:367] {'blockNumber': '10703574', 'timeStamp': '1631007194', 'hash': '0xde7fb6a7e7881132b09831318bfef574dd39724616e59e8f1065b025ba1cf4e8', 'nonce': '480', 'blockHash': '0xfc43f5d81c20d7d41680ab7c02e3c996d03677aa2ef51e7eca04c596025e865e', 'from': '0xfad3b5feac1aaf86b3f66d105f2fa9607164d86b', 'contractAddress': '0x0e09fabb73bd3ade0a17ecc321fd13a19e81ce82', 'to': '0xb92ab7c1edcb273aba24b0656ceb3681654805d2', 'value': '1020000000000000000000', 'tokenName': 'PancakeSwap Token', 'tokenSymbol': 'Cake', 'tokenDecimal': '18', 'transactionIndex': '88', 'gas': '166596', 'gasPrice': '5000000000', 'gasUsed': '160904', 'cumulativeGasUsed': '16679294', 'input': 'deprecated', 'confirmations': '2564'}
[18:42:46,273][INFO][10792][auction.py:370] ----------------- 0xb92ab7c1edcb273aba24b0656ceb3681654805d2 ---Cake
[18:42:46,273][INFO][10792][auction.py:374] ----------------- 0xfad3b5feac1aaf86b3f66d105f2fa9607164d86b ---Cake -- cake 1020.000000
[18:42:46,273][INFO][10792][auction.py:367] {'blockNumber': '10704298', 'timeStamp': '1631009371', 'hash': '0x9cff86beb07d9f4db1ea9e4dac3475ceab20574aaf4c303dba6e24cbafcf8d7c', 'nonce': '489', 'blockHash': '0x70c9905f3136844f467e3381edaec15bfd0663b90de3b91512a9c40a422d3142', 'from': '0x22d56946c6cc1d4ed09f02858ddb990fcc981c55', 'contractAddress': '0x0e09fabb73bd3ade0a17ecc321fd13a19e81ce82', 'to': '0xb92ab7c1edcb273aba24b0656ceb3681654805d2', 'value': '1000000000000000000000', 'tokenName': 'PancakeSwap Token', 'tokenSymbol': 'Cake', 'tokenDecimal': '18', 'transactionIndex': '137', 'gas': '181596', 'gasPrice': '5000000000', 'gasUsed': '175904', 'cumulativeGasUsed': '18845957', 'input': 'deprecated', 'confirmations': '1840'}
[18:42:46,273][INFO][10792][auction.py:370] ----------------- 0xb92ab7c1edcb273aba24b0656ceb3681654805d2 ---Cake
[18:42:46,273][INFO][10792][auction.py:374] ----------------- 0x22d56946c6cc1d4ed09f02858ddb990fcc981c55 ---Cake -- cake 1000.000000
[18:42:46,273][INFO][10792][auction.py:367] {'blockNumber': '10704454', 'timeStamp': '1631009839', 'hash': '0x78f8dd0ac3075bee01d9e4c3e4bb1ca3c54b9da8b54edbaeee570213289a8a63', 'nonce': '496', 'blockHash': '0x2406984443008fe2dc80c8552016b7ca40de9780aa2db8fb6901931f5d541a7e', 'from': '0x22d56946c6cc1d4ed09f02858ddb990fcc981c55', 'contractAddress': '0x0e09fabb73bd3ade0a17ecc321fd13a19e81ce82', 'to': '0xb92ab7c1edcb273aba24b0656ceb3681654805d2', 'value': '100000000000000000000', 'tokenName': 'PancakeSwap Token', 'tokenSymbol': 'Cake', 'tokenDecimal': '18', 'transactionIndex': '145', 'gas': '74495', 'gasPrice': '5000000000', 'gasUsed': '68803', 'cumulativeGasUsed': '16706719', 'input': 'deprecated', 'confirmations': '1684'}
[18:42:46,273][INFO][10792][auction.py:370] ----------------- 0xb92ab7c1edcb273aba24b0656ceb3681654805d2 ---Cake
[18:42:46,273][INFO][10792][auction.py:374] ----------------- 0x22d56946c6cc1d4ed09f02858ddb990fcc981c55 ---Cake -- cake 100.000000
[18:42:46,273][INFO][10792][auction.py:367] {'blockNumber': '10704970', 'timeStamp': '1631011423', 'hash': '0x245ddcac7b8f31a9464c7c78e1bb92199455500509896b72b4c12b4a219bfd07', 'nonce': '2859', 'blockHash': '0x4b86c8203e2cbad3bade32b24053318fed392d4d4de3e68f32df40c79a2cb5c5', 'from': '0x58092273a044d6e1d23b5095ae873f6e24e906ed', 'contractAddress': '0x0e09fabb73bd3ade0a17ecc321fd13a19e81ce82', 'to': '0xb92ab7c1edcb273aba24b0656ceb3681654805d2', 'value': '1500000000000000000000', 'tokenName': 'PancakeSwap Token', 'tokenSymbol': 'Cake', 'tokenDecimal': '18', 'transactionIndex': '271', 'gas': '166596', 'gasPrice': '5000000000', 'gasUsed': '160904', 'cumulativeGasUsed': '36662181', 'input': 'deprecated', 'confirmations': '1168'}
[18:42:46,273][INFO][10792][auction.py:370] ----------------- 0xb92ab7c1edcb273aba24b0656ceb3681654805d2 ---Cake
[18:42:46,273][INFO][10792][auction.py:374] ----------------- 0x58092273a044d6e1d23b5095ae873f6e24e906ed ---Cake -- cake 1500.000000
[18:42:46,273][INFO][10792][auction.py:367] {'blockNumber': '10705049', 'timeStamp': '1631011660', 'hash': '0x142d128802299275e6b10cb2171fed090b9b649875fbffe5dac0d05421bd0e72', 'nonce': '10', 'blockHash': '0x9ed3270f34bd67e32ff8530a52cb58b7b69f8301ed2cd4ef2ffdd78e816e6fae', 'from': '0x5ed6b80f0e8b1c7fdb783202d4a926bbed2d49ee', 'contractAddress': '0x0e09fabb73bd3ade0a17ecc321fd13a19e81ce82', 'to': '0xb92ab7c1edcb273aba24b0656ceb3681654805d2', 'value': '100000000000000000000', 'tokenName': 'PancakeSwap Token', 'tokenSymbol': 'Cake', 'tokenDecimal': '18', 'transactionIndex': '83', 'gas': '74495', 'gasPrice': '5000000000', 'gasUsed': '68803', 'cumulativeGasUsed': '9552749', 'input': 'deprecated', 'confirmations': '1089'}
[18:42:46,273][INFO][10792][auction.py:370] ----------------- 0xb92ab7c1edcb273aba24b0656ceb3681654805d2 ---Cake
[18:42:46,273][INFO][10792][auction.py:374] ----------------- 0x5ed6b80f0e8b1c7fdb783202d4a926bbed2d49ee ---Cake -- cake 100.000000
[18:42:46,273][INFO][10792][auction.py:367] {'blockNumber': '10705454', 'timeStamp': '1631012899', 'hash': '0x952703eed5aa61378d616c4f7b6c666190835d6a57902f1a64fcf02fca84794c', 'nonce': '1', 'blockHash': '0x2dc24ca2731be3736198e22ac78da303739ce5574660be9642c331e70562bdf5', 'from': '0xcbd932ac66f645a3764733aacd30ce50e522fac1', 'contractAddress': '0x0e09fabb73bd3ade0a17ecc321fd13a19e81ce82', 'to': '0xb92ab7c1edcb273aba24b0656ceb3681654805d2', 'value': '3000000000000000000000', 'tokenName': 'PancakeSwap Token', 'tokenSymbol': 'Cake', 'tokenDecimal': '18', 'transactionIndex': '190', 'gas': '181596', 'gasPrice': '5000000000', 'gasUsed': '175904', 'cumulativeGasUsed': '32889266', 'input': 'deprecated', 'confirmations': '684'}
[18:42:46,273][INFO][10792][auction.py:370] ----------------- 0xb92ab7c1edcb273aba24b0656ceb3681654805d2 ---Cake
[18:42:46,273][INFO][10792][auction.py:374] ----------------- 0xcbd932ac66f645a3764733aacd30ce50e522fac1 ---Cake -- cake 3000.000000
[18:42:46,273][INFO][10792][auction.py:367] {'blockNumber': '10705719', 'timeStamp': '1631013696', 'hash': '0xc075a75784c45ad0d07454da1d09060ae6b82b98dce47416153438ece8d5e5eb', 'nonce': '2862', 'blockHash': '0x4d486b1d9e530b905d358744054caf756c4a62adcdf2949d20a30edcdd14f55f', 'from': '0x58092273a044d6e1d23b5095ae873f6e24e906ed', 'contractAddress': '0x0e09fabb73bd3ade0a17ecc321fd13a19e81ce82', 'to': '0xb92ab7c1edcb273aba24b0656ceb3681654805d2', 'value': '1610000000000000000000', 'tokenName': 'PancakeSwap Token', 'tokenSymbol': 'Cake', 'tokenDecimal': '18', 'transactionIndex': '87', 'gas': '74495', 'gasPrice': '5000000000', 'gasUsed': '68803', 'cumulativeGasUsed': '11673808', 'input': 'deprecated', 'confirmations': '419'}
[18:42:46,273][INFO][10792][auction.py:370] ----------------- 0xb92ab7c1edcb273aba24b0656ceb3681654805d2 ---Cake
[18:42:46,274][INFO][10792][auction.py:374] ----------------- 0x58092273a044d6e1d23b5095ae873f6e24e906ed ---Cake -- cake 1610.000000
[18:42:46,274][INFO][10792][auction.py:367] {'blockNumber': '10705763', 'timeStamp': '1631013828', 'hash': '0xfe517c002d195aaf34d15888ef5f561435c69a822733895c2f7cfe516b0cbc34', 'nonce': '2', 'blockHash': '0x5f00d6638e2574f5e426fb3c20e0d97a78ab721e650c19bdb4e03b69f6811788', 'from': '0xcbd932ac66f645a3764733aacd30ce50e522fac1', 'contractAddress': '0x0e09fabb73bd3ade0a17ecc321fd13a19e81ce82', 'to': '0xb92ab7c1edcb273aba24b0656ceb3681654805d2', 'value': '1000000000000000000000', 'tokenName': 'PancakeSwap Token', 'tokenSymbol': 'Cake', 'tokenDecimal': '18', 'transactionIndex': '114', 'gas': '74495', 'gasPrice': '5000000000', 'gasUsed': '68803', 'cumulativeGasUsed': '14686672', 'input': 'deprecated', 'confirmations': '375'}
[18:42:46,274][INFO][10792][auction.py:370] ----------------- 0xb92ab7c1edcb273aba24b0656ceb3681654805d2 ---Cake
[18:42:46,274][INFO][10792][auction.py:374] ----------------- 0xcbd932ac66f645a3764733aacd30ce50e522fac1 ---Cake -- cake 1000.000000
[18:43:16,391][INFO][10792][auction.py:363] getting all txs from block 10706117
[18:43:28,366][INFO][10792][auction.py:367] {'blockNumber': '10703164', 'timeStamp': '1631005959', 'hash': '0x2c47a0b312a42aef6b2aab02ef728de69c6b4087d04e0f9cde0d2f06af672f74', 'nonce': '151', 'blockHash': '0x3e3fa383c0fa96831def86a43ecb8a9293bc2031a806a9081cf76052129aa9d9', 'from': '0xae126b90d2835c5a2d720b0687ec59f59b768183', 'contractAddress': '0x0e09fabb73bd3ade0a17ecc321fd13a19e81ce82', 'to': '0xb92ab7c1edcb273aba24b0656ceb3681654805d2', 'value': '1000000000000000000000', 'tokenName': 'PancakeSwap Token', 'tokenSymbol': 'Cake', 'tokenDecimal': '18', 'transactionIndex': '81', 'gas': '181596', 'gasPrice': '5000000000', 'gasUsed': '175904', 'cumulativeGasUsed': '9902509', 'input': 'deprecated', 'confirmations': '2989'}
[18:43:28,367][INFO][10792][auction.py:370] ----------------- 0xb92ab7c1edcb273aba24b0656ceb3681654805d2 ---Cake
[18:43:28,367][INFO][10792][auction.py:374] ----------------- 0xae126b90d2835c5a2d720b0687ec59f59b768183 ---Cake -- cake 1000.000000
[18:43:28,367][INFO][10792][auction.py:367] {'blockNumber': '10703538', 'timeStamp': '1631007086', 'hash': '0x04fb7e45c4b68346660313324ae7f5b3169c4afba2938a991fc8f9cbb360bbba', 'nonce': '9', 'blockHash': '0x95697e8986f214f779687815df79e4448a445b70b6e5da4e685f61a341e33bed', 'from': '0x5ed6b80f0e8b1c7fdb783202d4a926bbed2d49ee', 'contractAddress': '0x0e09fabb73bd3ade0a17ecc321fd13a19e81ce82', 'to': '0xb92ab7c1edcb273aba24b0656ceb3681654805d2', 'value': '1010000000000000000000', 'tokenName': 'PancakeSwap Token', 'tokenSymbol': 'Cake', 'tokenDecimal': '18', 'transactionIndex': '161', 'gas': '181596', 'gasPrice': '5000000000', 'gasUsed': '175904', 'cumulativeGasUsed': '23412019', 'input': 'deprecated', 'confirmations': '2615'}
[18:43:28,368][INFO][10792][auction.py:370] ----------------- 0xb92ab7c1edcb273aba24b0656ceb3681654805d2 ---Cake
[18:43:28,368][INFO][10792][auction.py:374] ----------------- 0x5ed6b80f0e8b1c7fdb783202d4a926bbed2d49ee ---Cake -- cake 1010.000000
[18:43:28,368][INFO][10792][auction.py:367] {'blockNumber': '10703574', 'timeStamp': '1631007194', 'hash': '0xde7fb6a7e7881132b09831318bfef574dd39724616e59e8f1065b025ba1cf4e8', 'nonce': '480', 'blockHash': '0xfc43f5d81c20d7d41680ab7c02e3c996d03677aa2ef51e7eca04c596025e865e', 'from': '0xfad3b5feac1aaf86b3f66d105f2fa9607164d86b', 'contractAddress': '0x0e09fabb73bd3ade0a17ecc321fd13a19e81ce82', 'to': '0xb92ab7c1edcb273aba24b0656ceb3681654805d2', 'value': '1020000000000000000000', 'tokenName': 'PancakeSwap Token', 'tokenSymbol': 'Cake', 'tokenDecimal': '18', 'transactionIndex': '88', 'gas': '166596', 'gasPrice': '5000000000', 'gasUsed': '160904', 'cumulativeGasUsed': '16679294', 'input': 'deprecated', 'confirmations': '2579'}
[18:43:28,368][INFO][10792][auction.py:370] ----------------- 0xb92ab7c1edcb273aba24b0656ceb3681654805d2 ---Cake
[18:43:28,369][INFO][10792][auction.py:374] ----------------- 0xfad3b5feac1aaf86b3f66d105f2fa9607164d86b ---Cake -- cake 1020.000000
[18:43:28,369][INFO][10792][auction.py:367] {'blockNumber': '10704298', 'timeStamp': '1631009371', 'hash': '0x9cff86beb07d9f4db1ea9e4dac3475ceab20574aaf4c303dba6e24cbafcf8d7c', 'nonce': '489', 'blockHash': '0x70c9905f3136844f467e3381edaec15bfd0663b90de3b91512a9c40a422d3142', 'from': '0x22d56946c6cc1d4ed09f02858ddb990fcc981c55', 'contractAddress': '0x0e09fabb73bd3ade0a17ecc321fd13a19e81ce82', 'to': '0xb92ab7c1edcb273aba24b0656ceb3681654805d2', 'value': '1000000000000000000000', 'tokenName': 'PancakeSwap Token', 'tokenSymbol': 'Cake', 'tokenDecimal': '18', 'transactionIndex': '137', 'gas': '181596', 'gasPrice': '5000000000', 'gasUsed': '175904', 'cumulativeGasUsed': '18845957', 'input': 'deprecated', 'confirmations': '1855'}
[18:43:28,369][INFO][10792][auction.py:370] ----------------- 0xb92ab7c1edcb273aba24b0656ceb3681654805d2 ---Cake
[18:43:28,369][INFO][10792][auction.py:374] ----------------- 0x22d56946c6cc1d4ed09f02858ddb990fcc981c55 ---Cake -- cake 1000.000000
[18:43:28,369][INFO][10792][auction.py:367] {'blockNumber': '10704454', 'timeStamp': '1631009839', 'hash': '0x78f8dd0ac3075bee01d9e4c3e4bb1ca3c54b9da8b54edbaeee570213289a8a63', 'nonce': '496', 'blockHash': '0x2406984443008fe2dc80c8552016b7ca40de9780aa2db8fb6901931f5d541a7e', 'from': '0x22d56946c6cc1d4ed09f02858ddb990fcc981c55', 'contractAddress': '0x0e09fabb73bd3ade0a17ecc321fd13a19e81ce82', 'to': '0xb92ab7c1edcb273aba24b0656ceb3681654805d2', 'value': '100000000000000000000', 'tokenName': 'PancakeSwap Token', 'tokenSymbol': 'Cake', 'tokenDecimal': '18', 'transactionIndex': '145', 'gas': '74495', 'gasPrice': '5000000000', 'gasUsed': '68803', 'cumulativeGasUsed': '16706719', 'input': 'deprecated', 'confirmations': '1699'}
[18:43:28,370][INFO][10792][auction.py:370] ----------------- 0xb92ab7c1edcb273aba24b0656ceb3681654805d2 ---Cake
[18:43:28,370][INFO][10792][auction.py:374] ----------------- 0x22d56946c6cc1d4ed09f02858ddb990fcc981c55 ---Cake -- cake 100.000000
[18:43:28,370][INFO][10792][auction.py:367] {'blockNumber': '10704970', 'timeStamp': '1631011423', 'hash': '0x245ddcac7b8f31a9464c7c78e1bb92199455500509896b72b4c12b4a219bfd07', 'nonce': '2859', 'blockHash': '0x4b86c8203e2cbad3bade32b24053318fed392d4d4de3e68f32df40c79a2cb5c5', 'from': '0x58092273a044d6e1d23b5095ae873f6e24e906ed', 'contractAddress': '0x0e09fabb73bd3ade0a17ecc321fd13a19e81ce82', 'to': '0xb92ab7c1edcb273aba24b0656ceb3681654805d2', 'value': '1500000000000000000000', 'tokenName': 'PancakeSwap Token', 'tokenSymbol': 'Cake', 'tokenDecimal': '18', 'transactionIndex': '271', 'gas': '166596', 'gasPrice': '5000000000', 'gasUsed': '160904', 'cumulativeGasUsed': '36662181', 'input': 'deprecated', 'confirmations': '1183'}
[18:43:28,370][INFO][10792][auction.py:370] ----------------- 0xb92ab7c1edcb273aba24b0656ceb3681654805d2 ---Cake
[18:43:28,370][INFO][10792][auction.py:374] ----------------- 0x58092273a044d6e1d23b5095ae873f6e24e906ed ---Cake -- cake 1500.000000
[18:43:28,370][INFO][10792][auction.py:367] {'blockNumber': '10705049', 'timeStamp': '1631011660', 'hash': '0x142d128802299275e6b10cb2171fed090b9b649875fbffe5dac0d05421bd0e72', 'nonce': '10', 'blockHash': '0x9ed3270f34bd67e32ff8530a52cb58b7b69f8301ed2cd4ef2ffdd78e816e6fae', 'from': '0x5ed6b80f0e8b1c7fdb783202d4a926bbed2d49ee', 'contractAddress': '0x0e09fabb73bd3ade0a17ecc321fd13a19e81ce82', 'to': '0xb92ab7c1edcb273aba24b0656ceb3681654805d2', 'value': '100000000000000000000', 'tokenName': 'PancakeSwap Token', 'tokenSymbol': 'Cake', 'tokenDecimal': '18', 'transactionIndex': '83', 'gas': '74495', 'gasPrice': '5000000000', 'gasUsed': '68803', 'cumulativeGasUsed': '9552749', 'input': 'deprecated', 'confirmations': '1104'}
[18:43:28,370][INFO][10792][auction.py:370] ----------------- 0xb92ab7c1edcb273aba24b0656ceb3681654805d2 ---Cake
[18:43:28,371][INFO][10792][auction.py:374] ----------------- 0x5ed6b80f0e8b1c7fdb783202d4a926bbed2d49ee ---Cake -- cake 100.000000
[18:43:28,371][INFO][10792][auction.py:367] {'blockNumber': '10705454', 'timeStamp': '1631012899', 'hash': '0x952703eed5aa61378d616c4f7b6c666190835d6a57902f1a64fcf02fca84794c', 'nonce': '1', 'blockHash': '0x2dc24ca2731be3736198e22ac78da303739ce5574660be9642c331e70562bdf5', 'from': '0xcbd932ac66f645a3764733aacd30ce50e522fac1', 'contractAddress': '0x0e09fabb73bd3ade0a17ecc321fd13a19e81ce82', 'to': '0xb92ab7c1edcb273aba24b0656ceb3681654805d2', 'value': '3000000000000000000000', 'tokenName': 'PancakeSwap Token', 'tokenSymbol': 'Cake', 'tokenDecimal': '18', 'transactionIndex': '190', 'gas': '181596', 'gasPrice': '5000000000', 'gasUsed': '175904', 'cumulativeGasUsed': '32889266', 'input': 'deprecated', 'confirmations': '699'}
[18:43:28,371][INFO][10792][auction.py:370] ----------------- 0xb92ab7c1edcb273aba24b0656ceb3681654805d2 ---Cake
[18:43:28,371][INFO][10792][auction.py:374] ----------------- 0xcbd932ac66f645a3764733aacd30ce50e522fac1 ---Cake -- cake 3000.000000
[18:43:28,371][INFO][10792][auction.py:367] {'blockNumber': '10705719', 'timeStamp': '1631013696', 'hash': '0xc075a75784c45ad0d07454da1d09060ae6b82b98dce47416153438ece8d5e5eb', 'nonce': '2862', 'blockHash': '0x4d486b1d9e530b905d358744054caf756c4a62adcdf2949d20a30edcdd14f55f', 'from': '0x58092273a044d6e1d23b5095ae873f6e24e906ed', 'contractAddress': '0x0e09fabb73bd3ade0a17ecc321fd13a19e81ce82', 'to': '0xb92ab7c1edcb273aba24b0656ceb3681654805d2', 'value': '1610000000000000000000', 'tokenName': 'PancakeSwap Token', 'tokenSymbol': 'Cake', 'tokenDecimal': '18', 'transactionIndex': '87', 'gas': '74495', 'gasPrice': '5000000000', 'gasUsed': '68803', 'cumulativeGasUsed': '11673808', 'input': 'deprecated', 'confirmations': '434'}
[18:43:28,371][INFO][10792][auction.py:370] ----------------- 0xb92ab7c1edcb273aba24b0656ceb3681654805d2 ---Cake
[18:43:28,371][INFO][10792][auction.py:374] ----------------- 0x58092273a044d6e1d23b5095ae873f6e24e906ed ---Cake -- cake 1610.000000
[18:43:28,372][INFO][10792][auction.py:367] {'blockNumber': '10705763', 'timeStamp': '1631013828', 'hash': '0xfe517c002d195aaf34d15888ef5f561435c69a822733895c2f7cfe516b0cbc34', 'nonce': '2', 'blockHash': '0x5f00d6638e2574f5e426fb3c20e0d97a78ab721e650c19bdb4e03b69f6811788', 'from': '0xcbd932ac66f645a3764733aacd30ce50e522fac1', 'contractAddress': '0x0e09fabb73bd3ade0a17ecc321fd13a19e81ce82', 'to': '0xb92ab7c1edcb273aba24b0656ceb3681654805d2', 'value': '1000000000000000000000', 'tokenName': 'PancakeSwap Token', 'tokenSymbol': 'Cake', 'tokenDecimal': '18', 'transactionIndex': '114', 'gas': '74495', 'gasPrice': '5000000000', 'gasUsed': '68803', 'cumulativeGasUsed': '14686672', 'input': 'deprecated', 'confirmations': '390'}
[18:43:28,372][INFO][10792][auction.py:370] ----------------- 0xb92ab7c1edcb273aba24b0656ceb3681654805d2 ---Cake
[18:43:28,372][INFO][10792][auction.py:374] ----------------- 0xcbd932ac66f645a3764733aacd30ce50e522fac1 ---Cake -- cake 1000.000000
[18:43:58,508][INFO][10792][auction.py:363] getting all txs from block 10706117
[18:44:01,560][INFO][10792][auction.py:367] {'blockNumber': '10703164', 'timeStamp': '1631005959', 'hash': '0x2c47a0b312a42aef6b2aab02ef728de69c6b4087d04e0f9cde0d2f06af672f74', 'nonce': '151', 'blockHash': '0x3e3fa383c0fa96831def86a43ecb8a9293bc2031a806a9081cf76052129aa9d9', 'from': '0xae126b90d2835c5a2d720b0687ec59f59b768183', 'contractAddress': '0x0e09fabb73bd3ade0a17ecc321fd13a19e81ce82', 'to': '0xb92ab7c1edcb273aba24b0656ceb3681654805d2', 'value': '1000000000000000000000', 'tokenName': 'PancakeSwap Token', 'tokenSymbol': 'Cake', 'tokenDecimal': '18', 'transactionIndex': '81', 'gas': '181596', 'gasPrice': '5000000000', 'gasUsed': '175904', 'cumulativeGasUsed': '9902509', 'input': 'deprecated', 'confirmations': '2997'}
[18:44:01,560][INFO][10792][auction.py:370] ----------------- 0xb92ab7c1edcb273aba24b0656ceb3681654805d2 ---Cake
[18:44:01,560][INFO][10792][auction.py:374] ----------------- 0xae126b90d2835c5a2d720b0687ec59f59b768183 ---Cake -- cake 1000.000000
[18:44:01,560][INFO][10792][auction.py:367] {'blockNumber': '10703538', 'timeStamp': '1631007086', 'hash': '0x04fb7e45c4b68346660313324ae7f5b3169c4afba2938a991fc8f9cbb360bbba', 'nonce': '9', 'blockHash': '0x95697e8986f214f779687815df79e4448a445b70b6e5da4e685f61a341e33bed', 'from': '0x5ed6b80f0e8b1c7fdb783202d4a926bbed2d49ee', 'contractAddress': '0x0e09fabb73bd3ade0a17ecc321fd13a19e81ce82', 'to': '0xb92ab7c1edcb273aba24b0656ceb3681654805d2', 'value': '1010000000000000000000', 'tokenName': 'PancakeSwap Token', 'tokenSymbol': 'Cake', 'tokenDecimal': '18', 'transactionIndex': '161', 'gas': '181596', 'gasPrice': '5000000000', 'gasUsed': '175904', 'cumulativeGasUsed': '23412019', 'input': 'deprecated', 'confirmations': '2623'}
[18:44:01,560][INFO][10792][auction.py:370] ----------------- 0xb92ab7c1edcb273aba24b0656ceb3681654805d2 ---Cake
[18:44:01,560][INFO][10792][auction.py:374] ----------------- 0x5ed6b80f0e8b1c7fdb783202d4a926bbed2d49ee ---Cake -- cake 1010.000000
[18:44:01,560][INFO][10792][auction.py:367] {'blockNumber': '10703574', 'timeStamp': '1631007194', 'hash': '0xde7fb6a7e7881132b09831318bfef574dd39724616e59e8f1065b025ba1cf4e8', 'nonce': '480', 'blockHash': '0xfc43f5d81c20d7d41680ab7c02e3c996d03677aa2ef51e7eca04c596025e865e', 'from': '0xfad3b5feac1aaf86b3f66d105f2fa9607164d86b', 'contractAddress': '0x0e09fabb73bd3ade0a17ecc321fd13a19e81ce82', 'to': '0xb92ab7c1edcb273aba24b0656ceb3681654805d2', 'value': '1020000000000000000000', 'tokenName': 'PancakeSwap Token', 'tokenSymbol': 'Cake', 'tokenDecimal': '18', 'transactionIndex': '88', 'gas': '166596', 'gasPrice': '5000000000', 'gasUsed': '160904', 'cumulativeGasUsed': '16679294', 'input': 'deprecated', 'confirmations': '2587'}
[18:44:01,560][INFO][10792][auction.py:370] ----------------- 0xb92ab7c1edcb273aba24b0656ceb3681654805d2 ---Cake
[18:44:01,560][INFO][10792][auction.py:374] ----------------- 0xfad3b5feac1aaf86b3f66d105f2fa9607164d86b ---Cake -- cake 1020.000000
[18:44:01,560][INFO][10792][auction.py:367] {'blockNumber': '10704298', 'timeStamp': '1631009371', 'hash': '0x9cff86beb07d9f4db1ea9e4dac3475ceab20574aaf4c303dba6e24cbafcf8d7c', 'nonce': '489', 'blockHash': '0x70c9905f3136844f467e3381edaec15bfd0663b90de3b91512a9c40a422d3142', 'from': '0x22d56946c6cc1d4ed09f02858ddb990fcc981c55', 'contractAddress': '0x0e09fabb73bd3ade0a17ecc321fd13a19e81ce82', 'to': '0xb92ab7c1edcb273aba24b0656ceb3681654805d2', 'value': '1000000000000000000000', 'tokenName': 'PancakeSwap Token', 'tokenSymbol': 'Cake', 'tokenDecimal': '18', 'transactionIndex': '137', 'gas': '181596', 'gasPrice': '5000000000', 'gasUsed': '175904', 'cumulativeGasUsed': '18845957', 'input': 'deprecated', 'confirmations': '1863'}
[18:44:01,560][INFO][10792][auction.py:370] ----------------- 0xb92ab7c1edcb273aba24b0656ceb3681654805d2 ---Cake
[18:44:01,561][INFO][10792][auction.py:374] ----------------- 0x22d56946c6cc1d4ed09f02858ddb990fcc981c55 ---Cake -- cake 1000.000000
[18:44:01,561][INFO][10792][auction.py:367] {'blockNumber': '10704454', 'timeStamp': '1631009839', 'hash': '0x78f8dd0ac3075bee01d9e4c3e4bb1ca3c54b9da8b54edbaeee570213289a8a63', 'nonce': '496', 'blockHash': '0x2406984443008fe2dc80c8552016b7ca40de9780aa2db8fb6901931f5d541a7e', 'from': '0x22d56946c6cc1d4ed09f02858ddb990fcc981c55', 'contractAddress': '0x0e09fabb73bd3ade0a17ecc321fd13a19e81ce82', 'to': '0xb92ab7c1edcb273aba24b0656ceb3681654805d2', 'value': '100000000000000000000', 'tokenName': 'PancakeSwap Token', 'tokenSymbol': 'Cake', 'tokenDecimal': '18', 'transactionIndex': '145', 'gas': '74495', 'gasPrice': '5000000000', 'gasUsed': '68803', 'cumulativeGasUsed': '16706719', 'input': 'deprecated', 'confirmations': '1707'}
[18:44:01,561][INFO][10792][auction.py:370] ----------------- 0xb92ab7c1edcb273aba24b0656ceb3681654805d2 ---Cake
[18:44:01,561][INFO][10792][auction.py:374] ----------------- 0x22d56946c6cc1d4ed09f02858ddb990fcc981c55 ---Cake -- cake 100.000000
[18:44:01,561][INFO][10792][auction.py:367] {'blockNumber': '10704970', 'timeStamp': '1631011423', 'hash': '0x245ddcac7b8f31a9464c7c78e1bb92199455500509896b72b4c12b4a219bfd07', 'nonce': '2859', 'blockHash': '0x4b86c8203e2cbad3bade32b24053318fed392d4d4de3e68f32df40c79a2cb5c5', 'from': '0x58092273a044d6e1d23b5095ae873f6e24e906ed', 'contractAddress': '0x0e09fabb73bd3ade0a17ecc321fd13a19e81ce82', 'to': '0xb92ab7c1edcb273aba24b0656ceb3681654805d2', 'value': '1500000000000000000000', 'tokenName': 'PancakeSwap Token', 'tokenSymbol': 'Cake', 'tokenDecimal': '18', 'transactionIndex': '271', 'gas': '166596', 'gasPrice': '5000000000', 'gasUsed': '160904', 'cumulativeGasUsed': '36662181', 'input': 'deprecated', 'confirmations': '1191'}
[18:44:01,561][INFO][10792][auction.py:370] ----------------- 0xb92ab7c1edcb273aba24b0656ceb3681654805d2 ---Cake
[18:44:01,561][INFO][10792][auction.py:374] ----------------- 0x58092273a044d6e1d23b5095ae873f6e24e906ed ---Cake -- cake 1500.000000
[18:44:01,561][INFO][10792][auction.py:367] {'blockNumber': '10705049', 'timeStamp': '1631011660', 'hash': '0x142d128802299275e6b10cb2171fed090b9b649875fbffe5dac0d05421bd0e72', 'nonce': '10', 'blockHash': '0x9ed3270f34bd67e32ff8530a52cb58b7b69f8301ed2cd4ef2ffdd78e816e6fae', 'from': '0x5ed6b80f0e8b1c7fdb783202d4a926bbed2d49ee', 'contractAddress': '0x0e09fabb73bd3ade0a17ecc321fd13a19e81ce82', 'to': '0xb92ab7c1edcb273aba24b0656ceb3681654805d2', 'value': '100000000000000000000', 'tokenName': 'PancakeSwap Token', 'tokenSymbol': 'Cake', 'tokenDecimal': '18', 'transactionIndex': '83', 'gas': '74495', 'gasPrice': '5000000000', 'gasUsed': '68803', 'cumulativeGasUsed': '9552749', 'input': 'deprecated', 'confirmations': '1112'}
[18:44:01,561][INFO][10792][auction.py:370] ----------------- 0xb92ab7c1edcb273aba24b0656ceb3681654805d2 ---Cake
[18:44:01,561][INFO][10792][auction.py:374] ----------------- 0x5ed6b80f0e8b1c7fdb783202d4a926bbed2d49ee ---Cake -- cake 100.000000
[18:44:01,561][INFO][10792][auction.py:367] {'blockNumber': '10705454', 'timeStamp': '1631012899', 'hash': '0x952703eed5aa61378d616c4f7b6c666190835d6a57902f1a64fcf02fca84794c', 'nonce': '1', 'blockHash': '0x2dc24ca2731be3736198e22ac78da303739ce5574660be9642c331e70562bdf5', 'from': '0xcbd932ac66f645a3764733aacd30ce50e522fac1', 'contractAddress': '0x0e09fabb73bd3ade0a17ecc321fd13a19e81ce82', 'to': '0xb92ab7c1edcb273aba24b0656ceb3681654805d2', 'value': '3000000000000000000000', 'tokenName': 'PancakeSwap Token', 'tokenSymbol': 'Cake', 'tokenDecimal': '18', 'transactionIndex': '190', 'gas': '181596', 'gasPrice': '5000000000', 'gasUsed': '175904', 'cumulativeGasUsed': '32889266', 'input': 'deprecated', 'confirmations': '707'}
[18:44:01,561][INFO][10792][auction.py:370] ----------------- 0xb92ab7c1edcb273aba24b0656ceb3681654805d2 ---Cake
[18:44:01,561][INFO][10792][auction.py:374] ----------------- 0xcbd932ac66f645a3764733aacd30ce50e522fac1 ---Cake -- cake 3000.000000
[18:44:01,561][INFO][10792][auction.py:367] {'blockNumber': '10705719', 'timeStamp': '1631013696', 'hash': '0xc075a75784c45ad0d07454da1d09060ae6b82b98dce47416153438ece8d5e5eb', 'nonce': '2862', 'blockHash': '0x4d486b1d9e530b905d358744054caf756c4a62adcdf2949d20a30edcdd14f55f', 'from': '0x58092273a044d6e1d23b5095ae873f6e24e906ed', 'contractAddress': '0x0e09fabb73bd3ade0a17ecc321fd13a19e81ce82', 'to': '0xb92ab7c1edcb273aba24b0656ceb3681654805d2', 'value': '1610000000000000000000', 'tokenName': 'PancakeSwap Token', 'tokenSymbol': 'Cake', 'tokenDecimal': '18', 'transactionIndex': '87', 'gas': '74495', 'gasPrice': '5000000000', 'gasUsed': '68803', 'cumulativeGasUsed': '11673808', 'input': 'deprecated', 'confirmations': '442'}
[18:44:01,561][INFO][10792][auction.py:370] ----------------- 0xb92ab7c1edcb273aba24b0656ceb3681654805d2 ---Cake
[18:44:01,561][INFO][10792][auction.py:374] ----------------- 0x58092273a044d6e1d23b5095ae873f6e24e906ed ---Cake -- cake 1610.000000
[18:44:01,561][INFO][10792][auction.py:367] {'blockNumber': '10705763', 'timeStamp': '1631013828', 'hash': '0xfe517c002d195aaf34d15888ef5f561435c69a822733895c2f7cfe516b0cbc34', 'nonce': '2', 'blockHash': '0x5f00d6638e2574f5e426fb3c20e0d97a78ab721e650c19bdb4e03b69f6811788', 'from': '0xcbd932ac66f645a3764733aacd30ce50e522fac1', 'contractAddress': '0x0e09fabb73bd3ade0a17ecc321fd13a19e81ce82', 'to': '0xb92ab7c1edcb273aba24b0656ceb3681654805d2', 'value': '1000000000000000000000', 'tokenName': 'PancakeSwap Token', 'tokenSymbol': 'Cake', 'tokenDecimal': '18', 'transactionIndex': '114', 'gas': '74495', 'gasPrice': '5000000000', 'gasUsed': '68803', 'cumulativeGasUsed': '14686672', 'input': 'deprecated', 'confirmations': '398'}
[18:44:01,561][INFO][10792][auction.py:370] ----------------- 0xb92ab7c1edcb273aba24b0656ceb3681654805d2 ---Cake
[18:44:01,561][INFO][10792][auction.py:374] ----------------- 0xcbd932ac66f645a3764733aacd30ce50e522fac1 ---Cake -- cake 1000.000000
[18:44:31,738][INFO][10792][auction.py:363] getting all txs from block 10706117
[18:44:38,931][INFO][10792][auction.py:367] {'blockNumber': '10703164', 'timeStamp': '1631005959', 'hash': '0x2c47a0b312a42aef6b2aab02ef728de69c6b4087d04e0f9cde0d2f06af672f74', 'nonce': '151', 'blockHash': '0x3e3fa383c0fa96831def86a43ecb8a9293bc2031a806a9081cf76052129aa9d9', 'from': '0xae126b90d2835c5a2d720b0687ec59f59b768183', 'contractAddress': '0x0e09fabb73bd3ade0a17ecc321fd13a19e81ce82', 'to': '0xb92ab7c1edcb273aba24b0656ceb3681654805d2', 'value': '1000000000000000000000', 'tokenName': 'PancakeSwap Token', 'tokenSymbol': 'Cake', 'tokenDecimal': '18', 'transactionIndex': '81', 'gas': '181596', 'gasPrice': '5000000000', 'gasUsed': '175904', 'cumulativeGasUsed': '9902509', 'input': 'deprecated', 'confirmations': '3013'}
[18:44:38,931][INFO][10792][auction.py:370] ----------------- 0xb92ab7c1edcb273aba24b0656ceb3681654805d2 ---Cake
[18:44:38,931][INFO][10792][auction.py:374] ----------------- 0xae126b90d2835c5a2d720b0687ec59f59b768183 ---Cake -- cake 1000.000000
[18:44:38,931][INFO][10792][auction.py:367] {'blockNumber': '10703538', 'timeStamp': '1631007086', 'hash': '0x04fb7e45c4b68346660313324ae7f5b3169c4afba2938a991fc8f9cbb360bbba', 'nonce': '9', 'blockHash': '0x95697e8986f214f779687815df79e4448a445b70b6e5da4e685f61a341e33bed', 'from': '0x5ed6b80f0e8b1c7fdb783202d4a926bbed2d49ee', 'contractAddress': '0x0e09fabb73bd3ade0a17ecc321fd13a19e81ce82', 'to': '0xb92ab7c1edcb273aba24b0656ceb3681654805d2', 'value': '1010000000000000000000', 'tokenName': 'PancakeSwap Token', 'tokenSymbol': 'Cake', 'tokenDecimal': '18', 'transactionIndex': '161', 'gas': '181596', 'gasPrice': '5000000000', 'gasUsed': '175904', 'cumulativeGasUsed': '23412019', 'input': 'deprecated', 'confirmations': '2639'}
[18:44:38,931][INFO][10792][auction.py:370] ----------------- 0xb92ab7c1edcb273aba24b0656ceb3681654805d2 ---Cake
[18:44:38,931][INFO][10792][auction.py:374] ----------------- 0x5ed6b80f0e8b1c7fdb783202d4a926bbed2d49ee ---Cake -- cake 1010.000000
[18:44:38,931][INFO][10792][auction.py:367] {'blockNumber': '10703574', 'timeStamp': '1631007194', 'hash': '0xde7fb6a7e7881132b09831318bfef574dd39724616e59e8f1065b025ba1cf4e8', 'nonce': '480', 'blockHash': '0xfc43f5d81c20d7d41680ab7c02e3c996d03677aa2ef51e7eca04c596025e865e', 'from': '0xfad3b5feac1aaf86b3f66d105f2fa9607164d86b', 'contractAddress': '0x0e09fabb73bd3ade0a17ecc321fd13a19e81ce82', 'to': '0xb92ab7c1edcb273aba24b0656ceb3681654805d2', 'value': '1020000000000000000000', 'tokenName': 'PancakeSwap Token', 'tokenSymbol': 'Cake', 'tokenDecimal': '18', 'transactionIndex': '88', 'gas': '166596', 'gasPrice': '5000000000', 'gasUsed': '160904', 'cumulativeGasUsed': '16679294', 'input': 'deprecated', 'confirmations': '2603'}
[18:44:38,931][INFO][10792][auction.py:370] ----------------- 0xb92ab7c1edcb273aba24b0656ceb3681654805d2 ---Cake
[18:44:38,931][INFO][10792][auction.py:374] ----------------- 0xfad3b5feac1aaf86b3f66d105f2fa9607164d86b ---Cake -- cake 1020.000000
[18:44:38,931][INFO][10792][auction.py:367] {'blockNumber': '10704298', 'timeStamp': '1631009371', 'hash': '0x9cff86beb07d9f4db1ea9e4dac3475ceab20574aaf4c303dba6e24cbafcf8d7c', 'nonce': '489', 'blockHash': '0x70c9905f3136844f467e3381edaec15bfd0663b90de3b91512a9c40a422d3142', 'from': '0x22d56946c6cc1d4ed09f02858ddb990fcc981c55', 'contractAddress': '0x0e09fabb73bd3ade0a17ecc321fd13a19e81ce82', 'to': '0xb92ab7c1edcb273aba24b0656ceb3681654805d2', 'value': '1000000000000000000000', 'tokenName': 'PancakeSwap Token', 'tokenSymbol': 'Cake', 'tokenDecimal': '18', 'transactionIndex': '137', 'gas': '181596', 'gasPrice': '5000000000', 'gasUsed': '175904', 'cumulativeGasUsed': '18845957', 'input': 'deprecated', 'confirmations': '1879'}
[18:44:38,931][INFO][10792][auction.py:370] ----------------- 0xb92ab7c1edcb273aba24b0656ceb3681654805d2 ---Cake
[18:44:38,931][INFO][10792][auction.py:374] ----------------- 0x22d56946c6cc1d4ed09f02858ddb990fcc981c55 ---Cake -- cake 1000.000000
[18:44:38,931][INFO][10792][auction.py:367] {'blockNumber': '10704454', 'timeStamp': '1631009839', 'hash': '0x78f8dd0ac3075bee01d9e4c3e4bb1ca3c54b9da8b54edbaeee570213289a8a63', 'nonce': '496', 'blockHash': '0x2406984443008fe2dc80c8552016b7ca40de9780aa2db8fb6901931f5d541a7e', 'from': '0x22d56946c6cc1d4ed09f02858ddb990fcc981c55', 'contractAddress': '0x0e09fabb73bd3ade0a17ecc321fd13a19e81ce82', 'to': '0xb92ab7c1edcb273aba24b0656ceb3681654805d2', 'value': '100000000000000000000', 'tokenName': 'PancakeSwap Token', 'tokenSymbol': 'Cake', 'tokenDecimal': '18', 'transactionIndex': '145', 'gas': '74495', 'gasPrice': '5000000000', 'gasUsed': '68803', 'cumulativeGasUsed': '16706719', 'input': 'deprecated', 'confirmations': '1723'}
[18:44:38,931][INFO][10792][auction.py:370] ----------------- 0xb92ab7c1edcb273aba24b0656ceb3681654805d2 ---Cake
[18:44:38,931][INFO][10792][auction.py:374] ----------------- 0x22d56946c6cc1d4ed09f02858ddb990fcc981c55 ---Cake -- cake 100.000000
[18:44:38,932][INFO][10792][auction.py:367] {'blockNumber': '10704970', 'timeStamp': '1631011423', 'hash': '0x245ddcac7b8f31a9464c7c78e1bb92199455500509896b72b4c12b4a219bfd07', 'nonce': '2859', 'blockHash': '0x4b86c8203e2cbad3bade32b24053318fed392d4d4de3e68f32df40c79a2cb5c5', 'from': '0x58092273a044d6e1d23b5095ae873f6e24e906ed', 'contractAddress': '0x0e09fabb73bd3ade0a17ecc321fd13a19e81ce82', 'to': '0xb92ab7c1edcb273aba24b0656ceb3681654805d2', 'value': '1500000000000000000000', 'tokenName': 'PancakeSwap Token', 'tokenSymbol': 'Cake', 'tokenDecimal': '18', 'transactionIndex': '271', 'gas': '166596', 'gasPrice': '5000000000', 'gasUsed': '160904', 'cumulativeGasUsed': '36662181', 'input': 'deprecated', 'confirmations': '1207'}
[18:44:38,932][INFO][10792][auction.py:370] ----------------- 0xb92ab7c1edcb273aba24b0656ceb3681654805d2 ---Cake
[18:44:38,932][INFO][10792][auction.py:374] ----------------- 0x58092273a044d6e1d23b5095ae873f6e24e906ed ---Cake -- cake 1500.000000
[18:44:38,932][INFO][10792][auction.py:367] {'blockNumber': '10705049', 'timeStamp': '1631011660', 'hash': '0x142d128802299275e6b10cb2171fed090b9b649875fbffe5dac0d05421bd0e72', 'nonce': '10', 'blockHash': '0x9ed3270f34bd67e32ff8530a52cb58b7b69f8301ed2cd4ef2ffdd78e816e6fae', 'from': '0x5ed6b80f0e8b1c7fdb783202d4a926bbed2d49ee', 'contractAddress': '0x0e09fabb73bd3ade0a17ecc321fd13a19e81ce82', 'to': '0xb92ab7c1edcb273aba24b0656ceb3681654805d2', 'value': '100000000000000000000', 'tokenName': 'PancakeSwap Token', 'tokenSymbol': 'Cake', 'tokenDecimal': '18', 'transactionIndex': '83', 'gas': '74495', 'gasPrice': '5000000000', 'gasUsed': '68803', 'cumulativeGasUsed': '9552749', 'input': 'deprecated', 'confirmations': '1128'}
[18:44:38,932][INFO][10792][auction.py:370] ----------------- 0xb92ab7c1edcb273aba24b0656ceb3681654805d2 ---Cake
[18:44:38,932][INFO][10792][auction.py:374] ----------------- 0x5ed6b80f0e8b1c7fdb783202d4a926bbed2d49ee ---Cake -- cake 100.000000
[18:44:38,932][INFO][10792][auction.py:367] {'blockNumber': '10705454', 'timeStamp': '1631012899', 'hash': '0x952703eed5aa61378d616c4f7b6c666190835d6a57902f1a64fcf02fca84794c', 'nonce': '1', 'blockHash': '0x2dc24ca2731be3736198e22ac78da303739ce5574660be9642c331e70562bdf5', 'from': '0xcbd932ac66f645a3764733aacd30ce50e522fac1', 'contractAddress': '0x0e09fabb73bd3ade0a17ecc321fd13a19e81ce82', 'to': '0xb92ab7c1edcb273aba24b0656ceb3681654805d2', 'value': '3000000000000000000000', 'tokenName': 'PancakeSwap Token', 'tokenSymbol': 'Cake', 'tokenDecimal': '18', 'transactionIndex': '190', 'gas': '181596', 'gasPrice': '5000000000', 'gasUsed': '175904', 'cumulativeGasUsed': '32889266', 'input': 'deprecated', 'confirmations': '723'}
[18:44:38,932][INFO][10792][auction.py:370] ----------------- 0xb92ab7c1edcb273aba24b0656ceb3681654805d2 ---Cake
[18:44:38,932][INFO][10792][auction.py:374] ----------------- 0xcbd932ac66f645a3764733aacd30ce50e522fac1 ---Cake -- cake 3000.000000
[18:44:38,932][INFO][10792][auction.py:367] {'blockNumber': '10705719', 'timeStamp': '1631013696', 'hash': '0xc075a75784c45ad0d07454da1d09060ae6b82b98dce47416153438ece8d5e5eb', 'nonce': '2862', 'blockHash': '0x4d486b1d9e530b905d358744054caf756c4a62adcdf2949d20a30edcdd14f55f', 'from': '0x58092273a044d6e1d23b5095ae873f6e24e906ed', 'contractAddress': '0x0e09fabb73bd3ade0a17ecc321fd13a19e81ce82', 'to': '0xb92ab7c1edcb273aba24b0656ceb3681654805d2', 'value': '1610000000000000000000', 'tokenName': 'PancakeSwap Token', 'tokenSymbol': 'Cake', 'tokenDecimal': '18', 'transactionIndex': '87', 'gas': '74495', 'gasPrice': '5000000000', 'gasUsed': '68803', 'cumulativeGasUsed': '11673808', 'input': 'deprecated', 'confirmations': '458'}
[18:44:38,932][INFO][10792][auction.py:370] ----------------- 0xb92ab7c1edcb273aba24b0656ceb3681654805d2 ---Cake
[18:44:38,932][INFO][10792][auction.py:374] ----------------- 0x58092273a044d6e1d23b5095ae873f6e24e906ed ---Cake -- cake 1610.000000
[18:44:38,932][INFO][10792][auction.py:367] {'blockNumber': '10705763', 'timeStamp': '1631013828', 'hash': '0xfe517c002d195aaf34d15888ef5f561435c69a822733895c2f7cfe516b0cbc34', 'nonce': '2', 'blockHash': '0x5f00d6638e2574f5e426fb3c20e0d97a78ab721e650c19bdb4e03b69f6811788', 'from': '0xcbd932ac66f645a3764733aacd30ce50e522fac1', 'contractAddress': '0x0e09fabb73bd3ade0a17ecc321fd13a19e81ce82', 'to': '0xb92ab7c1edcb273aba24b0656ceb3681654805d2', 'value': '1000000000000000000000', 'tokenName': 'PancakeSwap Token', 'tokenSymbol': 'Cake', 'tokenDecimal': '18', 'transactionIndex': '114', 'gas': '74495', 'gasPrice': '5000000000', 'gasUsed': '68803', 'cumulativeGasUsed': '14686672', 'input': 'deprecated', 'confirmations': '414'}
[18:44:38,932][INFO][10792][auction.py:370] ----------------- 0xb92ab7c1edcb273aba24b0656ceb3681654805d2 ---Cake
[18:44:38,932][INFO][10792][auction.py:374] ----------------- 0xcbd932ac66f645a3764733aacd30ce50e522fac1 ---Cake -- cake 1000.000000
[18:45:09,066][INFO][10792][auction.py:363] getting all txs from block 10706117
[18:45:14,352][INFO][10792][auction.py:367] {'blockNumber': '10703164', 'timeStamp': '1631005959', 'hash': '0x2c47a0b312a42aef6b2aab02ef728de69c6b4087d04e0f9cde0d2f06af672f74', 'nonce': '151', 'blockHash': '0x3e3fa383c0fa96831def86a43ecb8a9293bc2031a806a9081cf76052129aa9d9', 'from': '0xae126b90d2835c5a2d720b0687ec59f59b768183', 'contractAddress': '0x0e09fabb73bd3ade0a17ecc321fd13a19e81ce82', 'to': '0xb92ab7c1edcb273aba24b0656ceb3681654805d2', 'value': '1000000000000000000000', 'tokenName': 'PancakeSwap Token', 'tokenSymbol': 'Cake', 'tokenDecimal': '18', 'transactionIndex': '81', 'gas': '181596', 'gasPrice': '5000000000', 'gasUsed': '175904', 'cumulativeGasUsed': '9902509', 'input': 'deprecated', 'confirmations': '3024'}
[18:45:14,352][INFO][10792][auction.py:370] ----------------- 0xb92ab7c1edcb273aba24b0656ceb3681654805d2 ---Cake
[18:45:14,352][INFO][10792][auction.py:374] ----------------- 0xae126b90d2835c5a2d720b0687ec59f59b768183 ---Cake -- cake 1000.000000
[18:45:14,352][INFO][10792][auction.py:367] {'blockNumber': '10703538', 'timeStamp': '1631007086', 'hash': '0x04fb7e45c4b68346660313324ae7f5b3169c4afba2938a991fc8f9cbb360bbba', 'nonce': '9', 'blockHash': '0x95697e8986f214f779687815df79e4448a445b70b6e5da4e685f61a341e33bed', 'from': '0x5ed6b80f0e8b1c7fdb783202d4a926bbed2d49ee', 'contractAddress': '0x0e09fabb73bd3ade0a17ecc321fd13a19e81ce82', 'to': '0xb92ab7c1edcb273aba24b0656ceb3681654805d2', 'value': '1010000000000000000000', 'tokenName': 'PancakeSwap Token', 'tokenSymbol': 'Cake', 'tokenDecimal': '18', 'transactionIndex': '161', 'gas': '181596', 'gasPrice': '5000000000', 'gasUsed': '175904', 'cumulativeGasUsed': '23412019', 'input': 'deprecated', 'confirmations': '2650'}
[18:45:14,352][INFO][10792][auction.py:370] ----------------- 0xb92ab7c1edcb273aba24b0656ceb3681654805d2 ---Cake
[18:45:14,352][INFO][10792][auction.py:374] ----------------- 0x5ed6b80f0e8b1c7fdb783202d4a926bbed2d49ee ---Cake -- cake 1010.000000
[18:45:14,352][INFO][10792][auction.py:367] {'blockNumber': '10703574', 'timeStamp': '1631007194', 'hash': '0xde7fb6a7e7881132b09831318bfef574dd39724616e59e8f1065b025ba1cf4e8', 'nonce': '480', 'blockHash': '0xfc43f5d81c20d7d41680ab7c02e3c996d03677aa2ef51e7eca04c596025e865e', 'from': '0xfad3b5feac1aaf86b3f66d105f2fa9607164d86b', 'contractAddress': '0x0e09fabb73bd3ade0a17ecc321fd13a19e81ce82', 'to': '0xb92ab7c1edcb273aba24b0656ceb3681654805d2', 'value': '1020000000000000000000', 'tokenName': 'PancakeSwap Token', 'tokenSymbol': 'Cake', 'tokenDecimal': '18', 'transactionIndex': '88', 'gas': '166596', 'gasPrice': '5000000000', 'gasUsed': '160904', 'cumulativeGasUsed': '16679294', 'input': 'deprecated', 'confirmations': '2614'}
[18:45:14,352][INFO][10792][auction.py:370] ----------------- 0xb92ab7c1edcb273aba24b0656ceb3681654805d2 ---Cake
[18:45:14,352][INFO][10792][auction.py:374] ----------------- 0xfad3b5feac1aaf86b3f66d105f2fa9607164d86b ---Cake -- cake 1020.000000
[18:45:14,352][INFO][10792][auction.py:367] {'blockNumber': '10704298', 'timeStamp': '1631009371', 'hash': '0x9cff86beb07d9f4db1ea9e4dac3475ceab20574aaf4c303dba6e24cbafcf8d7c', 'nonce': '489', 'blockHash': '0x70c9905f3136844f467e3381edaec15bfd0663b90de3b91512a9c40a422d3142', 'from': '0x22d56946c6cc1d4ed09f02858ddb990fcc981c55', 'contractAddress': '0x0e09fabb73bd3ade0a17ecc321fd13a19e81ce82', 'to': '0xb92ab7c1edcb273aba24b0656ceb3681654805d2', 'value': '1000000000000000000000', 'tokenName': 'PancakeSwap Token', 'tokenSymbol': 'Cake', 'tokenDecimal': '18', 'transactionIndex': '137', 'gas': '181596', 'gasPrice': '5000000000', 'gasUsed': '175904', 'cumulativeGasUsed': '18845957', 'input': 'deprecated', 'confirmations': '1890'}
[18:45:14,352][INFO][10792][auction.py:370] ----------------- 0xb92ab7c1edcb273aba24b0656ceb3681654805d2 ---Cake
[18:45:14,352][INFO][10792][auction.py:374] ----------------- 0x22d56946c6cc1d4ed09f02858ddb990fcc981c55 ---Cake -- cake 1000.000000
[18:45:14,352][INFO][10792][auction.py:367] {'blockNumber': '10704454', 'timeStamp': '1631009839', 'hash': '0x78f8dd0ac3075bee01d9e4c3e4bb1ca3c54b9da8b54edbaeee570213289a8a63', 'nonce': '496', 'blockHash': '0x2406984443008fe2dc80c8552016b7ca40de9780aa2db8fb6901931f5d541a7e', 'from': '0x22d56946c6cc1d4ed09f02858ddb990fcc981c55', 'contractAddress': '0x0e09fabb73bd3ade0a17ecc321fd13a19e81ce82', 'to': '0xb92ab7c1edcb273aba24b0656ceb3681654805d2', 'value': '100000000000000000000', 'tokenName': 'PancakeSwap Token', 'tokenSymbol': 'Cake', 'tokenDecimal': '18', 'transactionIndex': '145', 'gas': '74495', 'gasPrice': '5000000000', 'gasUsed': '68803', 'cumulativeGasUsed': '16706719', 'input': 'deprecated', 'confirmations': '1734'}
[18:45:14,352][INFO][10792][auction.py:370] ----------------- 0xb92ab7c1edcb273aba24b0656ceb3681654805d2 ---Cake
[18:45:14,352][INFO][10792][auction.py:374] ----------------- 0x22d56946c6cc1d4ed09f02858ddb990fcc981c55 ---Cake -- cake 100.000000
[18:45:14,352][INFO][10792][auction.py:367] {'blockNumber': '10704970', 'timeStamp': '1631011423', 'hash': '0x245ddcac7b8f31a9464c7c78e1bb92199455500509896b72b4c12b4a219bfd07', 'nonce': '2859', 'blockHash': '0x4b86c8203e2cbad3bade32b24053318fed392d4d4de3e68f32df40c79a2cb5c5', 'from': '0x58092273a044d6e1d23b5095ae873f6e24e906ed', 'contractAddress': '0x0e09fabb73bd3ade0a17ecc321fd13a19e81ce82', 'to': '0xb92ab7c1edcb273aba24b0656ceb3681654805d2', 'value': '1500000000000000000000', 'tokenName': 'PancakeSwap Token', 'tokenSymbol': 'Cake', 'tokenDecimal': '18', 'transactionIndex': '271', 'gas': '166596', 'gasPrice': '5000000000', 'gasUsed': '160904', 'cumulativeGasUsed': '36662181', 'input': 'deprecated', 'confirmations': '1218'}
[18:45:14,353][INFO][10792][auction.py:370] ----------------- 0xb92ab7c1edcb273aba24b0656ceb3681654805d2 ---Cake
[18:45:14,353][INFO][10792][auction.py:374] ----------------- 0x58092273a044d6e1d23b5095ae873f6e24e906ed ---Cake -- cake 1500.000000
[18:45:14,353][INFO][10792][auction.py:367] {'blockNumber': '10705049', 'timeStamp': '1631011660', 'hash': '0x142d128802299275e6b10cb2171fed090b9b649875fbffe5dac0d05421bd0e72', 'nonce': '10', 'blockHash': '0x9ed3270f34bd67e32ff8530a52cb58b7b69f8301ed2cd4ef2ffdd78e816e6fae', 'from': '0x5ed6b80f0e8b1c7fdb783202d4a926bbed2d49ee', 'contractAddress': '0x0e09fabb73bd3ade0a17ecc321fd13a19e81ce82', 'to': '0xb92ab7c1edcb273aba24b0656ceb3681654805d2', 'value': '100000000000000000000', 'tokenName': 'PancakeSwap Token', 'tokenSymbol': 'Cake', 'tokenDecimal': '18', 'transactionIndex': '83', 'gas': '74495', 'gasPrice': '5000000000', 'gasUsed': '68803', 'cumulativeGasUsed': '9552749', 'input': 'deprecated', 'confirmations': '1139'}
[18:45:14,353][INFO][10792][auction.py:370] ----------------- 0xb92ab7c1edcb273aba24b0656ceb3681654805d2 ---Cake
[18:45:14,353][INFO][10792][auction.py:374] ----------------- 0x5ed6b80f0e8b1c7fdb783202d4a926bbed2d49ee ---Cake -- cake 100.000000
[18:45:14,353][INFO][10792][auction.py:367] {'blockNumber': '10705454', 'timeStamp': '1631012899', 'hash': '0x952703eed5aa61378d616c4f7b6c666190835d6a57902f1a64fcf02fca84794c', 'nonce': '1', 'blockHash': '0x2dc24ca2731be3736198e22ac78da303739ce5574660be9642c331e70562bdf5', 'from': '0xcbd932ac66f645a3764733aacd30ce50e522fac1', 'contractAddress': '0x0e09fabb73bd3ade0a17ecc321fd13a19e81ce82', 'to': '0xb92ab7c1edcb273aba24b0656ceb3681654805d2', 'value': '3000000000000000000000', 'tokenName': 'PancakeSwap Token', 'tokenSymbol': 'Cake', 'tokenDecimal': '18', 'transactionIndex': '190', 'gas': '181596', 'gasPrice': '5000000000', 'gasUsed': '175904', 'cumulativeGasUsed': '32889266', 'input': 'deprecated', 'confirmations': '734'}
[18:45:14,353][INFO][10792][auction.py:370] ----------------- 0xb92ab7c1edcb273aba24b0656ceb3681654805d2 ---Cake
[18:45:14,353][INFO][10792][auction.py:374] ----------------- 0xcbd932ac66f645a3764733aacd30ce50e522fac1 ---Cake -- cake 3000.000000
[18:45:14,353][INFO][10792][auction.py:367] {'blockNumber': '10705719', 'timeStamp': '1631013696', 'hash': '0xc075a75784c45ad0d07454da1d09060ae6b82b98dce47416153438ece8d5e5eb', 'nonce': '2862', 'blockHash': '0x4d486b1d9e530b905d358744054caf756c4a62adcdf2949d20a30edcdd14f55f', 'from': '0x58092273a044d6e1d23b5095ae873f6e24e906ed', 'contractAddress': '0x0e09fabb73bd3ade0a17ecc321fd13a19e81ce82', 'to': '0xb92ab7c1edcb273aba24b0656ceb3681654805d2', 'value': '1610000000000000000000', 'tokenName': 'PancakeSwap Token', 'tokenSymbol': 'Cake', 'tokenDecimal': '18', 'transactionIndex': '87', 'gas': '74495', 'gasPrice': '5000000000', 'gasUsed': '68803', 'cumulativeGasUsed': '11673808', 'input': 'deprecated', 'confirmations': '469'}
[18:45:14,353][INFO][10792][auction.py:370] ----------------- 0xb92ab7c1edcb273aba24b0656ceb3681654805d2 ---Cake
[18:45:14,353][INFO][10792][auction.py:374] ----------------- 0x58092273a044d6e1d23b5095ae873f6e24e906ed ---Cake -- cake 1610.000000
[18:45:14,353][INFO][10792][auction.py:367] {'blockNumber': '10705763', 'timeStamp': '1631013828', 'hash': '0xfe517c002d195aaf34d15888ef5f561435c69a822733895c2f7cfe516b0cbc34', 'nonce': '2', 'blockHash': '0x5f00d6638e2574f5e426fb3c20e0d97a78ab721e650c19bdb4e03b69f6811788', 'from': '0xcbd932ac66f645a3764733aacd30ce50e522fac1', 'contractAddress': '0x0e09fabb73bd3ade0a17ecc321fd13a19e81ce82', 'to': '0xb92ab7c1edcb273aba24b0656ceb3681654805d2', 'value': '1000000000000000000000', 'tokenName': 'PancakeSwap Token', 'tokenSymbol': 'Cake', 'tokenDecimal': '18', 'transactionIndex': '114', 'gas': '74495', 'gasPrice': '5000000000', 'gasUsed': '68803', 'cumulativeGasUsed': '14686672', 'input': 'deprecated', 'confirmations': '425'}
[18:45:14,353][INFO][10792][auction.py:370] ----------------- 0xb92ab7c1edcb273aba24b0656ceb3681654805d2 ---Cake
[18:45:14,353][INFO][10792][auction.py:374] ----------------- 0xcbd932ac66f645a3764733aacd30ce50e522fac1 ---Cake -- cake 1000.000000
[18:45:44,502][INFO][10792][auction.py:363] getting all txs from block 10706117
[18:45:50,033][INFO][10792][auction.py:367] {'blockNumber': '10703164', 'timeStamp': '1631005959', 'hash': '0x2c47a0b312a42aef6b2aab02ef728de69c6b4087d04e0f9cde0d2f06af672f74', 'nonce': '151', 'blockHash': '0x3e3fa383c0fa96831def86a43ecb8a9293bc2031a806a9081cf76052129aa9d9', 'from': '0xae126b90d2835c5a2d720b0687ec59f59b768183', 'contractAddress': '0x0e09fabb73bd3ade0a17ecc321fd13a19e81ce82', 'to': '0xb92ab7c1edcb273aba24b0656ceb3681654805d2', 'value': '1000000000000000000000', 'tokenName': 'PancakeSwap Token', 'tokenSymbol': 'Cake', 'tokenDecimal': '18', 'transactionIndex': '81', 'gas': '181596', 'gasPrice': '5000000000', 'gasUsed': '175904', 'cumulativeGasUsed': '9902509', 'input': 'deprecated', 'confirmations': '3037'}
[18:45:50,033][INFO][10792][auction.py:370] ----------------- 0xb92ab7c1edcb273aba24b0656ceb3681654805d2 ---Cake
[18:45:50,033][INFO][10792][auction.py:374] ----------------- 0xae126b90d2835c5a2d720b0687ec59f59b768183 ---Cake -- cake 1000.000000
[18:45:50,034][INFO][10792][auction.py:367] {'blockNumber': '10703538', 'timeStamp': '1631007086', 'hash': '0x04fb7e45c4b68346660313324ae7f5b3169c4afba2938a991fc8f9cbb360bbba', 'nonce': '9', 'blockHash': '0x95697e8986f214f779687815df79e4448a445b70b6e5da4e685f61a341e33bed', 'from': '0x5ed6b80f0e8b1c7fdb783202d4a926bbed2d49ee', 'contractAddress': '0x0e09fabb73bd3ade0a17ecc321fd13a19e81ce82', 'to': '0xb92ab7c1edcb273aba24b0656ceb3681654805d2', 'value': '1010000000000000000000', 'tokenName': 'PancakeSwap Token', 'tokenSymbol': 'Cake', 'tokenDecimal': '18', 'transactionIndex': '161', 'gas': '181596', 'gasPrice': '5000000000', 'gasUsed': '175904', 'cumulativeGasUsed': '23412019', 'input': 'deprecated', 'confirmations': '2663'}
[18:45:50,034][INFO][10792][auction.py:370] ----------------- 0xb92ab7c1edcb273aba24b0656ceb3681654805d2 ---Cake
[18:45:50,034][INFO][10792][auction.py:374] ----------------- 0x5ed6b80f0e8b1c7fdb783202d4a926bbed2d49ee ---Cake -- cake 1010.000000
[18:45:50,034][INFO][10792][auction.py:367] {'blockNumber': '10703574', 'timeStamp': '1631007194', 'hash': '0xde7fb6a7e7881132b09831318bfef574dd39724616e59e8f1065b025ba1cf4e8', 'nonce': '480', 'blockHash': '0xfc43f5d81c20d7d41680ab7c02e3c996d03677aa2ef51e7eca04c596025e865e', 'from': '0xfad3b5feac1aaf86b3f66d105f2fa9607164d86b', 'contractAddress': '0x0e09fabb73bd3ade0a17ecc321fd13a19e81ce82', 'to': '0xb92ab7c1edcb273aba24b0656ceb3681654805d2', 'value': '1020000000000000000000', 'tokenName': 'PancakeSwap Token', 'tokenSymbol': 'Cake', 'tokenDecimal': '18', 'transactionIndex': '88', 'gas': '166596', 'gasPrice': '5000000000', 'gasUsed': '160904', 'cumulativeGasUsed': '16679294', 'input': 'deprecated', 'confirmations': '2627'}
[18:45:50,034][INFO][10792][auction.py:370] ----------------- 0xb92ab7c1edcb273aba24b0656ceb3681654805d2 ---Cake
[18:45:50,035][INFO][10792][auction.py:374] ----------------- 0xfad3b5feac1aaf86b3f66d105f2fa9607164d86b ---Cake -- cake 1020.000000
[18:45:50,035][INFO][10792][auction.py:367] {'blockNumber': '10704298', 'timeStamp': '1631009371', 'hash': '0x9cff86beb07d9f4db1ea9e4dac3475ceab20574aaf4c303dba6e24cbafcf8d7c', 'nonce': '489', 'blockHash': '0x70c9905f3136844f467e3381edaec15bfd0663b90de3b91512a9c40a422d3142', 'from': '0x22d56946c6cc1d4ed09f02858ddb990fcc981c55', 'contractAddress': '0x0e09fabb73bd3ade0a17ecc321fd13a19e81ce82', 'to': '0xb92ab7c1edcb273aba24b0656ceb3681654805d2', 'value': '1000000000000000000000', 'tokenName': 'PancakeSwap Token', 'tokenSymbol': 'Cake', 'tokenDecimal': '18', 'transactionIndex': '137', 'gas': '181596', 'gasPrice': '5000000000', 'gasUsed': '175904', 'cumulativeGasUsed': '18845957', 'input': 'deprecated', 'confirmations': '1903'}
[18:45:50,035][INFO][10792][auction.py:370] ----------------- 0xb92ab7c1edcb273aba24b0656ceb3681654805d2 ---Cake
[18:45:50,035][INFO][10792][auction.py:374] ----------------- 0x22d56946c6cc1d4ed09f02858ddb990fcc981c55 ---Cake -- cake 1000.000000
[18:45:50,035][INFO][10792][auction.py:367] {'blockNumber': '10704454', 'timeStamp': '1631009839', 'hash': '0x78f8dd0ac3075bee01d9e4c3e4bb1ca3c54b9da8b54edbaeee570213289a8a63', 'nonce': '496', 'blockHash': '0x2406984443008fe2dc80c8552016b7ca40de9780aa2db8fb6901931f5d541a7e', 'from': '0x22d56946c6cc1d4ed09f02858ddb990fcc981c55', 'contractAddress': '0x0e09fabb73bd3ade0a17ecc321fd13a19e81ce82', 'to': '0xb92ab7c1edcb273aba24b0656ceb3681654805d2', 'value': '100000000000000000000', 'tokenName': 'PancakeSwap Token', 'tokenSymbol': 'Cake', 'tokenDecimal': '18', 'transactionIndex': '145', 'gas': '74495', 'gasPrice': '5000000000', 'gasUsed': '68803', 'cumulativeGasUsed': '16706719', 'input': 'deprecated', 'confirmations': '1747'}
[18:45:50,036][INFO][10792][auction.py:370] ----------------- 0xb92ab7c1edcb273aba24b0656ceb3681654805d2 ---Cake
[18:45:50,036][INFO][10792][auction.py:374] ----------------- 0x22d56946c6cc1d4ed09f02858ddb990fcc981c55 ---Cake -- cake 100.000000
[18:45:50,036][INFO][10792][auction.py:367] {'blockNumber': '10704970', 'timeStamp': '1631011423', 'hash': '0x245ddcac7b8f31a9464c7c78e1bb92199455500509896b72b4c12b4a219bfd07', 'nonce': '2859', 'blockHash': '0x4b86c8203e2cbad3bade32b24053318fed392d4d4de3e68f32df40c79a2cb5c5', 'from': '0x58092273a044d6e1d23b5095ae873f6e24e906ed', 'contractAddress': '0x0e09fabb73bd3ade0a17ecc321fd13a19e81ce82', 'to': '0xb92ab7c1edcb273aba24b0656ceb3681654805d2', 'value': '1500000000000000000000', 'tokenName': 'PancakeSwap Token', 'tokenSymbol': 'Cake', 'tokenDecimal': '18', 'transactionIndex': '271', 'gas': '166596', 'gasPrice': '5000000000', 'gasUsed': '160904', 'cumulativeGasUsed': '36662181', 'input': 'deprecated', 'confirmations': '1231'}
[18:45:50,036][INFO][10792][auction.py:370] ----------------- 0xb92ab7c1edcb273aba24b0656ceb3681654805d2 ---Cake
[18:45:50,036][INFO][10792][auction.py:374] ----------------- 0x58092273a044d6e1d23b5095ae873f6e24e906ed ---Cake -- cake 1500.000000
[18:45:50,037][INFO][10792][auction.py:367] {'blockNumber': '10705049', 'timeStamp': '1631011660', 'hash': '0x142d128802299275e6b10cb2171fed090b9b649875fbffe5dac0d05421bd0e72', 'nonce': '10', 'blockHash': '0x9ed3270f34bd67e32ff8530a52cb58b7b69f8301ed2cd4ef2ffdd78e816e6fae', 'from': '0x5ed6b80f0e8b1c7fdb783202d4a926bbed2d49ee', 'contractAddress': '0x0e09fabb73bd3ade0a17ecc321fd13a19e81ce82', 'to': '0xb92ab7c1edcb273aba24b0656ceb3681654805d2', 'value': '100000000000000000000', 'tokenName': 'PancakeSwap Token', 'tokenSymbol': 'Cake', 'tokenDecimal': '18', 'transactionIndex': '83', 'gas': '74495', 'gasPrice': '5000000000', 'gasUsed': '68803', 'cumulativeGasUsed': '9552749', 'input': 'deprecated', 'confirmations': '1152'}
[18:45:50,037][INFO][10792][auction.py:370] ----------------- 0xb92ab7c1edcb273aba24b0656ceb3681654805d2 ---Cake
[18:45:50,037][INFO][10792][auction.py:374] ----------------- 0x5ed6b80f0e8b1c7fdb783202d4a926bbed2d49ee ---Cake -- cake 100.000000
[18:45:50,037][INFO][10792][auction.py:367] {'blockNumber': '10705454', 'timeStamp': '1631012899', 'hash': '0x952703eed5aa61378d616c4f7b6c666190835d6a57902f1a64fcf02fca84794c', 'nonce': '1', 'blockHash': '0x2dc24ca2731be3736198e22ac78da303739ce5574660be9642c331e70562bdf5', 'from': '0xcbd932ac66f645a3764733aacd30ce50e522fac1', 'contractAddress': '0x0e09fabb73bd3ade0a17ecc321fd13a19e81ce82', 'to': '0xb92ab7c1edcb273aba24b0656ceb3681654805d2', 'value': '3000000000000000000000', 'tokenName': 'PancakeSwap Token', 'tokenSymbol': 'Cake', 'tokenDecimal': '18', 'transactionIndex': '190', 'gas': '181596', 'gasPrice': '5000000000', 'gasUsed': '175904', 'cumulativeGasUsed': '32889266', 'input': 'deprecated', 'confirmations': '747'}
[18:45:50,037][INFO][10792][auction.py:370] ----------------- 0xb92ab7c1edcb273aba24b0656ceb3681654805d2 ---Cake
[18:45:50,038][INFO][10792][auction.py:374] ----------------- 0xcbd932ac66f645a3764733aacd30ce50e522fac1 ---Cake -- cake 3000.000000
[18:45:50,038][INFO][10792][auction.py:367] {'blockNumber': '10705719', 'timeStamp': '1631013696', 'hash': '0xc075a75784c45ad0d07454da1d09060ae6b82b98dce47416153438ece8d5e5eb', 'nonce': '2862', 'blockHash': '0x4d486b1d9e530b905d358744054caf756c4a62adcdf2949d20a30edcdd14f55f', 'from': '0x58092273a044d6e1d23b5095ae873f6e24e906ed', 'contractAddress': '0x0e09fabb73bd3ade0a17ecc321fd13a19e81ce82', 'to': '0xb92ab7c1edcb273aba24b0656ceb3681654805d2', 'value': '1610000000000000000000', 'tokenName': 'PancakeSwap Token', 'tokenSymbol': 'Cake', 'tokenDecimal': '18', 'transactionIndex': '87', 'gas': '74495', 'gasPrice': '5000000000', 'gasUsed': '68803', 'cumulativeGasUsed': '11673808', 'input': 'deprecated', 'confirmations': '482'}
[18:45:50,038][INFO][10792][auction.py:370] ----------------- 0xb92ab7c1edcb273aba24b0656ceb3681654805d2 ---Cake
[18:45:50,038][INFO][10792][auction.py:374] ----------------- 0x58092273a044d6e1d23b5095ae873f6e24e906ed ---Cake -- cake 1610.000000
[18:45:50,038][INFO][10792][auction.py:367] {'blockNumber': '10705763', 'timeStamp': '1631013828', 'hash': '0xfe517c002d195aaf34d15888ef5f561435c69a822733895c2f7cfe516b0cbc34', 'nonce': '2', 'blockHash': '0x5f00d6638e2574f5e426fb3c20e0d97a78ab721e650c19bdb4e03b69f6811788', 'from': '0xcbd932ac66f645a3764733aacd30ce50e522fac1', 'contractAddress': '0x0e09fabb73bd3ade0a17ecc321fd13a19e81ce82', 'to': '0xb92ab7c1edcb273aba24b0656ceb3681654805d2', 'value': '1000000000000000000000', 'tokenName': 'PancakeSwap Token', 'tokenSymbol': 'Cake', 'tokenDecimal': '18', 'transactionIndex': '114', 'gas': '74495', 'gasPrice': '5000000000', 'gasUsed': '68803', 'cumulativeGasUsed': '14686672', 'input': 'deprecated', 'confirmations': '438'}
[18:45:50,038][INFO][10792][auction.py:370] ----------------- 0xb92ab7c1edcb273aba24b0656ceb3681654805d2 ---Cake
[18:45:50,039][INFO][10792][auction.py:374] ----------------- 0xcbd932ac66f645a3764733aacd30ce50e522fac1 ---Cake -- cake 1000.000000
[18:46:20,236][INFO][10792][auction.py:363] getting all txs from block 10706117
[18:46:22,405][INFO][10792][auction.py:367] {'blockNumber': '10703164', 'timeStamp': '1631005959', 'hash': '0x2c47a0b312a42aef6b2aab02ef728de69c6b4087d04e0f9cde0d2f06af672f74', 'nonce': '151', 'blockHash': '0x3e3fa383c0fa96831def86a43ecb8a9293bc2031a806a9081cf76052129aa9d9', 'from': '0xae126b90d2835c5a2d720b0687ec59f59b768183', 'contractAddress': '0x0e09fabb73bd3ade0a17ecc321fd13a19e81ce82', 'to': '0xb92ab7c1edcb273aba24b0656ceb3681654805d2', 'value': '1000000000000000000000', 'tokenName': 'PancakeSwap Token', 'tokenSymbol': 'Cake', 'tokenDecimal': '18', 'transactionIndex': '81', 'gas': '181596', 'gasPrice': '5000000000', 'gasUsed': '175904', 'cumulativeGasUsed': '9902509', 'input': 'deprecated', 'confirmations': '3047'}
[18:46:22,405][INFO][10792][auction.py:370] ----------------- 0xb92ab7c1edcb273aba24b0656ceb3681654805d2 ---Cake
[18:46:22,405][INFO][10792][auction.py:374] ----------------- 0xae126b90d2835c5a2d720b0687ec59f59b768183 ---Cake -- cake 1000.000000
[18:46:22,405][INFO][10792][auction.py:367] {'blockNumber': '10703538', 'timeStamp': '1631007086', 'hash': '0x04fb7e45c4b68346660313324ae7f5b3169c4afba2938a991fc8f9cbb360bbba', 'nonce': '9', 'blockHash': '0x95697e8986f214f779687815df79e4448a445b70b6e5da4e685f61a341e33bed', 'from': '0x5ed6b80f0e8b1c7fdb783202d4a926bbed2d49ee', 'contractAddress': '0x0e09fabb73bd3ade0a17ecc321fd13a19e81ce82', 'to': '0xb92ab7c1edcb273aba24b0656ceb3681654805d2', 'value': '1010000000000000000000', 'tokenName': 'PancakeSwap Token', 'tokenSymbol': 'Cake', 'tokenDecimal': '18', 'transactionIndex': '161', 'gas': '181596', 'gasPrice': '5000000000', 'gasUsed': '175904', 'cumulativeGasUsed': '23412019', 'input': 'deprecated', 'confirmations': '2673'}
[18:46:22,405][INFO][10792][auction.py:370] ----------------- 0xb92ab7c1edcb273aba24b0656ceb3681654805d2 ---Cake
[18:46:22,405][INFO][10792][auction.py:374] ----------------- 0x5ed6b80f0e8b1c7fdb783202d4a926bbed2d49ee ---Cake -- cake 1010.000000
[18:46:22,405][INFO][10792][auction.py:367] {'blockNumber': '10703574', 'timeStamp': '1631007194', 'hash': '0xde7fb6a7e7881132b09831318bfef574dd39724616e59e8f1065b025ba1cf4e8', 'nonce': '480', 'blockHash': '0xfc43f5d81c20d7d41680ab7c02e3c996d03677aa2ef51e7eca04c596025e865e', 'from': '0xfad3b5feac1aaf86b3f66d105f2fa9607164d86b', 'contractAddress': '0x0e09fabb73bd3ade0a17ecc321fd13a19e81ce82', 'to': '0xb92ab7c1edcb273aba24b0656ceb3681654805d2', 'value': '1020000000000000000000', 'tokenName': 'PancakeSwap Token', 'tokenSymbol': 'Cake', 'tokenDecimal': '18', 'transactionIndex': '88', 'gas': '166596', 'gasPrice': '5000000000', 'gasUsed': '160904', 'cumulativeGasUsed': '16679294', 'input': 'deprecated', 'confirmations': '2637'}
[18:46:22,405][INFO][10792][auction.py:370] ----------------- 0xb92ab7c1edcb273aba24b0656ceb3681654805d2 ---Cake
[18:46:22,405][INFO][10792][auction.py:374] ----------------- 0xfad3b5feac1aaf86b3f66d105f2fa9607164d86b ---Cake -- cake 1020.000000
[18:46:22,405][INFO][10792][auction.py:367] {'blockNumber': '10704298', 'timeStamp': '1631009371', 'hash': '0x9cff86beb07d9f4db1ea9e4dac3475ceab20574aaf4c303dba6e24cbafcf8d7c', 'nonce': '489', 'blockHash': '0x70c9905f3136844f467e3381edaec15bfd0663b90de3b91512a9c40a422d3142', 'from': '0x22d56946c6cc1d4ed09f02858ddb990fcc981c55', 'contractAddress': '0x0e09fabb73bd3ade0a17ecc321fd13a19e81ce82', 'to': '0xb92ab7c1edcb273aba24b0656ceb3681654805d2', 'value': '1000000000000000000000', 'tokenName': 'PancakeSwap Token', 'tokenSymbol': 'Cake', 'tokenDecimal': '18', 'transactionIndex': '137', 'gas': '181596', 'gasPrice': '5000000000', 'gasUsed': '175904', 'cumulativeGasUsed': '18845957', 'input': 'deprecated', 'confirmations': '1913'}
[18:46:22,405][INFO][10792][auction.py:370] ----------------- 0xb92ab7c1edcb273aba24b0656ceb3681654805d2 ---Cake
[18:46:22,405][INFO][10792][auction.py:374] ----------------- 0x22d56946c6cc1d4ed09f02858ddb990fcc981c55 ---Cake -- cake 1000.000000
[18:46:22,405][INFO][10792][auction.py:367] {'blockNumber': '10704454', 'timeStamp': '1631009839', 'hash': '0x78f8dd0ac3075bee01d9e4c3e4bb1ca3c54b9da8b54edbaeee570213289a8a63', 'nonce': '496', 'blockHash': '0x2406984443008fe2dc80c8552016b7ca40de9780aa2db8fb6901931f5d541a7e', 'from': '0x22d56946c6cc1d4ed09f02858ddb990fcc981c55', 'contractAddress': '0x0e09fabb73bd3ade0a17ecc321fd13a19e81ce82', 'to': '0xb92ab7c1edcb273aba24b0656ceb3681654805d2', 'value': '100000000000000000000', 'tokenName': 'PancakeSwap Token', 'tokenSymbol': 'Cake', 'tokenDecimal': '18', 'transactionIndex': '145', 'gas': '74495', 'gasPrice': '5000000000', 'gasUsed': '68803', 'cumulativeGasUsed': '16706719', 'input': 'deprecated', 'confirmations': '1757'}
[18:46:22,405][INFO][10792][auction.py:370] ----------------- 0xb92ab7c1edcb273aba24b0656ceb3681654805d2 ---Cake
[18:46:22,405][INFO][10792][auction.py:374] ----------------- 0x22d56946c6cc1d4ed09f02858ddb990fcc981c55 ---Cake -- cake 100.000000
[18:46:22,405][INFO][10792][auction.py:367] {'blockNumber': '10704970', 'timeStamp': '1631011423', 'hash': '0x245ddcac7b8f31a9464c7c78e1bb92199455500509896b72b4c12b4a219bfd07', 'nonce': '2859', 'blockHash': '0x4b86c8203e2cbad3bade32b24053318fed392d4d4de3e68f32df40c79a2cb5c5', 'from': '0x58092273a044d6e1d23b5095ae873f6e24e906ed', 'contractAddress': '0x0e09fabb73bd3ade0a17ecc321fd13a19e81ce82', 'to': '0xb92ab7c1edcb273aba24b0656ceb3681654805d2', 'value': '1500000000000000000000', 'tokenName': 'PancakeSwap Token', 'tokenSymbol': 'Cake', 'tokenDecimal': '18', 'transactionIndex': '271', 'gas': '166596', 'gasPrice': '5000000000', 'gasUsed': '160904', 'cumulativeGasUsed': '36662181', 'input': 'deprecated', 'confirmations': '1241'}
[18:46:22,405][INFO][10792][auction.py:370] ----------------- 0xb92ab7c1edcb273aba24b0656ceb3681654805d2 ---Cake
[18:46:22,405][INFO][10792][auction.py:374] ----------------- 0x58092273a044d6e1d23b5095ae873f6e24e906ed ---Cake -- cake 1500.000000
[18:46:22,405][INFO][10792][auction.py:367] {'blockNumber': '10705049', 'timeStamp': '1631011660', 'hash': '0x142d128802299275e6b10cb2171fed090b9b649875fbffe5dac0d05421bd0e72', 'nonce': '10', 'blockHash': '0x9ed3270f34bd67e32ff8530a52cb58b7b69f8301ed2cd4ef2ffdd78e816e6fae', 'from': '0x5ed6b80f0e8b1c7fdb783202d4a926bbed2d49ee', 'contractAddress': '0x0e09fabb73bd3ade0a17ecc321fd13a19e81ce82', 'to': '0xb92ab7c1edcb273aba24b0656ceb3681654805d2', 'value': '100000000000000000000', 'tokenName': 'PancakeSwap Token', 'tokenSymbol': 'Cake', 'tokenDecimal': '18', 'transactionIndex': '83', 'gas': '74495', 'gasPrice': '5000000000', 'gasUsed': '68803', 'cumulativeGasUsed': '9552749', 'input': 'deprecated', 'confirmations': '1162'}
[18:46:22,405][INFO][10792][auction.py:370] ----------------- 0xb92ab7c1edcb273aba24b0656ceb3681654805d2 ---Cake
[18:46:22,405][INFO][10792][auction.py:374] ----------------- 0x5ed6b80f0e8b1c7fdb783202d4a926bbed2d49ee ---Cake -- cake 100.000000
[18:46:22,405][INFO][10792][auction.py:367] {'blockNumber': '10705454', 'timeStamp': '1631012899', 'hash': '0x952703eed5aa61378d616c4f7b6c666190835d6a57902f1a64fcf02fca84794c', 'nonce': '1', 'blockHash': '0x2dc24ca2731be3736198e22ac78da303739ce5574660be9642c331e70562bdf5', 'from': '0xcbd932ac66f645a3764733aacd30ce50e522fac1', 'contractAddress': '0x0e09fabb73bd3ade0a17ecc321fd13a19e81ce82', 'to': '0xb92ab7c1edcb273aba24b0656ceb3681654805d2', 'value': '3000000000000000000000', 'tokenName': 'PancakeSwap Token', 'tokenSymbol': 'Cake', 'tokenDecimal': '18', 'transactionIndex': '190', 'gas': '181596', 'gasPrice': '5000000000', 'gasUsed': '175904', 'cumulativeGasUsed': '32889266', 'input': 'deprecated', 'confirmations': '757'}
[18:46:22,405][INFO][10792][auction.py:370] ----------------- 0xb92ab7c1edcb273aba24b0656ceb3681654805d2 ---Cake
[18:46:22,405][INFO][10792][auction.py:374] ----------------- 0xcbd932ac66f645a3764733aacd30ce50e522fac1 ---Cake -- cake 3000.000000
[18:46:22,405][INFO][10792][auction.py:367] {'blockNumber': '10705719', 'timeStamp': '1631013696', 'hash': '0xc075a75784c45ad0d07454da1d09060ae6b82b98dce47416153438ece8d5e5eb', 'nonce': '2862', 'blockHash': '0x4d486b1d9e530b905d358744054caf756c4a62adcdf2949d20a30edcdd14f55f', 'from': '0x58092273a044d6e1d23b5095ae873f6e24e906ed', 'contractAddress': '0x0e09fabb73bd3ade0a17ecc321fd13a19e81ce82', 'to': '0xb92ab7c1edcb273aba24b0656ceb3681654805d2', 'value': '1610000000000000000000', 'tokenName': 'PancakeSwap Token', 'tokenSymbol': 'Cake', 'tokenDecimal': '18', 'transactionIndex': '87', 'gas': '74495', 'gasPrice': '5000000000', 'gasUsed': '68803', 'cumulativeGasUsed': '11673808', 'input': 'deprecated', 'confirmations': '492'}
[18:46:22,405][INFO][10792][auction.py:370] ----------------- 0xb92ab7c1edcb273aba24b0656ceb3681654805d2 ---Cake
[18:46:22,405][INFO][10792][auction.py:374] ----------------- 0x58092273a044d6e1d23b5095ae873f6e24e906ed ---Cake -- cake 1610.000000
[18:46:22,405][INFO][10792][auction.py:367] {'blockNumber': '10705763', 'timeStamp': '1631013828', 'hash': '0xfe517c002d195aaf34d15888ef5f561435c69a822733895c2f7cfe516b0cbc34', 'nonce': '2', 'blockHash': '0x5f00d6638e2574f5e426fb3c20e0d97a78ab721e650c19bdb4e03b69f6811788', 'from': '0xcbd932ac66f645a3764733aacd30ce50e522fac1', 'contractAddress': '0x0e09fabb73bd3ade0a17ecc321fd13a19e81ce82', 'to': '0xb92ab7c1edcb273aba24b0656ceb3681654805d2', 'value': '1000000000000000000000', 'tokenName': 'PancakeSwap Token', 'tokenSymbol': 'Cake', 'tokenDecimal': '18', 'transactionIndex': '114', 'gas': '74495', 'gasPrice': '5000000000', 'gasUsed': '68803', 'cumulativeGasUsed': '14686672', 'input': 'deprecated', 'confirmations': '448'}
[18:46:22,405][INFO][10792][auction.py:370] ----------------- 0xb92ab7c1edcb273aba24b0656ceb3681654805d2 ---Cake
[18:46:22,406][INFO][10792][auction.py:374] ----------------- 0xcbd932ac66f645a3764733aacd30ce50e522fac1 ---Cake -- cake 1000.000000
[18:46:52,572][INFO][10792][auction.py:363] getting all txs from block 10706117
[18:46:55,304][INFO][10792][auction.py:367] {'blockNumber': '10703164', 'timeStamp': '1631005959', 'hash': '0x2c47a0b312a42aef6b2aab02ef728de69c6b4087d04e0f9cde0d2f06af672f74', 'nonce': '151', 'blockHash': '0x3e3fa383c0fa96831def86a43ecb8a9293bc2031a806a9081cf76052129aa9d9', 'from': '0xae126b90d2835c5a2d720b0687ec59f59b768183', 'contractAddress': '0x0e09fabb73bd3ade0a17ecc321fd13a19e81ce82', 'to': '0xb92ab7c1edcb273aba24b0656ceb3681654805d2', 'value': '1000000000000000000000', 'tokenName': 'PancakeSwap Token', 'tokenSymbol': 'Cake', 'tokenDecimal': '18', 'transactionIndex': '81', 'gas': '181596', 'gasPrice': '5000000000', 'gasUsed': '175904', 'cumulativeGasUsed': '9902509', 'input': 'deprecated', 'confirmations': '3057'}
[18:46:55,304][INFO][10792][auction.py:370] ----------------- 0xb92ab7c1edcb273aba24b0656ceb3681654805d2 ---Cake
[18:46:55,304][INFO][10792][auction.py:374] ----------------- 0xae126b90d2835c5a2d720b0687ec59f59b768183 ---Cake -- cake 1000.000000
[18:46:55,304][INFO][10792][auction.py:367] {'blockNumber': '10703538', 'timeStamp': '1631007086', 'hash': '0x04fb7e45c4b68346660313324ae7f5b3169c4afba2938a991fc8f9cbb360bbba', 'nonce': '9', 'blockHash': '0x95697e8986f214f779687815df79e4448a445b70b6e5da4e685f61a341e33bed', 'from': '0x5ed6b80f0e8b1c7fdb783202d4a926bbed2d49ee', 'contractAddress': '0x0e09fabb73bd3ade0a17ecc321fd13a19e81ce82', 'to': '0xb92ab7c1edcb273aba24b0656ceb3681654805d2', 'value': '1010000000000000000000', 'tokenName': 'PancakeSwap Token', 'tokenSymbol': 'Cake', 'tokenDecimal': '18', 'transactionIndex': '161', 'gas': '181596', 'gasPrice': '5000000000', 'gasUsed': '175904', 'cumulativeGasUsed': '23412019', 'input': 'deprecated', 'confirmations': '2683'}
[18:46:55,304][INFO][10792][auction.py:370] ----------------- 0xb92ab7c1edcb273aba24b0656ceb3681654805d2 ---Cake
[18:46:55,304][INFO][10792][auction.py:374] ----------------- 0x5ed6b80f0e8b1c7fdb783202d4a926bbed2d49ee ---Cake -- cake 1010.000000
[18:46:55,304][INFO][10792][auction.py:367] {'blockNumber': '10703574', 'timeStamp': '1631007194', 'hash': '0xde7fb6a7e7881132b09831318bfef574dd39724616e59e8f1065b025ba1cf4e8', 'nonce': '480', 'blockHash': '0xfc43f5d81c20d7d41680ab7c02e3c996d03677aa2ef51e7eca04c596025e865e', 'from': '0xfad3b5feac1aaf86b3f66d105f2fa9607164d86b', 'contractAddress': '0x0e09fabb73bd3ade0a17ecc321fd13a19e81ce82', 'to': '0xb92ab7c1edcb273aba24b0656ceb3681654805d2', 'value': '1020000000000000000000', 'tokenName': 'PancakeSwap Token', 'tokenSymbol': 'Cake', 'tokenDecimal': '18', 'transactionIndex': '88', 'gas': '166596', 'gasPrice': '5000000000', 'gasUsed': '160904', 'cumulativeGasUsed': '16679294', 'input': 'deprecated', 'confirmations': '2647'}
[18:46:55,304][INFO][10792][auction.py:370] ----------------- 0xb92ab7c1edcb273aba24b0656ceb3681654805d2 ---Cake
[18:46:55,304][INFO][10792][auction.py:374] ----------------- 0xfad3b5feac1aaf86b3f66d105f2fa9607164d86b ---Cake -- cake 1020.000000
[18:46:55,304][INFO][10792][auction.py:367] {'blockNumber': '10704298', 'timeStamp': '1631009371', 'hash': '0x9cff86beb07d9f4db1ea9e4dac3475ceab20574aaf4c303dba6e24cbafcf8d7c', 'nonce': '489', 'blockHash': '0x70c9905f3136844f467e3381edaec15bfd0663b90de3b91512a9c40a422d3142', 'from': '0x22d56946c6cc1d4ed09f02858ddb990fcc981c55', 'contractAddress': '0x0e09fabb73bd3ade0a17ecc321fd13a19e81ce82', 'to': '0xb92ab7c1edcb273aba24b0656ceb3681654805d2', 'value': '1000000000000000000000', 'tokenName': 'PancakeSwap Token', 'tokenSymbol': 'Cake', 'tokenDecimal': '18', 'transactionIndex': '137', 'gas': '181596', 'gasPrice': '5000000000', 'gasUsed': '175904', 'cumulativeGasUsed': '18845957', 'input': 'deprecated', 'confirmations': '1923'}
[18:46:55,305][INFO][10792][auction.py:370] ----------------- 0xb92ab7c1edcb273aba24b0656ceb3681654805d2 ---Cake
[18:46:55,305][INFO][10792][auction.py:374] ----------------- 0x22d56946c6cc1d4ed09f02858ddb990fcc981c55 ---Cake -- cake 1000.000000
[18:46:55,305][INFO][10792][auction.py:367] {'blockNumber': '10704454', 'timeStamp': '1631009839', 'hash': '0x78f8dd0ac3075bee01d9e4c3e4bb1ca3c54b9da8b54edbaeee570213289a8a63', 'nonce': '496', 'blockHash': '0x2406984443008fe2dc80c8552016b7ca40de9780aa2db8fb6901931f5d541a7e', 'from': '0x22d56946c6cc1d4ed09f02858ddb990fcc981c55', 'contractAddress': '0x0e09fabb73bd3ade0a17ecc321fd13a19e81ce82', 'to': '0xb92ab7c1edcb273aba24b0656ceb3681654805d2', 'value': '100000000000000000000', 'tokenName': 'PancakeSwap Token', 'tokenSymbol': 'Cake', 'tokenDecimal': '18', 'transactionIndex': '145', 'gas': '74495', 'gasPrice': '5000000000', 'gasUsed': '68803', 'cumulativeGasUsed': '16706719', 'input': 'deprecated', 'confirmations': '1767'}
[18:46:55,305][INFO][10792][auction.py:370] ----------------- 0xb92ab7c1edcb273aba24b0656ceb3681654805d2 ---Cake
[18:46:55,305][INFO][10792][auction.py:374] ----------------- 0x22d56946c6cc1d4ed09f02858ddb990fcc981c55 ---Cake -- cake 100.000000
[18:46:55,305][INFO][10792][auction.py:367] {'blockNumber': '10704970', 'timeStamp': '1631011423', 'hash': '0x245ddcac7b8f31a9464c7c78e1bb92199455500509896b72b4c12b4a219bfd07', 'nonce': '2859', 'blockHash': '0x4b86c8203e2cbad3bade32b24053318fed392d4d4de3e68f32df40c79a2cb5c5', 'from': '0x58092273a044d6e1d23b5095ae873f6e24e906ed', 'contractAddress': '0x0e09fabb73bd3ade0a17ecc321fd13a19e81ce82', 'to': '0xb92ab7c1edcb273aba24b0656ceb3681654805d2', 'value': '1500000000000000000000', 'tokenName': 'PancakeSwap Token', 'tokenSymbol': 'Cake', 'tokenDecimal': '18', 'transactionIndex': '271', 'gas': '166596', 'gasPrice': '5000000000', 'gasUsed': '160904', 'cumulativeGasUsed': '36662181', 'input': 'deprecated', 'confirmations': '1251'}
[18:46:55,305][INFO][10792][auction.py:370] ----------------- 0xb92ab7c1edcb273aba24b0656ceb3681654805d2 ---Cake
[18:46:55,305][INFO][10792][auction.py:374] ----------------- 0x58092273a044d6e1d23b5095ae873f6e24e906ed ---Cake -- cake 1500.000000
[18:46:55,305][INFO][10792][auction.py:367] {'blockNumber': '10705049', 'timeStamp': '1631011660', 'hash': '0x142d128802299275e6b10cb2171fed090b9b649875fbffe5dac0d05421bd0e72', 'nonce': '10', 'blockHash': '0x9ed3270f34bd67e32ff8530a52cb58b7b69f8301ed2cd4ef2ffdd78e816e6fae', 'from': '0x5ed6b80f0e8b1c7fdb783202d4a926bbed2d49ee', 'contractAddress': '0x0e09fabb73bd3ade0a17ecc321fd13a19e81ce82', 'to': '0xb92ab7c1edcb273aba24b0656ceb3681654805d2', 'value': '100000000000000000000', 'tokenName': 'PancakeSwap Token', 'tokenSymbol': 'Cake', 'tokenDecimal': '18', 'transactionIndex': '83', 'gas': '74495', 'gasPrice': '5000000000', 'gasUsed': '68803', 'cumulativeGasUsed': '9552749', 'input': 'deprecated', 'confirmations': '1172'}
[18:46:55,305][INFO][10792][auction.py:370] ----------------- 0xb92ab7c1edcb273aba24b0656ceb3681654805d2 ---Cake
[18:46:55,305][INFO][10792][auction.py:374] ----------------- 0x5ed6b80f0e8b1c7fdb783202d4a926bbed2d49ee ---Cake -- cake 100.000000
[18:46:55,305][INFO][10792][auction.py:367] {'blockNumber': '10705454', 'timeStamp': '1631012899', 'hash': '0x952703eed5aa61378d616c4f7b6c666190835d6a57902f1a64fcf02fca84794c', 'nonce': '1', 'blockHash': '0x2dc24ca2731be3736198e22ac78da303739ce5574660be9642c331e70562bdf5', 'from': '0xcbd932ac66f645a3764733aacd30ce50e522fac1', 'contractAddress': '0x0e09fabb73bd3ade0a17ecc321fd13a19e81ce82', 'to': '0xb92ab7c1edcb273aba24b0656ceb3681654805d2', 'value': '3000000000000000000000', 'tokenName': 'PancakeSwap Token', 'tokenSymbol': 'Cake', 'tokenDecimal': '18', 'transactionIndex': '190', 'gas': '181596', 'gasPrice': '5000000000', 'gasUsed': '175904', 'cumulativeGasUsed': '32889266', 'input': 'deprecated', 'confirmations': '767'}
[18:46:55,305][INFO][10792][auction.py:370] ----------------- 0xb92ab7c1edcb273aba24b0656ceb3681654805d2 ---Cake
[18:46:55,305][INFO][10792][auction.py:374] ----------------- 0xcbd932ac66f645a3764733aacd30ce50e522fac1 ---Cake -- cake 3000.000000
[18:46:55,305][INFO][10792][auction.py:367] {'blockNumber': '10705719', 'timeStamp': '1631013696', 'hash': '0xc075a75784c45ad0d07454da1d09060ae6b82b98dce47416153438ece8d5e5eb', 'nonce': '2862', 'blockHash': '0x4d486b1d9e530b905d358744054caf756c4a62adcdf2949d20a30edcdd14f55f', 'from': '0x58092273a044d6e1d23b5095ae873f6e24e906ed', 'contractAddress': '0x0e09fabb73bd3ade0a17ecc321fd13a19e81ce82', 'to': '0xb92ab7c1edcb273aba24b0656ceb3681654805d2', 'value': '1610000000000000000000', 'tokenName': 'PancakeSwap Token', 'tokenSymbol': 'Cake', 'tokenDecimal': '18', 'transactionIndex': '87', 'gas': '74495', 'gasPrice': '5000000000', 'gasUsed': '68803', 'cumulativeGasUsed': '11673808', 'input': 'deprecated', 'confirmations': '502'}
[18:46:55,305][INFO][10792][auction.py:370] ----------------- 0xb92ab7c1edcb273aba24b0656ceb3681654805d2 ---Cake
[18:46:55,305][INFO][10792][auction.py:374] ----------------- 0x58092273a044d6e1d23b5095ae873f6e24e906ed ---Cake -- cake 1610.000000
[18:46:55,305][INFO][10792][auction.py:367] {'blockNumber': '10705763', 'timeStamp': '1631013828', 'hash': '0xfe517c002d195aaf34d15888ef5f561435c69a822733895c2f7cfe516b0cbc34', 'nonce': '2', 'blockHash': '0x5f00d6638e2574f5e426fb3c20e0d97a78ab721e650c19bdb4e03b69f6811788', 'from': '0xcbd932ac66f645a3764733aacd30ce50e522fac1', 'contractAddress': '0x0e09fabb73bd3ade0a17ecc321fd13a19e81ce82', 'to': '0xb92ab7c1edcb273aba24b0656ceb3681654805d2', 'value': '1000000000000000000000', 'tokenName': 'PancakeSwap Token', 'tokenSymbol': 'Cake', 'tokenDecimal': '18', 'transactionIndex': '114', 'gas': '74495', 'gasPrice': '5000000000', 'gasUsed': '68803', 'cumulativeGasUsed': '14686672', 'input': 'deprecated', 'confirmations': '458'}
[18:46:55,305][INFO][10792][auction.py:370] ----------------- 0xb92ab7c1edcb273aba24b0656ceb3681654805d2 ---Cake
[18:46:55,305][INFO][10792][auction.py:374] ----------------- 0xcbd932ac66f645a3764733aacd30ce50e522fac1 ---Cake -- cake 1000.000000
[18:47:25,444][INFO][10792][auction.py:363] getting all txs from block 10706117
[18:47:30,828][INFO][10792][auction.py:367] {'blockNumber': '10703164', 'timeStamp': '1631005959', 'hash': '0x2c47a0b312a42aef6b2aab02ef728de69c6b4087d04e0f9cde0d2f06af672f74', 'nonce': '151', 'blockHash': '0x3e3fa383c0fa96831def86a43ecb8a9293bc2031a806a9081cf76052129aa9d9', 'from': '0xae126b90d2835c5a2d720b0687ec59f59b768183', 'contractAddress': '0x0e09fabb73bd3ade0a17ecc321fd13a19e81ce82', 'to': '0xb92ab7c1edcb273aba24b0656ceb3681654805d2', 'value': '1000000000000000000000', 'tokenName': 'PancakeSwap Token', 'tokenSymbol': 'Cake', 'tokenDecimal': '18', 'transactionIndex': '81', 'gas': '181596', 'gasPrice': '5000000000', 'gasUsed': '175904', 'cumulativeGasUsed': '9902509', 'input': 'deprecated', 'confirmations': '3070'}
[18:47:30,828][INFO][10792][auction.py:370] ----------------- 0xb92ab7c1edcb273aba24b0656ceb3681654805d2 ---Cake
[18:47:30,828][INFO][10792][auction.py:374] ----------------- 0xae126b90d2835c5a2d720b0687ec59f59b768183 ---Cake -- cake 1000.000000
[18:47:30,828][INFO][10792][auction.py:367] {'blockNumber': '10703538', 'timeStamp': '1631007086', 'hash': '0x04fb7e45c4b68346660313324ae7f5b3169c4afba2938a991fc8f9cbb360bbba', 'nonce': '9', 'blockHash': '0x95697e8986f214f779687815df79e4448a445b70b6e5da4e685f61a341e33bed', 'from': '0x5ed6b80f0e8b1c7fdb783202d4a926bbed2d49ee', 'contractAddress': '0x0e09fabb73bd3ade0a17ecc321fd13a19e81ce82', 'to': '0xb92ab7c1edcb273aba24b0656ceb3681654805d2', 'value': '1010000000000000000000', 'tokenName': 'PancakeSwap Token', 'tokenSymbol': 'Cake', 'tokenDecimal': '18', 'transactionIndex': '161', 'gas': '181596', 'gasPrice': '5000000000', 'gasUsed': '175904', 'cumulativeGasUsed': '23412019', 'input': 'deprecated', 'confirmations': '2696'}
[18:47:30,828][INFO][10792][auction.py:370] ----------------- 0xb92ab7c1edcb273aba24b0656ceb3681654805d2 ---Cake
[18:47:30,828][INFO][10792][auction.py:374] ----------------- 0x5ed6b80f0e8b1c7fdb783202d4a926bbed2d49ee ---Cake -- cake 1010.000000
[18:47:30,829][INFO][10792][auction.py:367] {'blockNumber': '10703574', 'timeStamp': '1631007194', 'hash': '0xde7fb6a7e7881132b09831318bfef574dd39724616e59e8f1065b025ba1cf4e8', 'nonce': '480', 'blockHash': '0xfc43f5d81c20d7d41680ab7c02e3c996d03677aa2ef51e7eca04c596025e865e', 'from': '0xfad3b5feac1aaf86b3f66d105f2fa9607164d86b', 'contractAddress': '0x0e09fabb73bd3ade0a17ecc321fd13a19e81ce82', 'to': '0xb92ab7c1edcb273aba24b0656ceb3681654805d2', 'value': '1020000000000000000000', 'tokenName': 'PancakeSwap Token', 'tokenSymbol': 'Cake', 'tokenDecimal': '18', 'transactionIndex': '88', 'gas': '166596', 'gasPrice': '5000000000', 'gasUsed': '160904', 'cumulativeGasUsed': '16679294', 'input': 'deprecated', 'confirmations': '2660'}
[18:47:30,829][INFO][10792][auction.py:370] ----------------- 0xb92ab7c1edcb273aba24b0656ceb3681654805d2 ---Cake
[18:47:30,829][INFO][10792][auction.py:374] ----------------- 0xfad3b5feac1aaf86b3f66d105f2fa9607164d86b ---Cake -- cake 1020.000000
[18:47:30,829][INFO][10792][auction.py:367] {'blockNumber': '10704298', 'timeStamp': '1631009371', 'hash': '0x9cff86beb07d9f4db1ea9e4dac3475ceab20574aaf4c303dba6e24cbafcf8d7c', 'nonce': '489', 'blockHash': '0x70c9905f3136844f467e3381edaec15bfd0663b90de3b91512a9c40a422d3142', 'from': '0x22d56946c6cc1d4ed09f02858ddb990fcc981c55', 'contractAddress': '0x0e09fabb73bd3ade0a17ecc321fd13a19e81ce82', 'to': '0xb92ab7c1edcb273aba24b0656ceb3681654805d2', 'value': '1000000000000000000000', 'tokenName': 'PancakeSwap Token', 'tokenSymbol': 'Cake', 'tokenDecimal': '18', 'transactionIndex': '137', 'gas': '181596', 'gasPrice': '5000000000', 'gasUsed': '175904', 'cumulativeGasUsed': '18845957', 'input': 'deprecated', 'confirmations': '1936'}
[18:47:30,829][INFO][10792][auction.py:370] ----------------- 0xb92ab7c1edcb273aba24b0656ceb3681654805d2 ---Cake
[18:47:30,829][INFO][10792][auction.py:374] ----------------- 0x22d56946c6cc1d4ed09f02858ddb990fcc981c55 ---Cake -- cake 1000.000000
[18:47:30,829][INFO][10792][auction.py:367] {'blockNumber': '10704454', 'timeStamp': '1631009839', 'hash': '0x78f8dd0ac3075bee01d9e4c3e4bb1ca3c54b9da8b54edbaeee570213289a8a63', 'nonce': '496', 'blockHash': '0x2406984443008fe2dc80c8552016b7ca40de9780aa2db8fb6901931f5d541a7e', 'from': '0x22d56946c6cc1d4ed09f02858ddb990fcc981c55', 'contractAddress': '0x0e09fabb73bd3ade0a17ecc321fd13a19e81ce82', 'to': '0xb92ab7c1edcb273aba24b0656ceb3681654805d2', 'value': '100000000000000000000', 'tokenName': 'PancakeSwap Token', 'tokenSymbol': 'Cake', 'tokenDecimal': '18', 'transactionIndex': '145', 'gas': '74495', 'gasPrice': '5000000000', 'gasUsed': '68803', 'cumulativeGasUsed': '16706719', 'input': 'deprecated', 'confirmations': '1780'}
[18:47:30,829][INFO][10792][auction.py:370] ----------------- 0xb92ab7c1edcb273aba24b0656ceb3681654805d2 ---Cake
[18:47:30,829][INFO][10792][auction.py:374] ----------------- 0x22d56946c6cc1d4ed09f02858ddb990fcc981c55 ---Cake -- cake 100.000000
[18:47:30,829][INFO][10792][auction.py:367] {'blockNumber': '10704970', 'timeStamp': '1631011423', 'hash': '0x245ddcac7b8f31a9464c7c78e1bb92199455500509896b72b4c12b4a219bfd07', 'nonce': '2859', 'blockHash': '0x4b86c8203e2cbad3bade32b24053318fed392d4d4de3e68f32df40c79a2cb5c5', 'from': '0x58092273a044d6e1d23b5095ae873f6e24e906ed', 'contractAddress': '0x0e09fabb73bd3ade0a17ecc321fd13a19e81ce82', 'to': '0xb92ab7c1edcb273aba24b0656ceb3681654805d2', 'value': '1500000000000000000000', 'tokenName': 'PancakeSwap Token', 'tokenSymbol': 'Cake', 'tokenDecimal': '18', 'transactionIndex': '271', 'gas': '166596', 'gasPrice': '5000000000', 'gasUsed': '160904', 'cumulativeGasUsed': '36662181', 'input': 'deprecated', 'confirmations': '1264'}
[18:47:30,829][INFO][10792][auction.py:370] ----------------- 0xb92ab7c1edcb273aba24b0656ceb3681654805d2 ---Cake
[18:47:30,829][INFO][10792][auction.py:374] ----------------- 0x58092273a044d6e1d23b5095ae873f6e24e906ed ---Cake -- cake 1500.000000
[18:47:30,829][INFO][10792][auction.py:367] {'blockNumber': '10705049', 'timeStamp': '1631011660', 'hash': '0x142d128802299275e6b10cb2171fed090b9b649875fbffe5dac0d05421bd0e72', 'nonce': '10', 'blockHash': '0x9ed3270f34bd67e32ff8530a52cb58b7b69f8301ed2cd4ef2ffdd78e816e6fae', 'from': '0x5ed6b80f0e8b1c7fdb783202d4a926bbed2d49ee', 'contractAddress': '0x0e09fabb73bd3ade0a17ecc321fd13a19e81ce82', 'to': '0xb92ab7c1edcb273aba24b0656ceb3681654805d2', 'value': '100000000000000000000', 'tokenName': 'PancakeSwap Token', 'tokenSymbol': 'Cake', 'tokenDecimal': '18', 'transactionIndex': '83', 'gas': '74495', 'gasPrice': '5000000000', 'gasUsed': '68803', 'cumulativeGasUsed': '9552749', 'input': 'deprecated', 'confirmations': '1185'}
[18:47:30,829][INFO][10792][auction.py:370] ----------------- 0xb92ab7c1edcb273aba24b0656ceb3681654805d2 ---Cake
[18:47:30,829][INFO][10792][auction.py:374] ----------------- 0x5ed6b80f0e8b1c7fdb783202d4a926bbed2d49ee ---Cake -- cake 100.000000
[18:47:30,829][INFO][10792][auction.py:367] {'blockNumber': '10705454', 'timeStamp': '1631012899', 'hash': '0x952703eed5aa61378d616c4f7b6c666190835d6a57902f1a64fcf02fca84794c', 'nonce': '1', 'blockHash': '0x2dc24ca2731be3736198e22ac78da303739ce5574660be9642c331e70562bdf5', 'from': '0xcbd932ac66f645a3764733aacd30ce50e522fac1', 'contractAddress': '0x0e09fabb73bd3ade0a17ecc321fd13a19e81ce82', 'to': '0xb92ab7c1edcb273aba24b0656ceb3681654805d2', 'value': '3000000000000000000000', 'tokenName': 'PancakeSwap Token', 'tokenSymbol': 'Cake', 'tokenDecimal': '18', 'transactionIndex': '190', 'gas': '181596', 'gasPrice': '5000000000', 'gasUsed': '175904', 'cumulativeGasUsed': '32889266', 'input': 'deprecated', 'confirmations': '780'}
[18:47:30,829][INFO][10792][auction.py:370] ----------------- 0xb92ab7c1edcb273aba24b0656ceb3681654805d2 ---Cake
[18:47:30,829][INFO][10792][auction.py:374] ----------------- 0xcbd932ac66f645a3764733aacd30ce50e522fac1 ---Cake -- cake 3000.000000
[18:47:30,829][INFO][10792][auction.py:367] {'blockNumber': '10705719', 'timeStamp': '1631013696', 'hash': '0xc075a75784c45ad0d07454da1d09060ae6b82b98dce47416153438ece8d5e5eb', 'nonce': '2862', 'blockHash': '0x4d486b1d9e530b905d358744054caf756c4a62adcdf2949d20a30edcdd14f55f', 'from': '0x58092273a044d6e1d23b5095ae873f6e24e906ed', 'contractAddress': '0x0e09fabb73bd3ade0a17ecc321fd13a19e81ce82', 'to': '0xb92ab7c1edcb273aba24b0656ceb3681654805d2', 'value': '1610000000000000000000', 'tokenName': 'PancakeSwap Token', 'tokenSymbol': 'Cake', 'tokenDecimal': '18', 'transactionIndex': '87', 'gas': '74495', 'gasPrice': '5000000000', 'gasUsed': '68803', 'cumulativeGasUsed': '11673808', 'input': 'deprecated', 'confirmations': '515'}
[18:47:30,829][INFO][10792][auction.py:370] ----------------- 0xb92ab7c1edcb273aba24b0656ceb3681654805d2 ---Cake
[18:47:30,829][INFO][10792][auction.py:374] ----------------- 0x58092273a044d6e1d23b5095ae873f6e24e906ed ---Cake -- cake 1610.000000
[18:47:30,829][INFO][10792][auction.py:367] {'blockNumber': '10705763', 'timeStamp': '1631013828', 'hash': '0xfe517c002d195aaf34d15888ef5f561435c69a822733895c2f7cfe516b0cbc34', 'nonce': '2', 'blockHash': '0x5f00d6638e2574f5e426fb3c20e0d97a78ab721e650c19bdb4e03b69f6811788', 'from': '0xcbd932ac66f645a3764733aacd30ce50e522fac1', 'contractAddress': '0x0e09fabb73bd3ade0a17ecc321fd13a19e81ce82', 'to': '0xb92ab7c1edcb273aba24b0656ceb3681654805d2', 'value': '1000000000000000000000', 'tokenName': 'PancakeSwap Token', 'tokenSymbol': 'Cake', 'tokenDecimal': '18', 'transactionIndex': '114', 'gas': '74495', 'gasPrice': '5000000000', 'gasUsed': '68803', 'cumulativeGasUsed': '14686672', 'input': 'deprecated', 'confirmations': '471'}
[18:47:30,829][INFO][10792][auction.py:370] ----------------- 0xb92ab7c1edcb273aba24b0656ceb3681654805d2 ---Cake
[18:47:30,829][INFO][10792][auction.py:374] ----------------- 0xcbd932ac66f645a3764733aacd30ce50e522fac1 ---Cake -- cake 1000.000000
[18:48:00,972][INFO][10792][auction.py:363] getting all txs from block 10706117
[18:48:03,052][INFO][10792][auction.py:367] {'blockNumber': '10703164', 'timeStamp': '1631005959', 'hash': '0x2c47a0b312a42aef6b2aab02ef728de69c6b4087d04e0f9cde0d2f06af672f74', 'nonce': '151', 'blockHash': '0x3e3fa383c0fa96831def86a43ecb8a9293bc2031a806a9081cf76052129aa9d9', 'from': '0xae126b90d2835c5a2d720b0687ec59f59b768183', 'contractAddress': '0x0e09fabb73bd3ade0a17ecc321fd13a19e81ce82', 'to': '0xb92ab7c1edcb273aba24b0656ceb3681654805d2', 'value': '1000000000000000000000', 'tokenName': 'PancakeSwap Token', 'tokenSymbol': 'Cake', 'tokenDecimal': '18', 'transactionIndex': '81', 'gas': '181596', 'gasPrice': '5000000000', 'gasUsed': '175904', 'cumulativeGasUsed': '9902509', 'input': 'deprecated', 'confirmations': '3082'}
[18:48:03,052][INFO][10792][auction.py:370] ----------------- 0xb92ab7c1edcb273aba24b0656ceb3681654805d2 ---Cake
[18:48:03,052][INFO][10792][auction.py:374] ----------------- 0xae126b90d2835c5a2d720b0687ec59f59b768183 ---Cake -- cake 1000.000000
[18:48:03,052][INFO][10792][auction.py:367] {'blockNumber': '10703538', 'timeStamp': '1631007086', 'hash': '0x04fb7e45c4b68346660313324ae7f5b3169c4afba2938a991fc8f9cbb360bbba', 'nonce': '9', 'blockHash': '0x95697e8986f214f779687815df79e4448a445b70b6e5da4e685f61a341e33bed', 'from': '0x5ed6b80f0e8b1c7fdb783202d4a926bbed2d49ee', 'contractAddress': '0x0e09fabb73bd3ade0a17ecc321fd13a19e81ce82', 'to': '0xb92ab7c1edcb273aba24b0656ceb3681654805d2', 'value': '1010000000000000000000', 'tokenName': 'PancakeSwap Token', 'tokenSymbol': 'Cake', 'tokenDecimal': '18', 'transactionIndex': '161', 'gas': '181596', 'gasPrice': '5000000000', 'gasUsed': '175904', 'cumulativeGasUsed': '23412019', 'input': 'deprecated', 'confirmations': '2708'}
[18:48:03,052][INFO][10792][auction.py:370] ----------------- 0xb92ab7c1edcb273aba24b0656ceb3681654805d2 ---Cake
[18:48:03,052][INFO][10792][auction.py:374] ----------------- 0x5ed6b80f0e8b1c7fdb783202d4a926bbed2d49ee ---Cake -- cake 1010.000000
[18:48:03,052][INFO][10792][auction.py:367] {'blockNumber': '10703574', 'timeStamp': '1631007194', 'hash': '0xde7fb6a7e7881132b09831318bfef574dd39724616e59e8f1065b025ba1cf4e8', 'nonce': '480', 'blockHash': '0xfc43f5d81c20d7d41680ab7c02e3c996d03677aa2ef51e7eca04c596025e865e', 'from': '0xfad3b5feac1aaf86b3f66d105f2fa9607164d86b', 'contractAddress': '0x0e09fabb73bd3ade0a17ecc321fd13a19e81ce82', 'to': '0xb92ab7c1edcb273aba24b0656ceb3681654805d2', 'value': '1020000000000000000000', 'tokenName': 'PancakeSwap Token', 'tokenSymbol': 'Cake', 'tokenDecimal': '18', 'transactionIndex': '88', 'gas': '166596', 'gasPrice': '5000000000', 'gasUsed': '160904', 'cumulativeGasUsed': '16679294', 'input': 'deprecated', 'confirmations': '2672'}
[18:48:03,052][INFO][10792][auction.py:370] ----------------- 0xb92ab7c1edcb273aba24b0656ceb3681654805d2 ---Cake
[18:48:03,052][INFO][10792][auction.py:374] ----------------- 0xfad3b5feac1aaf86b3f66d105f2fa9607164d86b ---Cake -- cake 1020.000000
[18:48:03,052][INFO][10792][auction.py:367] {'blockNumber': '10704298', 'timeStamp': '1631009371', 'hash': '0x9cff86beb07d9f4db1ea9e4dac3475ceab20574aaf4c303dba6e24cbafcf8d7c', 'nonce': '489', 'blockHash': '0x70c9905f3136844f467e3381edaec15bfd0663b90de3b91512a9c40a422d3142', 'from': '0x22d56946c6cc1d4ed09f02858ddb990fcc981c55', 'contractAddress': '0x0e09fabb73bd3ade0a17ecc321fd13a19e81ce82', 'to': '0xb92ab7c1edcb273aba24b0656ceb3681654805d2', 'value': '1000000000000000000000', 'tokenName': 'PancakeSwap Token', 'tokenSymbol': 'Cake', 'tokenDecimal': '18', 'transactionIndex': '137', 'gas': '181596', 'gasPrice': '5000000000', 'gasUsed': '175904', 'cumulativeGasUsed': '18845957', 'input': 'deprecated', 'confirmations': '1948'}
[18:48:03,052][INFO][10792][auction.py:370] ----------------- 0xb92ab7c1edcb273aba24b0656ceb3681654805d2 ---Cake
[18:48:03,052][INFO][10792][auction.py:374] ----------------- 0x22d56946c6cc1d4ed09f02858ddb990fcc981c55 ---Cake -- cake 1000.000000
[18:48:03,052][INFO][10792][auction.py:367] {'blockNumber': '10704454', 'timeStamp': '1631009839', 'hash': '0x78f8dd0ac3075bee01d9e4c3e4bb1ca3c54b9da8b54edbaeee570213289a8a63', 'nonce': '496', 'blockHash': '0x2406984443008fe2dc80c8552016b7ca40de9780aa2db8fb6901931f5d541a7e', 'from': '0x22d56946c6cc1d4ed09f02858ddb990fcc981c55', 'contractAddress': '0x0e09fabb73bd3ade0a17ecc321fd13a19e81ce82', 'to': '0xb92ab7c1edcb273aba24b0656ceb3681654805d2', 'value': '100000000000000000000', 'tokenName': 'PancakeSwap Token', 'tokenSymbol': 'Cake', 'tokenDecimal': '18', 'transactionIndex': '145', 'gas': '74495', 'gasPrice': '5000000000', 'gasUsed': '68803', 'cumulativeGasUsed': '16706719', 'input': 'deprecated', 'confirmations': '1792'}
[18:48:03,052][INFO][10792][auction.py:370] ----------------- 0xb92ab7c1edcb273aba24b0656ceb3681654805d2 ---Cake
[18:48:03,052][INFO][10792][auction.py:374] ----------------- 0x22d56946c6cc1d4ed09f02858ddb990fcc981c55 ---Cake -- cake 100.000000
[18:48:03,053][INFO][10792][auction.py:367] {'blockNumber': '10704970', 'timeStamp': '1631011423', 'hash': '0x245ddcac7b8f31a9464c7c78e1bb92199455500509896b72b4c12b4a219bfd07', 'nonce': '2859', 'blockHash': '0x4b86c8203e2cbad3bade32b24053318fed392d4d4de3e68f32df40c79a2cb5c5', 'from': '0x58092273a044d6e1d23b5095ae873f6e24e906ed', 'contractAddress': '0x0e09fabb73bd3ade0a17ecc321fd13a19e81ce82', 'to': '0xb92ab7c1edcb273aba24b0656ceb3681654805d2', 'value': '1500000000000000000000', 'tokenName': 'PancakeSwap Token', 'tokenSymbol': 'Cake', 'tokenDecimal': '18', 'transactionIndex': '271', 'gas': '166596', 'gasPrice': '5000000000', 'gasUsed': '160904', 'cumulativeGasUsed': '36662181', 'input': 'deprecated', 'confirmations': '1276'}
[18:48:03,053][INFO][10792][auction.py:370] ----------------- 0xb92ab7c1edcb273aba24b0656ceb3681654805d2 ---Cake
[18:48:03,053][INFO][10792][auction.py:374] ----------------- 0x58092273a044d6e1d23b5095ae873f6e24e906ed ---Cake -- cake 1500.000000
[18:48:03,053][INFO][10792][auction.py:367] {'blockNumber': '10705049', 'timeStamp': '1631011660', 'hash': '0x142d128802299275e6b10cb2171fed090b9b649875fbffe5dac0d05421bd0e72', 'nonce': '10', 'blockHash': '0x9ed3270f34bd67e32ff8530a52cb58b7b69f8301ed2cd4ef2ffdd78e816e6fae', 'from': '0x5ed6b80f0e8b1c7fdb783202d4a926bbed2d49ee', 'contractAddress': '0x0e09fabb73bd3ade0a17ecc321fd13a19e81ce82', 'to': '0xb92ab7c1edcb273aba24b0656ceb3681654805d2', 'value': '100000000000000000000', 'tokenName': 'PancakeSwap Token', 'tokenSymbol': 'Cake', 'tokenDecimal': '18', 'transactionIndex': '83', 'gas': '74495', 'gasPrice': '5000000000', 'gasUsed': '68803', 'cumulativeGasUsed': '9552749', 'input': 'deprecated', 'confirmations': '1197'}
[18:48:03,053][INFO][10792][auction.py:370] ----------------- 0xb92ab7c1edcb273aba24b0656ceb3681654805d2 ---Cake
[18:48:03,053][INFO][10792][auction.py:374] ----------------- 0x5ed6b80f0e8b1c7fdb783202d4a926bbed2d49ee ---Cake -- cake 100.000000
[18:48:03,053][INFO][10792][auction.py:367] {'blockNumber': '10705454', 'timeStamp': '1631012899', 'hash': '0x952703eed5aa61378d616c4f7b6c666190835d6a57902f1a64fcf02fca84794c', 'nonce': '1', 'blockHash': '0x2dc24ca2731be3736198e22ac78da303739ce5574660be9642c331e70562bdf5', 'from': '0xcbd932ac66f645a3764733aacd30ce50e522fac1', 'contractAddress': '0x0e09fabb73bd3ade0a17ecc321fd13a19e81ce82', 'to': '0xb92ab7c1edcb273aba24b0656ceb3681654805d2', 'value': '3000000000000000000000', 'tokenName': 'PancakeSwap Token', 'tokenSymbol': 'Cake', 'tokenDecimal': '18', 'transactionIndex': '190', 'gas': '181596', 'gasPrice': '5000000000', 'gasUsed': '175904', 'cumulativeGasUsed': '32889266', 'input': 'deprecated', 'confirmations': '792'}
[18:48:03,053][INFO][10792][auction.py:370] ----------------- 0xb92ab7c1edcb273aba24b0656ceb3681654805d2 ---Cake
[18:48:03,053][INFO][10792][auction.py:374] ----------------- 0xcbd932ac66f645a3764733aacd30ce50e522fac1 ---Cake -- cake 3000.000000
[18:48:03,053][INFO][10792][auction.py:367] {'blockNumber': '10705719', 'timeStamp': '1631013696', 'hash': '0xc075a75784c45ad0d07454da1d09060ae6b82b98dce47416153438ece8d5e5eb', 'nonce': '2862', 'blockHash': '0x4d486b1d9e530b905d358744054caf756c4a62adcdf2949d20a30edcdd14f55f', 'from': '0x58092273a044d6e1d23b5095ae873f6e24e906ed', 'contractAddress': '0x0e09fabb73bd3ade0a17ecc321fd13a19e81ce82', 'to': '0xb92ab7c1edcb273aba24b0656ceb3681654805d2', 'value': '1610000000000000000000', 'tokenName': 'PancakeSwap Token', 'tokenSymbol': 'Cake', 'tokenDecimal': '18', 'transactionIndex': '87', 'gas': '74495', 'gasPrice': '5000000000', 'gasUsed': '68803', 'cumulativeGasUsed': '11673808', 'input': 'deprecated', 'confirmations': '527'}
[18:48:03,053][INFO][10792][auction.py:370] ----------------- 0xb92ab7c1edcb273aba24b0656ceb3681654805d2 ---Cake
[18:48:03,053][INFO][10792][auction.py:374] ----------------- 0x58092273a044d6e1d23b5095ae873f6e24e906ed ---Cake -- cake 1610.000000
[18:48:03,053][INFO][10792][auction.py:367] {'blockNumber': '10705763', 'timeStamp': '1631013828', 'hash': '0xfe517c002d195aaf34d15888ef5f561435c69a822733895c2f7cfe516b0cbc34', 'nonce': '2', 'blockHash': '0x5f00d6638e2574f5e426fb3c20e0d97a78ab721e650c19bdb4e03b69f6811788', 'from': '0xcbd932ac66f645a3764733aacd30ce50e522fac1', 'contractAddress': '0x0e09fabb73bd3ade0a17ecc321fd13a19e81ce82', 'to': '0xb92ab7c1edcb273aba24b0656ceb3681654805d2', 'value': '1000000000000000000000', 'tokenName': 'PancakeSwap Token', 'tokenSymbol': 'Cake', 'tokenDecimal': '18', 'transactionIndex': '114', 'gas': '74495', 'gasPrice': '5000000000', 'gasUsed': '68803', 'cumulativeGasUsed': '14686672', 'input': 'deprecated', 'confirmations': '483'}
[18:48:03,053][INFO][10792][auction.py:370] ----------------- 0xb92ab7c1edcb273aba24b0656ceb3681654805d2 ---Cake
[18:48:03,053][INFO][10792][auction.py:374] ----------------- 0xcbd932ac66f645a3764733aacd30ce50e522fac1 ---Cake -- cake 1000.000000
[18:48:33,188][INFO][10792][auction.py:363] getting all txs from block 10706117
[18:48:34,993][INFO][10792][auction.py:367] {'blockNumber': '10703164', 'timeStamp': '1631005959', 'hash': '0x2c47a0b312a42aef6b2aab02ef728de69c6b4087d04e0f9cde0d2f06af672f74', 'nonce': '151', 'blockHash': '0x3e3fa383c0fa96831def86a43ecb8a9293bc2031a806a9081cf76052129aa9d9', 'from': '0xae126b90d2835c5a2d720b0687ec59f59b768183', 'contractAddress': '0x0e09fabb73bd3ade0a17ecc321fd13a19e81ce82', 'to': '0xb92ab7c1edcb273aba24b0656ceb3681654805d2', 'value': '1000000000000000000000', 'tokenName': 'PancakeSwap Token', 'tokenSymbol': 'Cake', 'tokenDecimal': '18', 'transactionIndex': '81', 'gas': '181596', 'gasPrice': '5000000000', 'gasUsed': '175904', 'cumulativeGasUsed': '9902509', 'input': 'deprecated', 'confirmations': '3089'}
[18:48:34,993][INFO][10792][auction.py:370] ----------------- 0xb92ab7c1edcb273aba24b0656ceb3681654805d2 ---Cake
[18:48:34,993][INFO][10792][auction.py:374] ----------------- 0xae126b90d2835c5a2d720b0687ec59f59b768183 ---Cake -- cake 1000.000000
[18:48:34,993][INFO][10792][auction.py:367] {'blockNumber': '10703538', 'timeStamp': '1631007086', 'hash': '0x04fb7e45c4b68346660313324ae7f5b3169c4afba2938a991fc8f9cbb360bbba', 'nonce': '9', 'blockHash': '0x95697e8986f214f779687815df79e4448a445b70b6e5da4e685f61a341e33bed', 'from': '0x5ed6b80f0e8b1c7fdb783202d4a926bbed2d49ee', 'contractAddress': '0x0e09fabb73bd3ade0a17ecc321fd13a19e81ce82', 'to': '0xb92ab7c1edcb273aba24b0656ceb3681654805d2', 'value': '1010000000000000000000', 'tokenName': 'PancakeSwap Token', 'tokenSymbol': 'Cake', 'tokenDecimal': '18', 'transactionIndex': '161', 'gas': '181596', 'gasPrice': '5000000000', 'gasUsed': '175904', 'cumulativeGasUsed': '23412019', 'input': 'deprecated', 'confirmations': '2715'}
[18:48:34,993][INFO][10792][auction.py:370] ----------------- 0xb92ab7c1edcb273aba24b0656ceb3681654805d2 ---Cake
[18:48:34,993][INFO][10792][auction.py:374] ----------------- 0x5ed6b80f0e8b1c7fdb783202d4a926bbed2d49ee ---Cake -- cake 1010.000000
[18:48:34,993][INFO][10792][auction.py:367] {'blockNumber': '10703574', 'timeStamp': '1631007194', 'hash': '0xde7fb6a7e7881132b09831318bfef574dd39724616e59e8f1065b025ba1cf4e8', 'nonce': '480', 'blockHash': '0xfc43f5d81c20d7d41680ab7c02e3c996d03677aa2ef51e7eca04c596025e865e', 'from': '0xfad3b5feac1aaf86b3f66d105f2fa9607164d86b', 'contractAddress': '0x0e09fabb73bd3ade0a17ecc321fd13a19e81ce82', 'to': '0xb92ab7c1edcb273aba24b0656ceb3681654805d2', 'value': '1020000000000000000000', 'tokenName': 'PancakeSwap Token', 'tokenSymbol': 'Cake', 'tokenDecimal': '18', 'transactionIndex': '88', 'gas': '166596', 'gasPrice': '5000000000', 'gasUsed': '160904', 'cumulativeGasUsed': '16679294', 'input': 'deprecated', 'confirmations': '2679'}
[18:48:34,993][INFO][10792][auction.py:370] ----------------- 0xb92ab7c1edcb273aba24b0656ceb3681654805d2 ---Cake
[18:48:34,993][INFO][10792][auction.py:374] ----------------- 0xfad3b5feac1aaf86b3f66d105f2fa9607164d86b ---Cake -- cake 1020.000000
[18:48:34,993][INFO][10792][auction.py:367] {'blockNumber': '10704298', 'timeStamp': '1631009371', 'hash': '0x9cff86beb07d9f4db1ea9e4dac3475ceab20574aaf4c303dba6e24cbafcf8d7c', 'nonce': '489', 'blockHash': '0x70c9905f3136844f467e3381edaec15bfd0663b90de3b91512a9c40a422d3142', 'from': '0x22d56946c6cc1d4ed09f02858ddb990fcc981c55', 'contractAddress': '0x0e09fabb73bd3ade0a17ecc321fd13a19e81ce82', 'to': '0xb92ab7c1edcb273aba24b0656ceb3681654805d2', 'value': '1000000000000000000000', 'tokenName': 'PancakeSwap Token', 'tokenSymbol': 'Cake', 'tokenDecimal': '18', 'transactionIndex': '137', 'gas': '181596', 'gasPrice': '5000000000', 'gasUsed': '175904', 'cumulativeGasUsed': '18845957', 'input': 'deprecated', 'confirmations': '1955'}
[18:48:34,993][INFO][10792][auction.py:370] ----------------- 0xb92ab7c1edcb273aba24b0656ceb3681654805d2 ---Cake
[18:48:34,993][INFO][10792][auction.py:374] ----------------- 0x22d56946c6cc1d4ed09f02858ddb990fcc981c55 ---Cake -- cake 1000.000000
[18:48:34,993][INFO][10792][auction.py:367] {'blockNumber': '10704454', 'timeStamp': '1631009839', 'hash': '0x78f8dd0ac3075bee01d9e4c3e4bb1ca3c54b9da8b54edbaeee570213289a8a63', 'nonce': '496', 'blockHash': '0x2406984443008fe2dc80c8552016b7ca40de9780aa2db8fb6901931f5d541a7e', 'from': '0x22d56946c6cc1d4ed09f02858ddb990fcc981c55', 'contractAddress': '0x0e09fabb73bd3ade0a17ecc321fd13a19e81ce82', 'to': '0xb92ab7c1edcb273aba24b0656ceb3681654805d2', 'value': '100000000000000000000', 'tokenName': 'PancakeSwap Token', 'tokenSymbol': 'Cake', 'tokenDecimal': '18', 'transactionIndex': '145', 'gas': '74495', 'gasPrice': '5000000000', 'gasUsed': '68803', 'cumulativeGasUsed': '16706719', 'input': 'deprecated', 'confirmations': '1799'}
[18:48:34,993][INFO][10792][auction.py:370] ----------------- 0xb92ab7c1edcb273aba24b0656ceb3681654805d2 ---Cake
[18:48:34,993][INFO][10792][auction.py:374] ----------------- 0x22d56946c6cc1d4ed09f02858ddb990fcc981c55 ---Cake -- cake 100.000000
[18:48:34,993][INFO][10792][auction.py:367] {'blockNumber': '10704970', 'timeStamp': '1631011423', 'hash': '0x245ddcac7b8f31a9464c7c78e1bb92199455500509896b72b4c12b4a219bfd07', 'nonce': '2859', 'blockHash': '0x4b86c8203e2cbad3bade32b24053318fed392d4d4de3e68f32df40c79a2cb5c5', 'from': '0x58092273a044d6e1d23b5095ae873f6e24e906ed', 'contractAddress': '0x0e09fabb73bd3ade0a17ecc321fd13a19e81ce82', 'to': '0xb92ab7c1edcb273aba24b0656ceb3681654805d2', 'value': '1500000000000000000000', 'tokenName': 'PancakeSwap Token', 'tokenSymbol': 'Cake', 'tokenDecimal': '18', 'transactionIndex': '271', 'gas': '166596', 'gasPrice': '5000000000', 'gasUsed': '160904', 'cumulativeGasUsed': '36662181', 'input': 'deprecated', 'confirmations': '1283'}
[18:48:34,993][INFO][10792][auction.py:370] ----------------- 0xb92ab7c1edcb273aba24b0656ceb3681654805d2 ---Cake
[18:48:34,993][INFO][10792][auction.py:374] ----------------- 0x58092273a044d6e1d23b5095ae873f6e24e906ed ---Cake -- cake 1500.000000
[18:48:34,993][INFO][10792][auction.py:367] {'blockNumber': '10705049', 'timeStamp': '1631011660', 'hash': '0x142d128802299275e6b10cb2171fed090b9b649875fbffe5dac0d05421bd0e72', 'nonce': '10', 'blockHash': '0x9ed3270f34bd67e32ff8530a52cb58b7b69f8301ed2cd4ef2ffdd78e816e6fae', 'from': '0x5ed6b80f0e8b1c7fdb783202d4a926bbed2d49ee', 'contractAddress': '0x0e09fabb73bd3ade0a17ecc321fd13a19e81ce82', 'to': '0xb92ab7c1edcb273aba24b0656ceb3681654805d2', 'value': '100000000000000000000', 'tokenName': 'PancakeSwap Token', 'tokenSymbol': 'Cake', 'tokenDecimal': '18', 'transactionIndex': '83', 'gas': '74495', 'gasPrice': '5000000000', 'gasUsed': '68803', 'cumulativeGasUsed': '9552749', 'input': 'deprecated', 'confirmations': '1204'}
[18:48:34,993][INFO][10792][auction.py:370] ----------------- 0xb92ab7c1edcb273aba24b0656ceb3681654805d2 ---Cake
[18:48:34,993][INFO][10792][auction.py:374] ----------------- 0x5ed6b80f0e8b1c7fdb783202d4a926bbed2d49ee ---Cake -- cake 100.000000
[18:48:34,994][INFO][10792][auction.py:367] {'blockNumber': '10705454', 'timeStamp': '1631012899', 'hash': '0x952703eed5aa61378d616c4f7b6c666190835d6a57902f1a64fcf02fca84794c', 'nonce': '1', 'blockHash': '0x2dc24ca2731be3736198e22ac78da303739ce5574660be9642c331e70562bdf5', 'from': '0xcbd932ac66f645a3764733aacd30ce50e522fac1', 'contractAddress': '0x0e09fabb73bd3ade0a17ecc321fd13a19e81ce82', 'to': '0xb92ab7c1edcb273aba24b0656ceb3681654805d2', 'value': '3000000000000000000000', 'tokenName': 'PancakeSwap Token', 'tokenSymbol': 'Cake', 'tokenDecimal': '18', 'transactionIndex': '190', 'gas': '181596', 'gasPrice': '5000000000', 'gasUsed': '175904', 'cumulativeGasUsed': '32889266', 'input': 'deprecated', 'confirmations': '799'}
[18:48:34,994][INFO][10792][auction.py:370] ----------------- 0xb92ab7c1edcb273aba24b0656ceb3681654805d2 ---Cake
[18:48:34,994][INFO][10792][auction.py:374] ----------------- 0xcbd932ac66f645a3764733aacd30ce50e522fac1 ---Cake -- cake 3000.000000
[18:48:34,994][INFO][10792][auction.py:367] {'blockNumber': '10705719', 'timeStamp': '1631013696', 'hash': '0xc075a75784c45ad0d07454da1d09060ae6b82b98dce47416153438ece8d5e5eb', 'nonce': '2862', 'blockHash': '0x4d486b1d9e530b905d358744054caf756c4a62adcdf2949d20a30edcdd14f55f', 'from': '0x58092273a044d6e1d23b5095ae873f6e24e906ed', 'contractAddress': '0x0e09fabb73bd3ade0a17ecc321fd13a19e81ce82', 'to': '0xb92ab7c1edcb273aba24b0656ceb3681654805d2', 'value': '1610000000000000000000', 'tokenName': 'PancakeSwap Token', 'tokenSymbol': 'Cake', 'tokenDecimal': '18', 'transactionIndex': '87', 'gas': '74495', 'gasPrice': '5000000000', 'gasUsed': '68803', 'cumulativeGasUsed': '11673808', 'input': 'deprecated', 'confirmations': '534'}
[18:48:34,994][INFO][10792][auction.py:370] ----------------- 0xb92ab7c1edcb273aba24b0656ceb3681654805d2 ---Cake
[18:48:34,994][INFO][10792][auction.py:374] ----------------- 0x58092273a044d6e1d23b5095ae873f6e24e906ed ---Cake -- cake 1610.000000
[18:48:34,994][INFO][10792][auction.py:367] {'blockNumber': '10705763', 'timeStamp': '1631013828', 'hash': '0xfe517c002d195aaf34d15888ef5f561435c69a822733895c2f7cfe516b0cbc34', 'nonce': '2', 'blockHash': '0x5f00d6638e2574f5e426fb3c20e0d97a78ab721e650c19bdb4e03b69f6811788', 'from': '0xcbd932ac66f645a3764733aacd30ce50e522fac1', 'contractAddress': '0x0e09fabb73bd3ade0a17ecc321fd13a19e81ce82', 'to': '0xb92ab7c1edcb273aba24b0656ceb3681654805d2', 'value': '1000000000000000000000', 'tokenName': 'PancakeSwap Token', 'tokenSymbol': 'Cake', 'tokenDecimal': '18', 'transactionIndex': '114', 'gas': '74495', 'gasPrice': '5000000000', 'gasUsed': '68803', 'cumulativeGasUsed': '14686672', 'input': 'deprecated', 'confirmations': '490'}
[18:48:34,994][INFO][10792][auction.py:370] ----------------- 0xb92ab7c1edcb273aba24b0656ceb3681654805d2 ---Cake
[18:48:34,994][INFO][10792][auction.py:374] ----------------- 0xcbd932ac66f645a3764733aacd30ce50e522fac1 ---Cake -- cake 1000.000000
[18:49:05,082][INFO][10792][auction.py:363] getting all txs from block 10706117
[18:49:06,340][INFO][10792][auction.py:367] {'blockNumber': '10703164', 'timeStamp': '1631005959', 'hash': '0x2c47a0b312a42aef6b2aab02ef728de69c6b4087d04e0f9cde0d2f06af672f74', 'nonce': '151', 'blockHash': '0x3e3fa383c0fa96831def86a43ecb8a9293bc2031a806a9081cf76052129aa9d9', 'from': '0xae126b90d2835c5a2d720b0687ec59f59b768183', 'contractAddress': '0x0e09fabb73bd3ade0a17ecc321fd13a19e81ce82', 'to': '0xb92ab7c1edcb273aba24b0656ceb3681654805d2', 'value': '1000000000000000000000', 'tokenName': 'PancakeSwap Token', 'tokenSymbol': 'Cake', 'tokenDecimal': '18', 'transactionIndex': '81', 'gas': '181596', 'gasPrice': '5000000000', 'gasUsed': '175904', 'cumulativeGasUsed': '9902509', 'input': 'deprecated', 'confirmations': '3103'}
[18:49:06,340][INFO][10792][auction.py:370] ----------------- 0xb92ab7c1edcb273aba24b0656ceb3681654805d2 ---Cake
[18:49:06,340][INFO][10792][auction.py:374] ----------------- 0xae126b90d2835c5a2d720b0687ec59f59b768183 ---Cake -- cake 1000.000000
[18:49:06,340][INFO][10792][auction.py:367] {'blockNumber': '10703538', 'timeStamp': '1631007086', 'hash': '0x04fb7e45c4b68346660313324ae7f5b3169c4afba2938a991fc8f9cbb360bbba', 'nonce': '9', 'blockHash': '0x95697e8986f214f779687815df79e4448a445b70b6e5da4e685f61a341e33bed', 'from': '0x5ed6b80f0e8b1c7fdb783202d4a926bbed2d49ee', 'contractAddress': '0x0e09fabb73bd3ade0a17ecc321fd13a19e81ce82', 'to': '0xb92ab7c1edcb273aba24b0656ceb3681654805d2', 'value': '1010000000000000000000', 'tokenName': 'PancakeSwap Token', 'tokenSymbol': 'Cake', 'tokenDecimal': '18', 'transactionIndex': '161', 'gas': '181596', 'gasPrice': '5000000000', 'gasUsed': '175904', 'cumulativeGasUsed': '23412019', 'input': 'deprecated', 'confirmations': '2729'}
[18:49:06,340][INFO][10792][auction.py:370] ----------------- 0xb92ab7c1edcb273aba24b0656ceb3681654805d2 ---Cake
[18:49:06,340][INFO][10792][auction.py:374] ----------------- 0x5ed6b80f0e8b1c7fdb783202d4a926bbed2d49ee ---Cake -- cake 1010.000000
[18:49:06,340][INFO][10792][auction.py:367] {'blockNumber': '10703574', 'timeStamp': '1631007194', 'hash': '0xde7fb6a7e7881132b09831318bfef574dd39724616e59e8f1065b025ba1cf4e8', 'nonce': '480', 'blockHash': '0xfc43f5d81c20d7d41680ab7c02e3c996d03677aa2ef51e7eca04c596025e865e', 'from': '0xfad3b5feac1aaf86b3f66d105f2fa9607164d86b', 'contractAddress': '0x0e09fabb73bd3ade0a17ecc321fd13a19e81ce82', 'to': '0xb92ab7c1edcb273aba24b0656ceb3681654805d2', 'value': '1020000000000000000000', 'tokenName': 'PancakeSwap Token', 'tokenSymbol': 'Cake', 'tokenDecimal': '18', 'transactionIndex': '88', 'gas': '166596', 'gasPrice': '5000000000', 'gasUsed': '160904', 'cumulativeGasUsed': '16679294', 'input': 'deprecated', 'confirmations': '2693'}
[18:49:06,340][INFO][10792][auction.py:370] ----------------- 0xb92ab7c1edcb273aba24b0656ceb3681654805d2 ---Cake
[18:49:06,340][INFO][10792][auction.py:374] ----------------- 0xfad3b5feac1aaf86b3f66d105f2fa9607164d86b ---Cake -- cake 1020.000000
[18:49:06,340][INFO][10792][auction.py:367] {'blockNumber': '10704298', 'timeStamp': '1631009371', 'hash': '0x9cff86beb07d9f4db1ea9e4dac3475ceab20574aaf4c303dba6e24cbafcf8d7c', 'nonce': '489', 'blockHash': '0x70c9905f3136844f467e3381edaec15bfd0663b90de3b91512a9c40a422d3142', 'from': '0x22d56946c6cc1d4ed09f02858ddb990fcc981c55', 'contractAddress': '0x0e09fabb73bd3ade0a17ecc321fd13a19e81ce82', 'to': '0xb92ab7c1edcb273aba24b0656ceb3681654805d2', 'value': '1000000000000000000000', 'tokenName': 'PancakeSwap Token', 'tokenSymbol': 'Cake', 'tokenDecimal': '18', 'transactionIndex': '137', 'gas': '181596', 'gasPrice': '5000000000', 'gasUsed': '175904', 'cumulativeGasUsed': '18845957', 'input': 'deprecated', 'confirmations': '1969'}
[18:49:06,340][INFO][10792][auction.py:370] ----------------- 0xb92ab7c1edcb273aba24b0656ceb3681654805d2 ---Cake
[18:49:06,340][INFO][10792][auction.py:374] ----------------- 0x22d56946c6cc1d4ed09f02858ddb990fcc981c55 ---Cake -- cake 1000.000000
[18:49:06,340][INFO][10792][auction.py:367] {'blockNumber': '10704454', 'timeStamp': '1631009839', 'hash': '0x78f8dd0ac3075bee01d9e4c3e4bb1ca3c54b9da8b54edbaeee570213289a8a63', 'nonce': '496', 'blockHash': '0x2406984443008fe2dc80c8552016b7ca40de9780aa2db8fb6901931f5d541a7e', 'from': '0x22d56946c6cc1d4ed09f02858ddb990fcc981c55', 'contractAddress': '0x0e09fabb73bd3ade0a17ecc321fd13a19e81ce82', 'to': '0xb92ab7c1edcb273aba24b0656ceb3681654805d2', 'value': '100000000000000000000', 'tokenName': 'PancakeSwap Token', 'tokenSymbol': 'Cake', 'tokenDecimal': '18', 'transactionIndex': '145', 'gas': '74495', 'gasPrice': '5000000000', 'gasUsed': '68803', 'cumulativeGasUsed': '16706719', 'input': 'deprecated', 'confirmations': '1813'}
[18:49:06,340][INFO][10792][auction.py:370] ----------------- 0xb92ab7c1edcb273aba24b0656ceb3681654805d2 ---Cake
[18:49:06,340][INFO][10792][auction.py:374] ----------------- 0x22d56946c6cc1d4ed09f02858ddb990fcc981c55 ---Cake -- cake 100.000000
[18:49:06,340][INFO][10792][auction.py:367] {'blockNumber': '10704970', 'timeStamp': '1631011423', 'hash': '0x245ddcac7b8f31a9464c7c78e1bb92199455500509896b72b4c12b4a219bfd07', 'nonce': '2859', 'blockHash': '0x4b86c8203e2cbad3bade32b24053318fed392d4d4de3e68f32df40c79a2cb5c5', 'from': '0x58092273a044d6e1d23b5095ae873f6e24e906ed', 'contractAddress': '0x0e09fabb73bd3ade0a17ecc321fd13a19e81ce82', 'to': '0xb92ab7c1edcb273aba24b0656ceb3681654805d2', 'value': '1500000000000000000000', 'tokenName': 'PancakeSwap Token', 'tokenSymbol': 'Cake', 'tokenDecimal': '18', 'transactionIndex': '271', 'gas': '166596', 'gasPrice': '5000000000', 'gasUsed': '160904', 'cumulativeGasUsed': '36662181', 'input': 'deprecated', 'confirmations': '1297'}
[18:49:06,340][INFO][10792][auction.py:370] ----------------- 0xb92ab7c1edcb273aba24b0656ceb3681654805d2 ---Cake
[18:49:06,341][INFO][10792][auction.py:374] ----------------- 0x58092273a044d6e1d23b5095ae873f6e24e906ed ---Cake -- cake 1500.000000
[18:49:06,341][INFO][10792][auction.py:367] {'blockNumber': '10705049', 'timeStamp': '1631011660', 'hash': '0x142d128802299275e6b10cb2171fed090b9b649875fbffe5dac0d05421bd0e72', 'nonce': '10', 'blockHash': '0x9ed3270f34bd67e32ff8530a52cb58b7b69f8301ed2cd4ef2ffdd78e816e6fae', 'from': '0x5ed6b80f0e8b1c7fdb783202d4a926bbed2d49ee', 'contractAddress': '0x0e09fabb73bd3ade0a17ecc321fd13a19e81ce82', 'to': '0xb92ab7c1edcb273aba24b0656ceb3681654805d2', 'value': '100000000000000000000', 'tokenName': 'PancakeSwap Token', 'tokenSymbol': 'Cake', 'tokenDecimal': '18', 'transactionIndex': '83', 'gas': '74495', 'gasPrice': '5000000000', 'gasUsed': '68803', 'cumulativeGasUsed': '9552749', 'input': 'deprecated', 'confirmations': '1218'}
[18:49:06,341][INFO][10792][auction.py:370] ----------------- 0xb92ab7c1edcb273aba24b0656ceb3681654805d2 ---Cake
[18:49:06,341][INFO][10792][auction.py:374] ----------------- 0x5ed6b80f0e8b1c7fdb783202d4a926bbed2d49ee ---Cake -- cake 100.000000
[18:49:06,341][INFO][10792][auction.py:367] {'blockNumber': '10705454', 'timeStamp': '1631012899', 'hash': '0x952703eed5aa61378d616c4f7b6c666190835d6a57902f1a64fcf02fca84794c', 'nonce': '1', 'blockHash': '0x2dc24ca2731be3736198e22ac78da303739ce5574660be9642c331e70562bdf5', 'from': '0xcbd932ac66f645a3764733aacd30ce50e522fac1', 'contractAddress': '0x0e09fabb73bd3ade0a17ecc321fd13a19e81ce82', 'to': '0xb92ab7c1edcb273aba24b0656ceb3681654805d2', 'value': '3000000000000000000000', 'tokenName': 'PancakeSwap Token', 'tokenSymbol': 'Cake', 'tokenDecimal': '18', 'transactionIndex': '190', 'gas': '181596', 'gasPrice': '5000000000', 'gasUsed': '175904', 'cumulativeGasUsed': '32889266', 'input': 'deprecated', 'confirmations': '813'}
[18:49:06,341][INFO][10792][auction.py:370] ----------------- 0xb92ab7c1edcb273aba24b0656ceb3681654805d2 ---Cake
[18:49:06,341][INFO][10792][auction.py:374] ----------------- 0xcbd932ac66f645a3764733aacd30ce50e522fac1 ---Cake -- cake 3000.000000
[18:49:06,341][INFO][10792][auction.py:367] {'blockNumber': '10705719', 'timeStamp': '1631013696', 'hash': '0xc075a75784c45ad0d07454da1d09060ae6b82b98dce47416153438ece8d5e5eb', 'nonce': '2862', 'blockHash': '0x4d486b1d9e530b905d358744054caf756c4a62adcdf2949d20a30edcdd14f55f', 'from': '0x58092273a044d6e1d23b5095ae873f6e24e906ed', 'contractAddress': '0x0e09fabb73bd3ade0a17ecc321fd13a19e81ce82', 'to': '0xb92ab7c1edcb273aba24b0656ceb3681654805d2', 'value': '1610000000000000000000', 'tokenName': 'PancakeSwap Token', 'tokenSymbol': 'Cake', 'tokenDecimal': '18', 'transactionIndex': '87', 'gas': '74495', 'gasPrice': '5000000000', 'gasUsed': '68803', 'cumulativeGasUsed': '11673808', 'input': 'deprecated', 'confirmations': '548'}
[18:49:06,341][INFO][10792][auction.py:370] ----------------- 0xb92ab7c1edcb273aba24b0656ceb3681654805d2 ---Cake
[18:49:06,341][INFO][10792][auction.py:374] ----------------- 0x58092273a044d6e1d23b5095ae873f6e24e906ed ---Cake -- cake 1610.000000
[18:49:06,341][INFO][10792][auction.py:367] {'blockNumber': '10705763', 'timeStamp': '1631013828', 'hash': '0xfe517c002d195aaf34d15888ef5f561435c69a822733895c2f7cfe516b0cbc34', 'nonce': '2', 'blockHash': '0x5f00d6638e2574f5e426fb3c20e0d97a78ab721e650c19bdb4e03b69f6811788', 'from': '0xcbd932ac66f645a3764733aacd30ce50e522fac1', 'contractAddress': '0x0e09fabb73bd3ade0a17ecc321fd13a19e81ce82', 'to': '0xb92ab7c1edcb273aba24b0656ceb3681654805d2', 'value': '1000000000000000000000', 'tokenName': 'PancakeSwap Token', 'tokenSymbol': 'Cake', 'tokenDecimal': '18', 'transactionIndex': '114', 'gas': '74495', 'gasPrice': '5000000000', 'gasUsed': '68803', 'cumulativeGasUsed': '14686672', 'input': 'deprecated', 'confirmations': '504'}
[18:49:06,341][INFO][10792][auction.py:370] ----------------- 0xb92ab7c1edcb273aba24b0656ceb3681654805d2 ---Cake
[18:49:06,341][INFO][10792][auction.py:374] ----------------- 0xcbd932ac66f645a3764733aacd30ce50e522fac1 ---Cake -- cake 1000.000000
[18:49:36,485][INFO][10792][auction.py:363] getting all txs from block 10706117
[18:49:38,352][INFO][10792][auction.py:367] {'blockNumber': '10703164', 'timeStamp': '1631005959', 'hash': '0x2c47a0b312a42aef6b2aab02ef728de69c6b4087d04e0f9cde0d2f06af672f74', 'nonce': '151', 'blockHash': '0x3e3fa383c0fa96831def86a43ecb8a9293bc2031a806a9081cf76052129aa9d9', 'from': '0xae126b90d2835c5a2d720b0687ec59f59b768183', 'contractAddress': '0x0e09fabb73bd3ade0a17ecc321fd13a19e81ce82', 'to': '0xb92ab7c1edcb273aba24b0656ceb3681654805d2', 'value': '1000000000000000000000', 'tokenName': 'PancakeSwap Token', 'tokenSymbol': 'Cake', 'tokenDecimal': '18', 'transactionIndex': '81', 'gas': '181596', 'gasPrice': '5000000000', 'gasUsed': '175904', 'cumulativeGasUsed': '9902509', 'input': 'deprecated', 'confirmations': '3113'}
[18:49:38,352][INFO][10792][auction.py:370] ----------------- 0xb92ab7c1edcb273aba24b0656ceb3681654805d2 ---Cake
[18:49:38,352][INFO][10792][auction.py:374] ----------------- 0xae126b90d2835c5a2d720b0687ec59f59b768183 ---Cake -- cake 1000.000000
[18:49:38,353][INFO][10792][auction.py:367] {'blockNumber': '10703538', 'timeStamp': '1631007086', 'hash': '0x04fb7e45c4b68346660313324ae7f5b3169c4afba2938a991fc8f9cbb360bbba', 'nonce': '9', 'blockHash': '0x95697e8986f214f779687815df79e4448a445b70b6e5da4e685f61a341e33bed', 'from': '0x5ed6b80f0e8b1c7fdb783202d4a926bbed2d49ee', 'contractAddress': '0x0e09fabb73bd3ade0a17ecc321fd13a19e81ce82', 'to': '0xb92ab7c1edcb273aba24b0656ceb3681654805d2', 'value': '1010000000000000000000', 'tokenName': 'PancakeSwap Token', 'tokenSymbol': 'Cake', 'tokenDecimal': '18', 'transactionIndex': '161', 'gas': '181596', 'gasPrice': '5000000000', 'gasUsed': '175904', 'cumulativeGasUsed': '23412019', 'input': 'deprecated', 'confirmations': '2739'}
[18:49:38,353][INFO][10792][auction.py:370] ----------------- 0xb92ab7c1edcb273aba24b0656ceb3681654805d2 ---Cake
[18:49:38,353][INFO][10792][auction.py:374] ----------------- 0x5ed6b80f0e8b1c7fdb783202d4a926bbed2d49ee ---Cake -- cake 1010.000000
[18:49:38,353][INFO][10792][auction.py:367] {'blockNumber': '10703574', 'timeStamp': '1631007194', 'hash': '0xde7fb6a7e7881132b09831318bfef574dd39724616e59e8f1065b025ba1cf4e8', 'nonce': '480', 'blockHash': '0xfc43f5d81c20d7d41680ab7c02e3c996d03677aa2ef51e7eca04c596025e865e', 'from': '0xfad3b5feac1aaf86b3f66d105f2fa9607164d86b', 'contractAddress': '0x0e09fabb73bd3ade0a17ecc321fd13a19e81ce82', 'to': '0xb92ab7c1edcb273aba24b0656ceb3681654805d2', 'value': '1020000000000000000000', 'tokenName': 'PancakeSwap Token', 'tokenSymbol': 'Cake', 'tokenDecimal': '18', 'transactionIndex': '88', 'gas': '166596', 'gasPrice': '5000000000', 'gasUsed': '160904', 'cumulativeGasUsed': '16679294', 'input': 'deprecated', 'confirmations': '2703'}
[18:49:38,354][INFO][10792][auction.py:370] ----------------- 0xb92ab7c1edcb273aba24b0656ceb3681654805d2 ---Cake
[18:49:38,354][INFO][10792][auction.py:374] ----------------- 0xfad3b5feac1aaf86b3f66d105f2fa9607164d86b ---Cake -- cake 1020.000000
[18:49:38,354][INFO][10792][auction.py:367] {'blockNumber': '10704298', 'timeStamp': '1631009371', 'hash': '0x9cff86beb07d9f4db1ea9e4dac3475ceab20574aaf4c303dba6e24cbafcf8d7c', 'nonce': '489', 'blockHash': '0x70c9905f3136844f467e3381edaec15bfd0663b90de3b91512a9c40a422d3142', 'from': '0x22d56946c6cc1d4ed09f02858ddb990fcc981c55', 'contractAddress': '0x0e09fabb73bd3ade0a17ecc321fd13a19e81ce82', 'to': '0xb92ab7c1edcb273aba24b0656ceb3681654805d2', 'value': '1000000000000000000000', 'tokenName': 'PancakeSwap Token', 'tokenSymbol': 'Cake', 'tokenDecimal': '18', 'transactionIndex': '137', 'gas': '181596', 'gasPrice': '5000000000', 'gasUsed': '175904', 'cumulativeGasUsed': '18845957', 'input': 'deprecated', 'confirmations': '1979'}
[18:49:38,354][INFO][10792][auction.py:370] ----------------- 0xb92ab7c1edcb273aba24b0656ceb3681654805d2 ---Cake
[18:49:38,354][INFO][10792][auction.py:374] ----------------- 0x22d56946c6cc1d4ed09f02858ddb990fcc981c55 ---Cake -- cake 1000.000000
[18:49:38,355][INFO][10792][auction.py:367] {'blockNumber': '10704454', 'timeStamp': '1631009839', 'hash': '0x78f8dd0ac3075bee01d9e4c3e4bb1ca3c54b9da8b54edbaeee570213289a8a63', 'nonce': '496', 'blockHash': '0x2406984443008fe2dc80c8552016b7ca40de9780aa2db8fb6901931f5d541a7e', 'from': '0x22d56946c6cc1d4ed09f02858ddb990fcc981c55', 'contractAddress': '0x0e09fabb73bd3ade0a17ecc321fd13a19e81ce82', 'to': '0xb92ab7c1edcb273aba24b0656ceb3681654805d2', 'value': '100000000000000000000', 'tokenName': 'PancakeSwap Token', 'tokenSymbol': 'Cake', 'tokenDecimal': '18', 'transactionIndex': '145', 'gas': '74495', 'gasPrice': '5000000000', 'gasUsed': '68803', 'cumulativeGasUsed': '16706719', 'input': 'deprecated', 'confirmations': '1823'}
[18:49:38,355][INFO][10792][auction.py:370] ----------------- 0xb92ab7c1edcb273aba24b0656ceb3681654805d2 ---Cake
[18:49:38,355][INFO][10792][auction.py:374] ----------------- 0x22d56946c6cc1d4ed09f02858ddb990fcc981c55 ---Cake -- cake 100.000000
[18:49:38,355][INFO][10792][auction.py:367] {'blockNumber': '10704970', 'timeStamp': '1631011423', 'hash': '0x245ddcac7b8f31a9464c7c78e1bb92199455500509896b72b4c12b4a219bfd07', 'nonce': '2859', 'blockHash': '0x4b86c8203e2cbad3bade32b24053318fed392d4d4de3e68f32df40c79a2cb5c5', 'from': '0x58092273a044d6e1d23b5095ae873f6e24e906ed', 'contractAddress': '0x0e09fabb73bd3ade0a17ecc321fd13a19e81ce82', 'to': '0xb92ab7c1edcb273aba24b0656ceb3681654805d2', 'value': '1500000000000000000000', 'tokenName': 'PancakeSwap Token', 'tokenSymbol': 'Cake', 'tokenDecimal': '18', 'transactionIndex': '271', 'gas': '166596', 'gasPrice': '5000000000', 'gasUsed': '160904', 'cumulativeGasUsed': '36662181', 'input': 'deprecated', 'confirmations': '1307'}
[18:49:38,355][INFO][10792][auction.py:370] ----------------- 0xb92ab7c1edcb273aba24b0656ceb3681654805d2 ---Cake
[18:49:38,356][INFO][10792][auction.py:374] ----------------- 0x58092273a044d6e1d23b5095ae873f6e24e906ed ---Cake -- cake 1500.000000
[18:49:38,356][INFO][10792][auction.py:367] {'blockNumber': '10705049', 'timeStamp': '1631011660', 'hash': '0x142d128802299275e6b10cb2171fed090b9b649875fbffe5dac0d05421bd0e72', 'nonce': '10', 'blockHash': '0x9ed3270f34bd67e32ff8530a52cb58b7b69f8301ed2cd4ef2ffdd78e816e6fae', 'from': '0x5ed6b80f0e8b1c7fdb783202d4a926bbed2d49ee', 'contractAddress': '0x0e09fabb73bd3ade0a17ecc321fd13a19e81ce82', 'to': '0xb92ab7c1edcb273aba24b0656ceb3681654805d2', 'value': '100000000000000000000', 'tokenName': 'PancakeSwap Token', 'tokenSymbol': 'Cake', 'tokenDecimal': '18', 'transactionIndex': '83', 'gas': '74495', 'gasPrice': '5000000000', 'gasUsed': '68803', 'cumulativeGasUsed': '9552749', 'input': 'deprecated', 'confirmations': '1228'}
[18:49:38,356][INFO][10792][auction.py:370] ----------------- 0xb92ab7c1edcb273aba24b0656ceb3681654805d2 ---Cake
[18:49:38,356][INFO][10792][auction.py:374] ----------------- 0x5ed6b80f0e8b1c7fdb783202d4a926bbed2d49ee ---Cake -- cake 100.000000
[18:49:38,356][INFO][10792][auction.py:367] {'blockNumber': '10705454', 'timeStamp': '1631012899', 'hash': '0x952703eed5aa61378d616c4f7b6c666190835d6a57902f1a64fcf02fca84794c', 'nonce': '1', 'blockHash': '0x2dc24ca2731be3736198e22ac78da303739ce5574660be9642c331e70562bdf5', 'from': '0xcbd932ac66f645a3764733aacd30ce50e522fac1', 'contractAddress': '0x0e09fabb73bd3ade0a17ecc321fd13a19e81ce82', 'to': '0xb92ab7c1edcb273aba24b0656ceb3681654805d2', 'value': '3000000000000000000000', 'tokenName': 'PancakeSwap Token', 'tokenSymbol': 'Cake', 'tokenDecimal': '18', 'transactionIndex': '190', 'gas': '181596', 'gasPrice': '5000000000', 'gasUsed': '175904', 'cumulativeGasUsed': '32889266', 'input': 'deprecated', 'confirmations': '823'}
[18:49:38,357][INFO][10792][auction.py:370] ----------------- 0xb92ab7c1edcb273aba24b0656ceb3681654805d2 ---Cake
[18:49:38,357][INFO][10792][auction.py:374] ----------------- 0xcbd932ac66f645a3764733aacd30ce50e522fac1 ---Cake -- cake 3000.000000
[18:49:38,357][INFO][10792][auction.py:367] {'blockNumber': '10705719', 'timeStamp': '1631013696', 'hash': '0xc075a75784c45ad0d07454da1d09060ae6b82b98dce47416153438ece8d5e5eb', 'nonce': '2862', 'blockHash': '0x4d486b1d9e530b905d358744054caf756c4a62adcdf2949d20a30edcdd14f55f', 'from': '0x58092273a044d6e1d23b5095ae873f6e24e906ed', 'contractAddress': '0x0e09fabb73bd3ade0a17ecc321fd13a19e81ce82', 'to': '0xb92ab7c1edcb273aba24b0656ceb3681654805d2', 'value': '1610000000000000000000', 'tokenName': 'PancakeSwap Token', 'tokenSymbol': 'Cake', 'tokenDecimal': '18', 'transactionIndex': '87', 'gas': '74495', 'gasPrice': '5000000000', 'gasUsed': '68803', 'cumulativeGasUsed': '11673808', 'input': 'deprecated', 'confirmations': '558'}
[18:49:38,357][INFO][10792][auction.py:370] ----------------- 0xb92ab7c1edcb273aba24b0656ceb3681654805d2 ---Cake
[18:49:38,357][INFO][10792][auction.py:374] ----------------- 0x58092273a044d6e1d23b5095ae873f6e24e906ed ---Cake -- cake 1610.000000
[18:49:38,358][INFO][10792][auction.py:367] {'blockNumber': '10705763', 'timeStamp': '1631013828', 'hash': '0xfe517c002d195aaf34d15888ef5f561435c69a822733895c2f7cfe516b0cbc34', 'nonce': '2', 'blockHash': '0x5f00d6638e2574f5e426fb3c20e0d97a78ab721e650c19bdb4e03b69f6811788', 'from': '0xcbd932ac66f645a3764733aacd30ce50e522fac1', 'contractAddress': '0x0e09fabb73bd3ade0a17ecc321fd13a19e81ce82', 'to': '0xb92ab7c1edcb273aba24b0656ceb3681654805d2', 'value': '1000000000000000000000', 'tokenName': 'PancakeSwap Token', 'tokenSymbol': 'Cake', 'tokenDecimal': '18', 'transactionIndex': '114', 'gas': '74495', 'gasPrice': '5000000000', 'gasUsed': '68803', 'cumulativeGasUsed': '14686672', 'input': 'deprecated', 'confirmations': '514'}
[18:49:38,358][INFO][10792][auction.py:370] ----------------- 0xb92ab7c1edcb273aba24b0656ceb3681654805d2 ---Cake
[18:49:38,358][INFO][10792][auction.py:374] ----------------- 0xcbd932ac66f645a3764733aacd30ce50e522fac1 ---Cake -- cake 1000.000000
[18:50:08,453][INFO][10792][auction.py:363] getting all txs from block 10706117
[18:50:10,919][INFO][10792][auction.py:367] {'blockNumber': '10703164', 'timeStamp': '1631005959', 'hash': '0x2c47a0b312a42aef6b2aab02ef728de69c6b4087d04e0f9cde0d2f06af672f74', 'nonce': '151', 'blockHash': '0x3e3fa383c0fa96831def86a43ecb8a9293bc2031a806a9081cf76052129aa9d9', 'from': '0xae126b90d2835c5a2d720b0687ec59f59b768183', 'contractAddress': '0x0e09fabb73bd3ade0a17ecc321fd13a19e81ce82', 'to': '0xb92ab7c1edcb273aba24b0656ceb3681654805d2', 'value': '1000000000000000000000', 'tokenName': 'PancakeSwap Token', 'tokenSymbol': 'Cake', 'tokenDecimal': '18', 'transactionIndex': '81', 'gas': '181596', 'gasPrice': '5000000000', 'gasUsed': '175904', 'cumulativeGasUsed': '9902509', 'input': 'deprecated', 'confirmations': '3123'}
[18:50:10,919][INFO][10792][auction.py:370] ----------------- 0xb92ab7c1edcb273aba24b0656ceb3681654805d2 ---Cake
[18:50:10,919][INFO][10792][auction.py:374] ----------------- 0xae126b90d2835c5a2d720b0687ec59f59b768183 ---Cake -- cake 1000.000000
[18:50:10,919][INFO][10792][auction.py:367] {'blockNumber': '10703538', 'timeStamp': '1631007086', 'hash': '0x04fb7e45c4b68346660313324ae7f5b3169c4afba2938a991fc8f9cbb360bbba', 'nonce': '9', 'blockHash': '0x95697e8986f214f779687815df79e4448a445b70b6e5da4e685f61a341e33bed', 'from': '0x5ed6b80f0e8b1c7fdb783202d4a926bbed2d49ee', 'contractAddress': '0x0e09fabb73bd3ade0a17ecc321fd13a19e81ce82', 'to': '0xb92ab7c1edcb273aba24b0656ceb3681654805d2', 'value': '1010000000000000000000', 'tokenName': 'PancakeSwap Token', 'tokenSymbol': 'Cake', 'tokenDecimal': '18', 'transactionIndex': '161', 'gas': '181596', 'gasPrice': '5000000000', 'gasUsed': '175904', 'cumulativeGasUsed': '23412019', 'input': 'deprecated', 'confirmations': '2749'}
[18:50:10,919][INFO][10792][auction.py:370] ----------------- 0xb92ab7c1edcb273aba24b0656ceb3681654805d2 ---Cake
[18:50:10,919][INFO][10792][auction.py:374] ----------------- 0x5ed6b80f0e8b1c7fdb783202d4a926bbed2d49ee ---Cake -- cake 1010.000000
[18:50:10,919][INFO][10792][auction.py:367] {'blockNumber': '10703574', 'timeStamp': '1631007194', 'hash': '0xde7fb6a7e7881132b09831318bfef574dd39724616e59e8f1065b025ba1cf4e8', 'nonce': '480', 'blockHash': '0xfc43f5d81c20d7d41680ab7c02e3c996d03677aa2ef51e7eca04c596025e865e', 'from': '0xfad3b5feac1aaf86b3f66d105f2fa9607164d86b', 'contractAddress': '0x0e09fabb73bd3ade0a17ecc321fd13a19e81ce82', 'to': '0xb92ab7c1edcb273aba24b0656ceb3681654805d2', 'value': '1020000000000000000000', 'tokenName': 'PancakeSwap Token', 'tokenSymbol': 'Cake', 'tokenDecimal': '18', 'transactionIndex': '88', 'gas': '166596', 'gasPrice': '5000000000', 'gasUsed': '160904', 'cumulativeGasUsed': '16679294', 'input': 'deprecated', 'confirmations': '2713'}
[18:50:10,919][INFO][10792][auction.py:370] ----------------- 0xb92ab7c1edcb273aba24b0656ceb3681654805d2 ---Cake
[18:50:10,919][INFO][10792][auction.py:374] ----------------- 0xfad3b5feac1aaf86b3f66d105f2fa9607164d86b ---Cake -- cake 1020.000000
[18:50:10,920][INFO][10792][auction.py:367] {'blockNumber': '10704298', 'timeStamp': '1631009371', 'hash': '0x9cff86beb07d9f4db1ea9e4dac3475ceab20574aaf4c303dba6e24cbafcf8d7c', 'nonce': '489', 'blockHash': '0x70c9905f3136844f467e3381edaec15bfd0663b90de3b91512a9c40a422d3142', 'from': '0x22d56946c6cc1d4ed09f02858ddb990fcc981c55', 'contractAddress': '0x0e09fabb73bd3ade0a17ecc321fd13a19e81ce82', 'to': '0xb92ab7c1edcb273aba24b0656ceb3681654805d2', 'value': '1000000000000000000000', 'tokenName': 'PancakeSwap Token', 'tokenSymbol': 'Cake', 'tokenDecimal': '18', 'transactionIndex': '137', 'gas': '181596', 'gasPrice': '5000000000', 'gasUsed': '175904', 'cumulativeGasUsed': '18845957', 'input': 'deprecated', 'confirmations': '1989'}
[18:50:10,920][INFO][10792][auction.py:370] ----------------- 0xb92ab7c1edcb273aba24b0656ceb3681654805d2 ---Cake
[18:50:10,920][INFO][10792][auction.py:374] ----------------- 0x22d56946c6cc1d4ed09f02858ddb990fcc981c55 ---Cake -- cake 1000.000000
[18:50:10,920][INFO][10792][auction.py:367] {'blockNumber': '10704454', 'timeStamp': '1631009839', 'hash': '0x78f8dd0ac3075bee01d9e4c3e4bb1ca3c54b9da8b54edbaeee570213289a8a63', 'nonce': '496', 'blockHash': '0x2406984443008fe2dc80c8552016b7ca40de9780aa2db8fb6901931f5d541a7e', 'from': '0x22d56946c6cc1d4ed09f02858ddb990fcc981c55', 'contractAddress': '0x0e09fabb73bd3ade0a17ecc321fd13a19e81ce82', 'to': '0xb92ab7c1edcb273aba24b0656ceb3681654805d2', 'value': '100000000000000000000', 'tokenName': 'PancakeSwap Token', 'tokenSymbol': 'Cake', 'tokenDecimal': '18', 'transactionIndex': '145', 'gas': '74495', 'gasPrice': '5000000000', 'gasUsed': '68803', 'cumulativeGasUsed': '16706719', 'input': 'deprecated', 'confirmations': '1833'}
[18:50:10,920][INFO][10792][auction.py:370] ----------------- 0xb92ab7c1edcb273aba24b0656ceb3681654805d2 ---Cake
[18:50:10,920][INFO][10792][auction.py:374] ----------------- 0x22d56946c6cc1d4ed09f02858ddb990fcc981c55 ---Cake -- cake 100.000000
[18:50:10,920][INFO][10792][auction.py:367] {'blockNumber': '10704970', 'timeStamp': '1631011423', 'hash': '0x245ddcac7b8f31a9464c7c78e1bb92199455500509896b72b4c12b4a219bfd07', 'nonce': '2859', 'blockHash': '0x4b86c8203e2cbad3bade32b24053318fed392d4d4de3e68f32df40c79a2cb5c5', 'from': '0x58092273a044d6e1d23b5095ae873f6e24e906ed', 'contractAddress': '0x0e09fabb73bd3ade0a17ecc321fd13a19e81ce82', 'to': '0xb92ab7c1edcb273aba24b0656ceb3681654805d2', 'value': '1500000000000000000000', 'tokenName': 'PancakeSwap Token', 'tokenSymbol': 'Cake', 'tokenDecimal': '18', 'transactionIndex': '271', 'gas': '166596', 'gasPrice': '5000000000', 'gasUsed': '160904', 'cumulativeGasUsed': '36662181', 'input': 'deprecated', 'confirmations': '1317'}
[18:50:10,920][INFO][10792][auction.py:370] ----------------- 0xb92ab7c1edcb273aba24b0656ceb3681654805d2 ---Cake
[18:50:10,920][INFO][10792][auction.py:374] ----------------- 0x58092273a044d6e1d23b5095ae873f6e24e906ed ---Cake -- cake 1500.000000
[18:50:10,920][INFO][10792][auction.py:367] {'blockNumber': '10705049', 'timeStamp': '1631011660', 'hash': '0x142d128802299275e6b10cb2171fed090b9b649875fbffe5dac0d05421bd0e72', 'nonce': '10', 'blockHash': '0x9ed3270f34bd67e32ff8530a52cb58b7b69f8301ed2cd4ef2ffdd78e816e6fae', 'from': '0x5ed6b80f0e8b1c7fdb783202d4a926bbed2d49ee', 'contractAddress': '0x0e09fabb73bd3ade0a17ecc321fd13a19e81ce82', 'to': '0xb92ab7c1edcb273aba24b0656ceb3681654805d2', 'value': '100000000000000000000', 'tokenName': 'PancakeSwap Token', 'tokenSymbol': 'Cake', 'tokenDecimal': '18', 'transactionIndex': '83', 'gas': '74495', 'gasPrice': '5000000000', 'gasUsed': '68803', 'cumulativeGasUsed': '9552749', 'input': 'deprecated', 'confirmations': '1238'}
[18:50:10,920][INFO][10792][auction.py:370] ----------------- 0xb92ab7c1edcb273aba24b0656ceb3681654805d2 ---Cake
[18:50:10,920][INFO][10792][auction.py:374] ----------------- 0x5ed6b80f0e8b1c7fdb783202d4a926bbed2d49ee ---Cake -- cake 100.000000
[18:50:10,920][INFO][10792][auction.py:367] {'blockNumber': '10705454', 'timeStamp': '1631012899', 'hash': '0x952703eed5aa61378d616c4f7b6c666190835d6a57902f1a64fcf02fca84794c', 'nonce': '1', 'blockHash': '0x2dc24ca2731be3736198e22ac78da303739ce5574660be9642c331e70562bdf5', 'from': '0xcbd932ac66f645a3764733aacd30ce50e522fac1', 'contractAddress': '0x0e09fabb73bd3ade0a17ecc321fd13a19e81ce82', 'to': '0xb92ab7c1edcb273aba24b0656ceb3681654805d2', 'value': '3000000000000000000000', 'tokenName': 'PancakeSwap Token', 'tokenSymbol': 'Cake', 'tokenDecimal': '18', 'transactionIndex': '190', 'gas': '181596', 'gasPrice': '5000000000', 'gasUsed': '175904', 'cumulativeGasUsed': '32889266', 'input': 'deprecated', 'confirmations': '833'}
[18:50:10,920][INFO][10792][auction.py:370] ----------------- 0xb92ab7c1edcb273aba24b0656ceb3681654805d2 ---Cake
[18:50:10,920][INFO][10792][auction.py:374] ----------------- 0xcbd932ac66f645a3764733aacd30ce50e522fac1 ---Cake -- cake 3000.000000
[18:50:10,920][INFO][10792][auction.py:367] {'blockNumber': '10705719', 'timeStamp': '1631013696', 'hash': '0xc075a75784c45ad0d07454da1d09060ae6b82b98dce47416153438ece8d5e5eb', 'nonce': '2862', 'blockHash': '0x4d486b1d9e530b905d358744054caf756c4a62adcdf2949d20a30edcdd14f55f', 'from': '0x58092273a044d6e1d23b5095ae873f6e24e906ed', 'contractAddress': '0x0e09fabb73bd3ade0a17ecc321fd13a19e81ce82', 'to': '0xb92ab7c1edcb273aba24b0656ceb3681654805d2', 'value': '1610000000000000000000', 'tokenName': 'PancakeSwap Token', 'tokenSymbol': 'Cake', 'tokenDecimal': '18', 'transactionIndex': '87', 'gas': '74495', 'gasPrice': '5000000000', 'gasUsed': '68803', 'cumulativeGasUsed': '11673808', 'input': 'deprecated', 'confirmations': '568'}
[18:50:10,920][INFO][10792][auction.py:370] ----------------- 0xb92ab7c1edcb273aba24b0656ceb3681654805d2 ---Cake
[18:50:10,920][INFO][10792][auction.py:374] ----------------- 0x58092273a044d6e1d23b5095ae873f6e24e906ed ---Cake -- cake 1610.000000
[18:50:10,920][INFO][10792][auction.py:367] {'blockNumber': '10705763', 'timeStamp': '1631013828', 'hash': '0xfe517c002d195aaf34d15888ef5f561435c69a822733895c2f7cfe516b0cbc34', 'nonce': '2', 'blockHash': '0x5f00d6638e2574f5e426fb3c20e0d97a78ab721e650c19bdb4e03b69f6811788', 'from': '0xcbd932ac66f645a3764733aacd30ce50e522fac1', 'contractAddress': '0x0e09fabb73bd3ade0a17ecc321fd13a19e81ce82', 'to': '0xb92ab7c1edcb273aba24b0656ceb3681654805d2', 'value': '1000000000000000000000', 'tokenName': 'PancakeSwap Token', 'tokenSymbol': 'Cake', 'tokenDecimal': '18', 'transactionIndex': '114', 'gas': '74495', 'gasPrice': '5000000000', 'gasUsed': '68803', 'cumulativeGasUsed': '14686672', 'input': 'deprecated', 'confirmations': '524'}
[18:50:10,920][INFO][10792][auction.py:370] ----------------- 0xb92ab7c1edcb273aba24b0656ceb3681654805d2 ---Cake
[18:50:10,920][INFO][10792][auction.py:374] ----------------- 0xcbd932ac66f645a3764733aacd30ce50e522fac1 ---Cake -- cake 1000.000000
[18:50:40,976][INFO][10792][auction.py:363] getting all txs from block 10706117
[18:50:43,274][INFO][10792][auction.py:367] {'blockNumber': '10703164', 'timeStamp': '1631005959', 'hash': '0x2c47a0b312a42aef6b2aab02ef728de69c6b4087d04e0f9cde0d2f06af672f74', 'nonce': '151', 'blockHash': '0x3e3fa383c0fa96831def86a43ecb8a9293bc2031a806a9081cf76052129aa9d9', 'from': '0xae126b90d2835c5a2d720b0687ec59f59b768183', 'contractAddress': '0x0e09fabb73bd3ade0a17ecc321fd13a19e81ce82', 'to': '0xb92ab7c1edcb273aba24b0656ceb3681654805d2', 'value': '1000000000000000000000', 'tokenName': 'PancakeSwap Token', 'tokenSymbol': 'Cake', 'tokenDecimal': '18', 'transactionIndex': '81', 'gas': '181596', 'gasPrice': '5000000000', 'gasUsed': '175904', 'cumulativeGasUsed': '9902509', 'input': 'deprecated', 'confirmations': '3134'}
[18:50:43,274][INFO][10792][auction.py:370] ----------------- 0xb92ab7c1edcb273aba24b0656ceb3681654805d2 ---Cake
[18:50:43,274][INFO][10792][auction.py:374] ----------------- 0xae126b90d2835c5a2d720b0687ec59f59b768183 ---Cake -- cake 1000.000000
[18:50:43,274][INFO][10792][auction.py:367] {'blockNumber': '10703538', 'timeStamp': '1631007086', 'hash': '0x04fb7e45c4b68346660313324ae7f5b3169c4afba2938a991fc8f9cbb360bbba', 'nonce': '9', 'blockHash': '0x95697e8986f214f779687815df79e4448a445b70b6e5da4e685f61a341e33bed', 'from': '0x5ed6b80f0e8b1c7fdb783202d4a926bbed2d49ee', 'contractAddress': '0x0e09fabb73bd3ade0a17ecc321fd13a19e81ce82', 'to': '0xb92ab7c1edcb273aba24b0656ceb3681654805d2', 'value': '1010000000000000000000', 'tokenName': 'PancakeSwap Token', 'tokenSymbol': 'Cake', 'tokenDecimal': '18', 'transactionIndex': '161', 'gas': '181596', 'gasPrice': '5000000000', 'gasUsed': '175904', 'cumulativeGasUsed': '23412019', 'input': 'deprecated', 'confirmations': '2760'}
[18:50:43,274][INFO][10792][auction.py:370] ----------------- 0xb92ab7c1edcb273aba24b0656ceb3681654805d2 ---Cake
[18:50:43,274][INFO][10792][auction.py:374] ----------------- 0x5ed6b80f0e8b1c7fdb783202d4a926bbed2d49ee ---Cake -- cake 1010.000000
[18:50:43,274][INFO][10792][auction.py:367] {'blockNumber': '10703574', 'timeStamp': '1631007194', 'hash': '0xde7fb6a7e7881132b09831318bfef574dd39724616e59e8f1065b025ba1cf4e8', 'nonce': '480', 'blockHash': '0xfc43f5d81c20d7d41680ab7c02e3c996d03677aa2ef51e7eca04c596025e865e', 'from': '0xfad3b5feac1aaf86b3f66d105f2fa9607164d86b', 'contractAddress': '0x0e09fabb73bd3ade0a17ecc321fd13a19e81ce82', 'to': '0xb92ab7c1edcb273aba24b0656ceb3681654805d2', 'value': '1020000000000000000000', 'tokenName': 'PancakeSwap Token', 'tokenSymbol': 'Cake', 'tokenDecimal': '18', 'transactionIndex': '88', 'gas': '166596', 'gasPrice': '5000000000', 'gasUsed': '160904', 'cumulativeGasUsed': '16679294', 'input': 'deprecated', 'confirmations': '2724'}
[18:50:43,274][INFO][10792][auction.py:370] ----------------- 0xb92ab7c1edcb273aba24b0656ceb3681654805d2 ---Cake
[18:50:43,274][INFO][10792][auction.py:374] ----------------- 0xfad3b5feac1aaf86b3f66d105f2fa9607164d86b ---Cake -- cake 1020.000000
[18:50:43,274][INFO][10792][auction.py:367] {'blockNumber': '10704298', 'timeStamp': '1631009371', 'hash': '0x9cff86beb07d9f4db1ea9e4dac3475ceab20574aaf4c303dba6e24cbafcf8d7c', 'nonce': '489', 'blockHash': '0x70c9905f3136844f467e3381edaec15bfd0663b90de3b91512a9c40a422d3142', 'from': '0x22d56946c6cc1d4ed09f02858ddb990fcc981c55', 'contractAddress': '0x0e09fabb73bd3ade0a17ecc321fd13a19e81ce82', 'to': '0xb92ab7c1edcb273aba24b0656ceb3681654805d2', 'value': '1000000000000000000000', 'tokenName': 'PancakeSwap Token', 'tokenSymbol': 'Cake', 'tokenDecimal': '18', 'transactionIndex': '137', 'gas': '181596', 'gasPrice': '5000000000', 'gasUsed': '175904', 'cumulativeGasUsed': '18845957', 'input': 'deprecated', 'confirmations': '2000'}
[18:50:43,274][INFO][10792][auction.py:370] ----------------- 0xb92ab7c1edcb273aba24b0656ceb3681654805d2 ---Cake
[18:50:43,274][INFO][10792][auction.py:374] ----------------- 0x22d56946c6cc1d4ed09f02858ddb990fcc981c55 ---Cake -- cake 1000.000000
[18:50:43,274][INFO][10792][auction.py:367] {'blockNumber': '10704454', 'timeStamp': '1631009839', 'hash': '0x78f8dd0ac3075bee01d9e4c3e4bb1ca3c54b9da8b54edbaeee570213289a8a63', 'nonce': '496', 'blockHash': '0x2406984443008fe2dc80c8552016b7ca40de9780aa2db8fb6901931f5d541a7e', 'from': '0x22d56946c6cc1d4ed09f02858ddb990fcc981c55', 'contractAddress': '0x0e09fabb73bd3ade0a17ecc321fd13a19e81ce82', 'to': '0xb92ab7c1edcb273aba24b0656ceb3681654805d2', 'value': '100000000000000000000', 'tokenName': 'PancakeSwap Token', 'tokenSymbol': 'Cake', 'tokenDecimal': '18', 'transactionIndex': '145', 'gas': '74495', 'gasPrice': '5000000000', 'gasUsed': '68803', 'cumulativeGasUsed': '16706719', 'input': 'deprecated', 'confirmations': '1844'}
[18:50:43,275][INFO][10792][auction.py:370] ----------------- 0xb92ab7c1edcb273aba24b0656ceb3681654805d2 ---Cake
[18:50:43,275][INFO][10792][auction.py:374] ----------------- 0x22d56946c6cc1d4ed09f02858ddb990fcc981c55 ---Cake -- cake 100.000000
[18:50:43,275][INFO][10792][auction.py:367] {'blockNumber': '10704970', 'timeStamp': '1631011423', 'hash': '0x245ddcac7b8f31a9464c7c78e1bb92199455500509896b72b4c12b4a219bfd07', 'nonce': '2859', 'blockHash': '0x4b86c8203e2cbad3bade32b24053318fed392d4d4de3e68f32df40c79a2cb5c5', 'from': '0x58092273a044d6e1d23b5095ae873f6e24e906ed', 'contractAddress': '0x0e09fabb73bd3ade0a17ecc321fd13a19e81ce82', 'to': '0xb92ab7c1edcb273aba24b0656ceb3681654805d2', 'value': '1500000000000000000000', 'tokenName': 'PancakeSwap Token', 'tokenSymbol': 'Cake', 'tokenDecimal': '18', 'transactionIndex': '271', 'gas': '166596', 'gasPrice': '5000000000', 'gasUsed': '160904', 'cumulativeGasUsed': '36662181', 'input': 'deprecated', 'confirmations': '1328'}
[18:50:43,275][INFO][10792][auction.py:370] ----------------- 0xb92ab7c1edcb273aba24b0656ceb3681654805d2 ---Cake
[18:50:43,275][INFO][10792][auction.py:374] ----------------- 0x58092273a044d6e1d23b5095ae873f6e24e906ed ---Cake -- cake 1500.000000
[18:50:43,275][INFO][10792][auction.py:367] {'blockNumber': '10705049', 'timeStamp': '1631011660', 'hash': '0x142d128802299275e6b10cb2171fed090b9b649875fbffe5dac0d05421bd0e72', 'nonce': '10', 'blockHash': '0x9ed3270f34bd67e32ff8530a52cb58b7b69f8301ed2cd4ef2ffdd78e816e6fae', 'from': '0x5ed6b80f0e8b1c7fdb783202d4a926bbed2d49ee', 'contractAddress': '0x0e09fabb73bd3ade0a17ecc321fd13a19e81ce82', 'to': '0xb92ab7c1edcb273aba24b0656ceb3681654805d2', 'value': '100000000000000000000', 'tokenName': 'PancakeSwap Token', 'tokenSymbol': 'Cake', 'tokenDecimal': '18', 'transactionIndex': '83', 'gas': '74495', 'gasPrice': '5000000000', 'gasUsed': '68803', 'cumulativeGasUsed': '9552749', 'input': 'deprecated', 'confirmations': '1249'}
[18:50:43,275][INFO][10792][auction.py:370] ----------------- 0xb92ab7c1edcb273aba24b0656ceb3681654805d2 ---Cake
[18:50:43,275][INFO][10792][auction.py:374] ----------------- 0x5ed6b80f0e8b1c7fdb783202d4a926bbed2d49ee ---Cake -- cake 100.000000
[18:50:43,275][INFO][10792][auction.py:367] {'blockNumber': '10705454', 'timeStamp': '1631012899', 'hash': '0x952703eed5aa61378d616c4f7b6c666190835d6a57902f1a64fcf02fca84794c', 'nonce': '1', 'blockHash': '0x2dc24ca2731be3736198e22ac78da303739ce5574660be9642c331e70562bdf5', 'from': '0xcbd932ac66f645a3764733aacd30ce50e522fac1', 'contractAddress': '0x0e09fabb73bd3ade0a17ecc321fd13a19e81ce82', 'to': '0xb92ab7c1edcb273aba24b0656ceb3681654805d2', 'value': '3000000000000000000000', 'tokenName': 'PancakeSwap Token', 'tokenSymbol': 'Cake', 'tokenDecimal': '18', 'transactionIndex': '190', 'gas': '181596', 'gasPrice': '5000000000', 'gasUsed': '175904', 'cumulativeGasUsed': '32889266', 'input': 'deprecated', 'confirmations': '844'}
[18:50:43,275][INFO][10792][auction.py:370] ----------------- 0xb92ab7c1edcb273aba24b0656ceb3681654805d2 ---Cake
[18:50:43,275][INFO][10792][auction.py:374] ----------------- 0xcbd932ac66f645a3764733aacd30ce50e522fac1 ---Cake -- cake 3000.000000
[18:50:43,275][INFO][10792][auction.py:367] {'blockNumber': '10705719', 'timeStamp': '1631013696', 'hash': '0xc075a75784c45ad0d07454da1d09060ae6b82b98dce47416153438ece8d5e5eb', 'nonce': '2862', 'blockHash': '0x4d486b1d9e530b905d358744054caf756c4a62adcdf2949d20a30edcdd14f55f', 'from': '0x58092273a044d6e1d23b5095ae873f6e24e906ed', 'contractAddress': '0x0e09fabb73bd3ade0a17ecc321fd13a19e81ce82', 'to': '0xb92ab7c1edcb273aba24b0656ceb3681654805d2', 'value': '1610000000000000000000', 'tokenName': 'PancakeSwap Token', 'tokenSymbol': 'Cake', 'tokenDecimal': '18', 'transactionIndex': '87', 'gas': '74495', 'gasPrice': '5000000000', 'gasUsed': '68803', 'cumulativeGasUsed': '11673808', 'input': 'deprecated', 'confirmations': '579'}
[18:50:43,275][INFO][10792][auction.py:370] ----------------- 0xb92ab7c1edcb273aba24b0656ceb3681654805d2 ---Cake
[18:50:43,275][INFO][10792][auction.py:374] ----------------- 0x58092273a044d6e1d23b5095ae873f6e24e906ed ---Cake -- cake 1610.000000
[18:50:43,275][INFO][10792][auction.py:367] {'blockNumber': '10705763', 'timeStamp': '1631013828', 'hash': '0xfe517c002d195aaf34d15888ef5f561435c69a822733895c2f7cfe516b0cbc34', 'nonce': '2', 'blockHash': '0x5f00d6638e2574f5e426fb3c20e0d97a78ab721e650c19bdb4e03b69f6811788', 'from': '0xcbd932ac66f645a3764733aacd30ce50e522fac1', 'contractAddress': '0x0e09fabb73bd3ade0a17ecc321fd13a19e81ce82', 'to': '0xb92ab7c1edcb273aba24b0656ceb3681654805d2', 'value': '1000000000000000000000', 'tokenName': 'PancakeSwap Token', 'tokenSymbol': 'Cake', 'tokenDecimal': '18', 'transactionIndex': '114', 'gas': '74495', 'gasPrice': '5000000000', 'gasUsed': '68803', 'cumulativeGasUsed': '14686672', 'input': 'deprecated', 'confirmations': '535'}
[18:50:43,275][INFO][10792][auction.py:370] ----------------- 0xb92ab7c1edcb273aba24b0656ceb3681654805d2 ---Cake
[18:50:43,275][INFO][10792][auction.py:374] ----------------- 0xcbd932ac66f645a3764733aacd30ce50e522fac1 ---Cake -- cake 1000.000000
[18:51:13,448][INFO][10792][auction.py:363] getting all txs from block 10706117
[18:51:15,047][INFO][10792][auction.py:367] {'blockNumber': '10703164', 'timeStamp': '1631005959', 'hash': '0x2c47a0b312a42aef6b2aab02ef728de69c6b4087d04e0f9cde0d2f06af672f74', 'nonce': '151', 'blockHash': '0x3e3fa383c0fa96831def86a43ecb8a9293bc2031a806a9081cf76052129aa9d9', 'from': '0xae126b90d2835c5a2d720b0687ec59f59b768183', 'contractAddress': '0x0e09fabb73bd3ade0a17ecc321fd13a19e81ce82', 'to': '0xb92ab7c1edcb273aba24b0656ceb3681654805d2', 'value': '1000000000000000000000', 'tokenName': 'PancakeSwap Token', 'tokenSymbol': 'Cake', 'tokenDecimal': '18', 'transactionIndex': '81', 'gas': '181596', 'gasPrice': '5000000000', 'gasUsed': '175904', 'cumulativeGasUsed': '9902509', 'input': 'deprecated', 'confirmations': '3145'}
[18:51:15,047][INFO][10792][auction.py:370] ----------------- 0xb92ab7c1edcb273aba24b0656ceb3681654805d2 ---Cake
[18:51:15,047][INFO][10792][auction.py:374] ----------------- 0xae126b90d2835c5a2d720b0687ec59f59b768183 ---Cake -- cake 1000.000000
[18:51:15,048][INFO][10792][auction.py:367] {'blockNumber': '10703538', 'timeStamp': '1631007086', 'hash': '0x04fb7e45c4b68346660313324ae7f5b3169c4afba2938a991fc8f9cbb360bbba', 'nonce': '9', 'blockHash': '0x95697e8986f214f779687815df79e4448a445b70b6e5da4e685f61a341e33bed', 'from': '0x5ed6b80f0e8b1c7fdb783202d4a926bbed2d49ee', 'contractAddress': '0x0e09fabb73bd3ade0a17ecc321fd13a19e81ce82', 'to': '0xb92ab7c1edcb273aba24b0656ceb3681654805d2', 'value': '1010000000000000000000', 'tokenName': 'PancakeSwap Token', 'tokenSymbol': 'Cake', 'tokenDecimal': '18', 'transactionIndex': '161', 'gas': '181596', 'gasPrice': '5000000000', 'gasUsed': '175904', 'cumulativeGasUsed': '23412019', 'input': 'deprecated', 'confirmations': '2771'}
[18:51:15,048][INFO][10792][auction.py:370] ----------------- 0xb92ab7c1edcb273aba24b0656ceb3681654805d2 ---Cake
[18:51:15,048][INFO][10792][auction.py:374] ----------------- 0x5ed6b80f0e8b1c7fdb783202d4a926bbed2d49ee ---Cake -- cake 1010.000000
[18:51:15,048][INFO][10792][auction.py:367] {'blockNumber': '10703574', 'timeStamp': '1631007194', 'hash': '0xde7fb6a7e7881132b09831318bfef574dd39724616e59e8f1065b025ba1cf4e8', 'nonce': '480', 'blockHash': '0xfc43f5d81c20d7d41680ab7c02e3c996d03677aa2ef51e7eca04c596025e865e', 'from': '0xfad3b5feac1aaf86b3f66d105f2fa9607164d86b', 'contractAddress': '0x0e09fabb73bd3ade0a17ecc321fd13a19e81ce82', 'to': '0xb92ab7c1edcb273aba24b0656ceb3681654805d2', 'value': '1020000000000000000000', 'tokenName': 'PancakeSwap Token', 'tokenSymbol': 'Cake', 'tokenDecimal': '18', 'transactionIndex': '88', 'gas': '166596', 'gasPrice': '5000000000', 'gasUsed': '160904', 'cumulativeGasUsed': '16679294', 'input': 'deprecated', 'confirmations': '2735'}
[18:51:15,049][INFO][10792][auction.py:370] ----------------- 0xb92ab7c1edcb273aba24b0656ceb3681654805d2 ---Cake
[18:51:15,049][INFO][10792][auction.py:374] ----------------- 0xfad3b5feac1aaf86b3f66d105f2fa9607164d86b ---Cake -- cake 1020.000000
[18:51:15,049][INFO][10792][auction.py:367] {'blockNumber': '10704298', 'timeStamp': '1631009371', 'hash': '0x9cff86beb07d9f4db1ea9e4dac3475ceab20574aaf4c303dba6e24cbafcf8d7c', 'nonce': '489', 'blockHash': '0x70c9905f3136844f467e3381edaec15bfd0663b90de3b91512a9c40a422d3142', 'from': '0x22d56946c6cc1d4ed09f02858ddb990fcc981c55', 'contractAddress': '0x0e09fabb73bd3ade0a17ecc321fd13a19e81ce82', 'to': '0xb92ab7c1edcb273aba24b0656ceb3681654805d2', 'value': '1000000000000000000000', 'tokenName': 'PancakeSwap Token', 'tokenSymbol': 'Cake', 'tokenDecimal': '18', 'transactionIndex': '137', 'gas': '181596', 'gasPrice': '5000000000', 'gasUsed': '175904', 'cumulativeGasUsed': '18845957', 'input': 'deprecated', 'confirmations': '2011'}
[18:51:15,049][INFO][10792][auction.py:370] ----------------- 0xb92ab7c1edcb273aba24b0656ceb3681654805d2 ---Cake
[18:51:15,049][INFO][10792][auction.py:374] ----------------- 0x22d56946c6cc1d4ed09f02858ddb990fcc981c55 ---Cake -- cake 1000.000000
[18:51:15,050][INFO][10792][auction.py:367] {'blockNumber': '10704454', 'timeStamp': '1631009839', 'hash': '0x78f8dd0ac3075bee01d9e4c3e4bb1ca3c54b9da8b54edbaeee570213289a8a63', 'nonce': '496', 'blockHash': '0x2406984443008fe2dc80c8552016b7ca40de9780aa2db8fb6901931f5d541a7e', 'from': '0x22d56946c6cc1d4ed09f02858ddb990fcc981c55', 'contractAddress': '0x0e09fabb73bd3ade0a17ecc321fd13a19e81ce82', 'to': '0xb92ab7c1edcb273aba24b0656ceb3681654805d2', 'value': '100000000000000000000', 'tokenName': 'PancakeSwap Token', 'tokenSymbol': 'Cake', 'tokenDecimal': '18', 'transactionIndex': '145', 'gas': '74495', 'gasPrice': '5000000000', 'gasUsed': '68803', 'cumulativeGasUsed': '16706719', 'input': 'deprecated', 'confirmations': '1855'}
[18:51:15,050][INFO][10792][auction.py:370] ----------------- 0xb92ab7c1edcb273aba24b0656ceb3681654805d2 ---Cake
[18:51:15,050][INFO][10792][auction.py:374] ----------------- 0x22d56946c6cc1d4ed09f02858ddb990fcc981c55 ---Cake -- cake 100.000000
[18:51:15,050][INFO][10792][auction.py:367] {'blockNumber': '10704970', 'timeStamp': '1631011423', 'hash': '0x245ddcac7b8f31a9464c7c78e1bb92199455500509896b72b4c12b4a219bfd07', 'nonce': '2859', 'blockHash': '0x4b86c8203e2cbad3bade32b24053318fed392d4d4de3e68f32df40c79a2cb5c5', 'from': '0x58092273a044d6e1d23b5095ae873f6e24e906ed', 'contractAddress': '0x0e09fabb73bd3ade0a17ecc321fd13a19e81ce82', 'to': '0xb92ab7c1edcb273aba24b0656ceb3681654805d2', 'value': '1500000000000000000000', 'tokenName': 'PancakeSwap Token', 'tokenSymbol': 'Cake', 'tokenDecimal': '18', 'transactionIndex': '271', 'gas': '166596', 'gasPrice': '5000000000', 'gasUsed': '160904', 'cumulativeGasUsed': '36662181', 'input': 'deprecated', 'confirmations': '1339'}
[18:51:15,050][INFO][10792][auction.py:370] ----------------- 0xb92ab7c1edcb273aba24b0656ceb3681654805d2 ---Cake
[18:51:15,051][INFO][10792][auction.py:374] ----------------- 0x58092273a044d6e1d23b5095ae873f6e24e906ed ---Cake -- cake 1500.000000
[18:51:15,051][INFO][10792][auction.py:367] {'blockNumber': '10705049', 'timeStamp': '1631011660', 'hash': '0x142d128802299275e6b10cb2171fed090b9b649875fbffe5dac0d05421bd0e72', 'nonce': '10', 'blockHash': '0x9ed3270f34bd67e32ff8530a52cb58b7b69f8301ed2cd4ef2ffdd78e816e6fae', 'from': '0x5ed6b80f0e8b1c7fdb783202d4a926bbed2d49ee', 'contractAddress': '0x0e09fabb73bd3ade0a17ecc321fd13a19e81ce82', 'to': '0xb92ab7c1edcb273aba24b0656ceb3681654805d2', 'value': '100000000000000000000', 'tokenName': 'PancakeSwap Token', 'tokenSymbol': 'Cake', 'tokenDecimal': '18', 'transactionIndex': '83', 'gas': '74495', 'gasPrice': '5000000000', 'gasUsed': '68803', 'cumulativeGasUsed': '9552749', 'input': 'deprecated', 'confirmations': '1260'}
[18:51:15,051][INFO][10792][auction.py:370] ----------------- 0xb92ab7c1edcb273aba24b0656ceb3681654805d2 ---Cake
[18:51:15,051][INFO][10792][auction.py:374] ----------------- 0x5ed6b80f0e8b1c7fdb783202d4a926bbed2d49ee ---Cake -- cake 100.000000
[18:51:15,051][INFO][10792][auction.py:367] {'blockNumber': '10705454', 'timeStamp': '1631012899', 'hash': '0x952703eed5aa61378d616c4f7b6c666190835d6a57902f1a64fcf02fca84794c', 'nonce': '1', 'blockHash': '0x2dc24ca2731be3736198e22ac78da303739ce5574660be9642c331e70562bdf5', 'from': '0xcbd932ac66f645a3764733aacd30ce50e522fac1', 'contractAddress': '0x0e09fabb73bd3ade0a17ecc321fd13a19e81ce82', 'to': '0xb92ab7c1edcb273aba24b0656ceb3681654805d2', 'value': '3000000000000000000000', 'tokenName': 'PancakeSwap Token', 'tokenSymbol': 'Cake', 'tokenDecimal': '18', 'transactionIndex': '190', 'gas': '181596', 'gasPrice': '5000000000', 'gasUsed': '175904', 'cumulativeGasUsed': '32889266', 'input': 'deprecated', 'confirmations': '855'}
[18:51:15,052][INFO][10792][auction.py:370] ----------------- 0xb92ab7c1edcb273aba24b0656ceb3681654805d2 ---Cake
[18:51:15,052][INFO][10792][auction.py:374] ----------------- 0xcbd932ac66f645a3764733aacd30ce50e522fac1 ---Cake -- cake 3000.000000
[18:51:15,052][INFO][10792][auction.py:367] {'blockNumber': '10705719', 'timeStamp': '1631013696', 'hash': '0xc075a75784c45ad0d07454da1d09060ae6b82b98dce47416153438ece8d5e5eb', 'nonce': '2862', 'blockHash': '0x4d486b1d9e530b905d358744054caf756c4a62adcdf2949d20a30edcdd14f55f', 'from': '0x58092273a044d6e1d23b5095ae873f6e24e906ed', 'contractAddress': '0x0e09fabb73bd3ade0a17ecc321fd13a19e81ce82', 'to': '0xb92ab7c1edcb273aba24b0656ceb3681654805d2', 'value': '1610000000000000000000', 'tokenName': 'PancakeSwap Token', 'tokenSymbol': 'Cake', 'tokenDecimal': '18', 'transactionIndex': '87', 'gas': '74495', 'gasPrice': '5000000000', 'gasUsed': '68803', 'cumulativeGasUsed': '11673808', 'input': 'deprecated', 'confirmations': '590'}
[18:51:15,052][INFO][10792][auction.py:370] ----------------- 0xb92ab7c1edcb273aba24b0656ceb3681654805d2 ---Cake
[18:51:15,052][INFO][10792][auction.py:374] ----------------- 0x58092273a044d6e1d23b5095ae873f6e24e906ed ---Cake -- cake 1610.000000
[18:51:15,052][INFO][10792][auction.py:367] {'blockNumber': '10705763', 'timeStamp': '1631013828', 'hash': '0xfe517c002d195aaf34d15888ef5f561435c69a822733895c2f7cfe516b0cbc34', 'nonce': '2', 'blockHash': '0x5f00d6638e2574f5e426fb3c20e0d97a78ab721e650c19bdb4e03b69f6811788', 'from': '0xcbd932ac66f645a3764733aacd30ce50e522fac1', 'contractAddress': '0x0e09fabb73bd3ade0a17ecc321fd13a19e81ce82', 'to': '0xb92ab7c1edcb273aba24b0656ceb3681654805d2', 'value': '1000000000000000000000', 'tokenName': 'PancakeSwap Token', 'tokenSymbol': 'Cake', 'tokenDecimal': '18', 'transactionIndex': '114', 'gas': '74495', 'gasPrice': '5000000000', 'gasUsed': '68803', 'cumulativeGasUsed': '14686672', 'input': 'deprecated', 'confirmations': '546'}
[18:51:15,052][INFO][10792][auction.py:370] ----------------- 0xb92ab7c1edcb273aba24b0656ceb3681654805d2 ---Cake
[18:51:15,052][INFO][10792][auction.py:374] ----------------- 0xcbd932ac66f645a3764733aacd30ce50e522fac1 ---Cake -- cake 1000.000000
[18:51:45,175][INFO][10792][auction.py:363] getting all txs from block 10706117
[18:51:47,310][INFO][10792][auction.py:367] {'blockNumber': '10703164', 'timeStamp': '1631005959', 'hash': '0x2c47a0b312a42aef6b2aab02ef728de69c6b4087d04e0f9cde0d2f06af672f74', 'nonce': '151', 'blockHash': '0x3e3fa383c0fa96831def86a43ecb8a9293bc2031a806a9081cf76052129aa9d9', 'from': '0xae126b90d2835c5a2d720b0687ec59f59b768183', 'contractAddress': '0x0e09fabb73bd3ade0a17ecc321fd13a19e81ce82', 'to': '0xb92ab7c1edcb273aba24b0656ceb3681654805d2', 'value': '1000000000000000000000', 'tokenName': 'PancakeSwap Token', 'tokenSymbol': 'Cake', 'tokenDecimal': '18', 'transactionIndex': '81', 'gas': '181596', 'gasPrice': '5000000000', 'gasUsed': '175904', 'cumulativeGasUsed': '9902509', 'input': 'deprecated', 'confirmations': '3155'}
[18:51:47,310][INFO][10792][auction.py:370] ----------------- 0xb92ab7c1edcb273aba24b0656ceb3681654805d2 ---Cake
[18:51:47,310][INFO][10792][auction.py:374] ----------------- 0xae126b90d2835c5a2d720b0687ec59f59b768183 ---Cake -- cake 1000.000000
[18:51:47,310][INFO][10792][auction.py:367] {'blockNumber': '10703538', 'timeStamp': '1631007086', 'hash': '0x04fb7e45c4b68346660313324ae7f5b3169c4afba2938a991fc8f9cbb360bbba', 'nonce': '9', 'blockHash': '0x95697e8986f214f779687815df79e4448a445b70b6e5da4e685f61a341e33bed', 'from': '0x5ed6b80f0e8b1c7fdb783202d4a926bbed2d49ee', 'contractAddress': '0x0e09fabb73bd3ade0a17ecc321fd13a19e81ce82', 'to': '0xb92ab7c1edcb273aba24b0656ceb3681654805d2', 'value': '1010000000000000000000', 'tokenName': 'PancakeSwap Token', 'tokenSymbol': 'Cake', 'tokenDecimal': '18', 'transactionIndex': '161', 'gas': '181596', 'gasPrice': '5000000000', 'gasUsed': '175904', 'cumulativeGasUsed': '23412019', 'input': 'deprecated', 'confirmations': '2781'}
[18:51:47,310][INFO][10792][auction.py:370] ----------------- 0xb92ab7c1edcb273aba24b0656ceb3681654805d2 ---Cake
[18:51:47,310][INFO][10792][auction.py:374] ----------------- 0x5ed6b80f0e8b1c7fdb783202d4a926bbed2d49ee ---Cake -- cake 1010.000000
[18:51:47,310][INFO][10792][auction.py:367] {'blockNumber': '10703574', 'timeStamp': '1631007194', 'hash': '0xde7fb6a7e7881132b09831318bfef574dd39724616e59e8f1065b025ba1cf4e8', 'nonce': '480', 'blockHash': '0xfc43f5d81c20d7d41680ab7c02e3c996d03677aa2ef51e7eca04c596025e865e', 'from': '0xfad3b5feac1aaf86b3f66d105f2fa9607164d86b', 'contractAddress': '0x0e09fabb73bd3ade0a17ecc321fd13a19e81ce82', 'to': '0xb92ab7c1edcb273aba24b0656ceb3681654805d2', 'value': '1020000000000000000000', 'tokenName': 'PancakeSwap Token', 'tokenSymbol': 'Cake', 'tokenDecimal': '18', 'transactionIndex': '88', 'gas': '166596', 'gasPrice': '5000000000', 'gasUsed': '160904', 'cumulativeGasUsed': '16679294', 'input': 'deprecated', 'confirmations': '2745'}
[18:51:47,310][INFO][10792][auction.py:370] ----------------- 0xb92ab7c1edcb273aba24b0656ceb3681654805d2 ---Cake
[18:51:47,310][INFO][10792][auction.py:374] ----------------- 0xfad3b5feac1aaf86b3f66d105f2fa9607164d86b ---Cake -- cake 1020.000000
[18:51:47,310][INFO][10792][auction.py:367] {'blockNumber': '10704298', 'timeStamp': '1631009371', 'hash': '0x9cff86beb07d9f4db1ea9e4dac3475ceab20574aaf4c303dba6e24cbafcf8d7c', 'nonce': '489', 'blockHash': '0x70c9905f3136844f467e3381edaec15bfd0663b90de3b91512a9c40a422d3142', 'from': '0x22d56946c6cc1d4ed09f02858ddb990fcc981c55', 'contractAddress': '0x0e09fabb73bd3ade0a17ecc321fd13a19e81ce82', 'to': '0xb92ab7c1edcb273aba24b0656ceb3681654805d2', 'value': '1000000000000000000000', 'tokenName': 'PancakeSwap Token', 'tokenSymbol': 'Cake', 'tokenDecimal': '18', 'transactionIndex': '137', 'gas': '181596', 'gasPrice': '5000000000', 'gasUsed': '175904', 'cumulativeGasUsed': '18845957', 'input': 'deprecated', 'confirmations': '2021'}
[18:51:47,310][INFO][10792][auction.py:370] ----------------- 0xb92ab7c1edcb273aba24b0656ceb3681654805d2 ---Cake
[18:51:47,310][INFO][10792][auction.py:374] ----------------- 0x22d56946c6cc1d4ed09f02858ddb990fcc981c55 ---Cake -- cake 1000.000000
[18:51:47,310][INFO][10792][auction.py:367] {'blockNumber': '10704454', 'timeStamp': '1631009839', 'hash': '0x78f8dd0ac3075bee01d9e4c3e4bb1ca3c54b9da8b54edbaeee570213289a8a63', 'nonce': '496', 'blockHash': '0x2406984443008fe2dc80c8552016b7ca40de9780aa2db8fb6901931f5d541a7e', 'from': '0x22d56946c6cc1d4ed09f02858ddb990fcc981c55', 'contractAddress': '0x0e09fabb73bd3ade0a17ecc321fd13a19e81ce82', 'to': '0xb92ab7c1edcb273aba24b0656ceb3681654805d2', 'value': '100000000000000000000', 'tokenName': 'PancakeSwap Token', 'tokenSymbol': 'Cake', 'tokenDecimal': '18', 'transactionIndex': '145', 'gas': '74495', 'gasPrice': '5000000000', 'gasUsed': '68803', 'cumulativeGasUsed': '16706719', 'input': 'deprecated', 'confirmations': '1865'}
[18:51:47,311][INFO][10792][auction.py:370] ----------------- 0xb92ab7c1edcb273aba24b0656ceb3681654805d2 ---Cake
[18:51:47,311][INFO][10792][auction.py:374] ----------------- 0x22d56946c6cc1d4ed09f02858ddb990fcc981c55 ---Cake -- cake 100.000000
[18:51:47,311][INFO][10792][auction.py:367] {'blockNumber': '10704970', 'timeStamp': '1631011423', 'hash': '0x245ddcac7b8f31a9464c7c78e1bb92199455500509896b72b4c12b4a219bfd07', 'nonce': '2859', 'blockHash': '0x4b86c8203e2cbad3bade32b24053318fed392d4d4de3e68f32df40c79a2cb5c5', 'from': '0x58092273a044d6e1d23b5095ae873f6e24e906ed', 'contractAddress': '0x0e09fabb73bd3ade0a17ecc321fd13a19e81ce82', 'to': '0xb92ab7c1edcb273aba24b0656ceb3681654805d2', 'value': '1500000000000000000000', 'tokenName': 'PancakeSwap Token', 'tokenSymbol': 'Cake', 'tokenDecimal': '18', 'transactionIndex': '271', 'gas': '166596', 'gasPrice': '5000000000', 'gasUsed': '160904', 'cumulativeGasUsed': '36662181', 'input': 'deprecated', 'confirmations': '1349'}
[18:51:47,311][INFO][10792][auction.py:370] ----------------- 0xb92ab7c1edcb273aba24b0656ceb3681654805d2 ---Cake
[18:51:47,311][INFO][10792][auction.py:374] ----------------- 0x58092273a044d6e1d23b5095ae873f6e24e906ed ---Cake -- cake 1500.000000
[18:51:47,311][INFO][10792][auction.py:367] {'blockNumber': '10705049', 'timeStamp': '1631011660', 'hash': '0x142d128802299275e6b10cb2171fed090b9b649875fbffe5dac0d05421bd0e72', 'nonce': '10', 'blockHash': '0x9ed3270f34bd67e32ff8530a52cb58b7b69f8301ed2cd4ef2ffdd78e816e6fae', 'from': '0x5ed6b80f0e8b1c7fdb783202d4a926bbed2d49ee', 'contractAddress': '0x0e09fabb73bd3ade0a17ecc321fd13a19e81ce82', 'to': '0xb92ab7c1edcb273aba24b0656ceb3681654805d2', 'value': '100000000000000000000', 'tokenName': 'PancakeSwap Token', 'tokenSymbol': 'Cake', 'tokenDecimal': '18', 'transactionIndex': '83', 'gas': '74495', 'gasPrice': '5000000000', 'gasUsed': '68803', 'cumulativeGasUsed': '9552749', 'input': 'deprecated', 'confirmations': '1270'}
[18:51:47,311][INFO][10792][auction.py:370] ----------------- 0xb92ab7c1edcb273aba24b0656ceb3681654805d2 ---Cake
[18:51:47,311][INFO][10792][auction.py:374] ----------------- 0x5ed6b80f0e8b1c7fdb783202d4a926bbed2d49ee ---Cake -- cake 100.000000
[18:51:47,311][INFO][10792][auction.py:367] {'blockNumber': '10705454', 'timeStamp': '1631012899', 'hash': '0x952703eed5aa61378d616c4f7b6c666190835d6a57902f1a64fcf02fca84794c', 'nonce': '1', 'blockHash': '0x2dc24ca2731be3736198e22ac78da303739ce5574660be9642c331e70562bdf5', 'from': '0xcbd932ac66f645a3764733aacd30ce50e522fac1', 'contractAddress': '0x0e09fabb73bd3ade0a17ecc321fd13a19e81ce82', 'to': '0xb92ab7c1edcb273aba24b0656ceb3681654805d2', 'value': '3000000000000000000000', 'tokenName': 'PancakeSwap Token', 'tokenSymbol': 'Cake', 'tokenDecimal': '18', 'transactionIndex': '190', 'gas': '181596', 'gasPrice': '5000000000', 'gasUsed': '175904', 'cumulativeGasUsed': '32889266', 'input': 'deprecated', 'confirmations': '865'}
[18:51:47,311][INFO][10792][auction.py:370] ----------------- 0xb92ab7c1edcb273aba24b0656ceb3681654805d2 ---Cake
[18:51:47,311][INFO][10792][auction.py:374] ----------------- 0xcbd932ac66f645a3764733aacd30ce50e522fac1 ---Cake -- cake 3000.000000
[18:51:47,311][INFO][10792][auction.py:367] {'blockNumber': '10705719', 'timeStamp': '1631013696', 'hash': '0xc075a75784c45ad0d07454da1d09060ae6b82b98dce47416153438ece8d5e5eb', 'nonce': '2862', 'blockHash': '0x4d486b1d9e530b905d358744054caf756c4a62adcdf2949d20a30edcdd14f55f', 'from': '0x58092273a044d6e1d23b5095ae873f6e24e906ed', 'contractAddress': '0x0e09fabb73bd3ade0a17ecc321fd13a19e81ce82', 'to': '0xb92ab7c1edcb273aba24b0656ceb3681654805d2', 'value': '1610000000000000000000', 'tokenName': 'PancakeSwap Token', 'tokenSymbol': 'Cake', 'tokenDecimal': '18', 'transactionIndex': '87', 'gas': '74495', 'gasPrice': '5000000000', 'gasUsed': '68803', 'cumulativeGasUsed': '11673808', 'input': 'deprecated', 'confirmations': '600'}
[18:51:47,311][INFO][10792][auction.py:370] ----------------- 0xb92ab7c1edcb273aba24b0656ceb3681654805d2 ---Cake
[18:51:47,311][INFO][10792][auction.py:374] ----------------- 0x58092273a044d6e1d23b5095ae873f6e24e906ed ---Cake -- cake 1610.000000
[18:51:47,311][INFO][10792][auction.py:367] {'blockNumber': '10705763', 'timeStamp': '1631013828', 'hash': '0xfe517c002d195aaf34d15888ef5f561435c69a822733895c2f7cfe516b0cbc34', 'nonce': '2', 'blockHash': '0x5f00d6638e2574f5e426fb3c20e0d97a78ab721e650c19bdb4e03b69f6811788', 'from': '0xcbd932ac66f645a3764733aacd30ce50e522fac1', 'contractAddress': '0x0e09fabb73bd3ade0a17ecc321fd13a19e81ce82', 'to': '0xb92ab7c1edcb273aba24b0656ceb3681654805d2', 'value': '1000000000000000000000', 'tokenName': 'PancakeSwap Token', 'tokenSymbol': 'Cake', 'tokenDecimal': '18', 'transactionIndex': '114', 'gas': '74495', 'gasPrice': '5000000000', 'gasUsed': '68803', 'cumulativeGasUsed': '14686672', 'input': 'deprecated', 'confirmations': '556'}
[18:51:47,311][INFO][10792][auction.py:370] ----------------- 0xb92ab7c1edcb273aba24b0656ceb3681654805d2 ---Cake
[18:51:47,311][INFO][10792][auction.py:374] ----------------- 0xcbd932ac66f645a3764733aacd30ce50e522fac1 ---Cake -- cake 1000.000000
[18:52:17,503][INFO][10792][auction.py:363] getting all txs from block 10706117
[18:52:18,709][INFO][10792][auction.py:367] {'blockNumber': '10703164', 'timeStamp': '1631005959', 'hash': '0x2c47a0b312a42aef6b2aab02ef728de69c6b4087d04e0f9cde0d2f06af672f74', 'nonce': '151', 'blockHash': '0x3e3fa383c0fa96831def86a43ecb8a9293bc2031a806a9081cf76052129aa9d9', 'from': '0xae126b90d2835c5a2d720b0687ec59f59b768183', 'contractAddress': '0x0e09fabb73bd3ade0a17ecc321fd13a19e81ce82', 'to': '0xb92ab7c1edcb273aba24b0656ceb3681654805d2', 'value': '1000000000000000000000', 'tokenName': 'PancakeSwap Token', 'tokenSymbol': 'Cake', 'tokenDecimal': '18', 'transactionIndex': '81', 'gas': '181596', 'gasPrice': '5000000000', 'gasUsed': '175904', 'cumulativeGasUsed': '9902509', 'input': 'deprecated', 'confirmations': '3166'}
[18:52:18,709][INFO][10792][auction.py:370] ----------------- 0xb92ab7c1edcb273aba24b0656ceb3681654805d2 ---Cake
[18:52:18,709][INFO][10792][auction.py:374] ----------------- 0xae126b90d2835c5a2d720b0687ec59f59b768183 ---Cake -- cake 1000.000000
[18:52:18,709][INFO][10792][auction.py:367] {'blockNumber': '10703538', 'timeStamp': '1631007086', 'hash': '0x04fb7e45c4b68346660313324ae7f5b3169c4afba2938a991fc8f9cbb360bbba', 'nonce': '9', 'blockHash': '0x95697e8986f214f779687815df79e4448a445b70b6e5da4e685f61a341e33bed', 'from': '0x5ed6b80f0e8b1c7fdb783202d4a926bbed2d49ee', 'contractAddress': '0x0e09fabb73bd3ade0a17ecc321fd13a19e81ce82', 'to': '0xb92ab7c1edcb273aba24b0656ceb3681654805d2', 'value': '1010000000000000000000', 'tokenName': 'PancakeSwap Token', 'tokenSymbol': 'Cake', 'tokenDecimal': '18', 'transactionIndex': '161', 'gas': '181596', 'gasPrice': '5000000000', 'gasUsed': '175904', 'cumulativeGasUsed': '23412019', 'input': 'deprecated', 'confirmations': '2792'}
[18:52:18,709][INFO][10792][auction.py:370] ----------------- 0xb92ab7c1edcb273aba24b0656ceb3681654805d2 ---Cake
[18:52:18,709][INFO][10792][auction.py:374] ----------------- 0x5ed6b80f0e8b1c7fdb783202d4a926bbed2d49ee ---Cake -- cake 1010.000000
[18:52:18,709][INFO][10792][auction.py:367] {'blockNumber': '10703574', 'timeStamp': '1631007194', 'hash': '0xde7fb6a7e7881132b09831318bfef574dd39724616e59e8f1065b025ba1cf4e8', 'nonce': '480', 'blockHash': '0xfc43f5d81c20d7d41680ab7c02e3c996d03677aa2ef51e7eca04c596025e865e', 'from': '0xfad3b5feac1aaf86b3f66d105f2fa9607164d86b', 'contractAddress': '0x0e09fabb73bd3ade0a17ecc321fd13a19e81ce82', 'to': '0xb92ab7c1edcb273aba24b0656ceb3681654805d2', 'value': '1020000000000000000000', 'tokenName': 'PancakeSwap Token', 'tokenSymbol': 'Cake', 'tokenDecimal': '18', 'transactionIndex': '88', 'gas': '166596', 'gasPrice': '5000000000', 'gasUsed': '160904', 'cumulativeGasUsed': '16679294', 'input': 'deprecated', 'confirmations': '2756'}
[18:52:18,709][INFO][10792][auction.py:370] ----------------- 0xb92ab7c1edcb273aba24b0656ceb3681654805d2 ---Cake
[18:52:18,709][INFO][10792][auction.py:374] ----------------- 0xfad3b5feac1aaf86b3f66d105f2fa9607164d86b ---Cake -- cake 1020.000000
[18:52:18,709][INFO][10792][auction.py:367] {'blockNumber': '10704298', 'timeStamp': '1631009371', 'hash': '0x9cff86beb07d9f4db1ea9e4dac3475ceab20574aaf4c303dba6e24cbafcf8d7c', 'nonce': '489', 'blockHash': '0x70c9905f3136844f467e3381edaec15bfd0663b90de3b91512a9c40a422d3142', 'from': '0x22d56946c6cc1d4ed09f02858ddb990fcc981c55', 'contractAddress': '0x0e09fabb73bd3ade0a17ecc321fd13a19e81ce82', 'to': '0xb92ab7c1edcb273aba24b0656ceb3681654805d2', 'value': '1000000000000000000000', 'tokenName': 'PancakeSwap Token', 'tokenSymbol': 'Cake', 'tokenDecimal': '18', 'transactionIndex': '137', 'gas': '181596', 'gasPrice': '5000000000', 'gasUsed': '175904', 'cumulativeGasUsed': '18845957', 'input': 'deprecated', 'confirmations': '2032'}
[18:52:18,709][INFO][10792][auction.py:370] ----------------- 0xb92ab7c1edcb273aba24b0656ceb3681654805d2 ---Cake
[18:52:18,709][INFO][10792][auction.py:374] ----------------- 0x22d56946c6cc1d4ed09f02858ddb990fcc981c55 ---Cake -- cake 1000.000000
[18:52:18,709][INFO][10792][auction.py:367] {'blockNumber': '10704454', 'timeStamp': '1631009839', 'hash': '0x78f8dd0ac3075bee01d9e4c3e4bb1ca3c54b9da8b54edbaeee570213289a8a63', 'nonce': '496', 'blockHash': '0x2406984443008fe2dc80c8552016b7ca40de9780aa2db8fb6901931f5d541a7e', 'from': '0x22d56946c6cc1d4ed09f02858ddb990fcc981c55', 'contractAddress': '0x0e09fabb73bd3ade0a17ecc321fd13a19e81ce82', 'to': '0xb92ab7c1edcb273aba24b0656ceb3681654805d2', 'value': '100000000000000000000', 'tokenName': 'PancakeSwap Token', 'tokenSymbol': 'Cake', 'tokenDecimal': '18', 'transactionIndex': '145', 'gas': '74495', 'gasPrice': '5000000000', 'gasUsed': '68803', 'cumulativeGasUsed': '16706719', 'input': 'deprecated', 'confirmations': '1876'}
[18:52:18,709][INFO][10792][auction.py:370] ----------------- 0xb92ab7c1edcb273aba24b0656ceb3681654805d2 ---Cake
[18:52:18,709][INFO][10792][auction.py:374] ----------------- 0x22d56946c6cc1d4ed09f02858ddb990fcc981c55 ---Cake -- cake 100.000000
[18:52:18,709][INFO][10792][auction.py:367] {'blockNumber': '10704970', 'timeStamp': '1631011423', 'hash': '0x245ddcac7b8f31a9464c7c78e1bb92199455500509896b72b4c12b4a219bfd07', 'nonce': '2859', 'blockHash': '0x4b86c8203e2cbad3bade32b24053318fed392d4d4de3e68f32df40c79a2cb5c5', 'from': '0x58092273a044d6e1d23b5095ae873f6e24e906ed', 'contractAddress': '0x0e09fabb73bd3ade0a17ecc321fd13a19e81ce82', 'to': '0xb92ab7c1edcb273aba24b0656ceb3681654805d2', 'value': '1500000000000000000000', 'tokenName': 'PancakeSwap Token', 'tokenSymbol': 'Cake', 'tokenDecimal': '18', 'transactionIndex': '271', 'gas': '166596', 'gasPrice': '5000000000', 'gasUsed': '160904', 'cumulativeGasUsed': '36662181', 'input': 'deprecated', 'confirmations': '1360'}
[18:52:18,709][INFO][10792][auction.py:370] ----------------- 0xb92ab7c1edcb273aba24b0656ceb3681654805d2 ---Cake
[18:52:18,709][INFO][10792][auction.py:374] ----------------- 0x58092273a044d6e1d23b5095ae873f6e24e906ed ---Cake -- cake 1500.000000
[18:52:18,710][INFO][10792][auction.py:367] {'blockNumber': '10705049', 'timeStamp': '1631011660', 'hash': '0x142d128802299275e6b10cb2171fed090b9b649875fbffe5dac0d05421bd0e72', 'nonce': '10', 'blockHash': '0x9ed3270f34bd67e32ff8530a52cb58b7b69f8301ed2cd4ef2ffdd78e816e6fae', 'from': '0x5ed6b80f0e8b1c7fdb783202d4a926bbed2d49ee', 'contractAddress': '0x0e09fabb73bd3ade0a17ecc321fd13a19e81ce82', 'to': '0xb92ab7c1edcb273aba24b0656ceb3681654805d2', 'value': '100000000000000000000', 'tokenName': 'PancakeSwap Token', 'tokenSymbol': 'Cake', 'tokenDecimal': '18', 'transactionIndex': '83', 'gas': '74495', 'gasPrice': '5000000000', 'gasUsed': '68803', 'cumulativeGasUsed': '9552749', 'input': 'deprecated', 'confirmations': '1281'}
[18:52:18,710][INFO][10792][auction.py:370] ----------------- 0xb92ab7c1edcb273aba24b0656ceb3681654805d2 ---Cake
[18:52:18,710][INFO][10792][auction.py:374] ----------------- 0x5ed6b80f0e8b1c7fdb783202d4a926bbed2d49ee ---Cake -- cake 100.000000
[18:52:18,710][INFO][10792][auction.py:367] {'blockNumber': '10705454', 'timeStamp': '1631012899', 'hash': '0x952703eed5aa61378d616c4f7b6c666190835d6a57902f1a64fcf02fca84794c', 'nonce': '1', 'blockHash': '0x2dc24ca2731be3736198e22ac78da303739ce5574660be9642c331e70562bdf5', 'from': '0xcbd932ac66f645a3764733aacd30ce50e522fac1', 'contractAddress': '0x0e09fabb73bd3ade0a17ecc321fd13a19e81ce82', 'to': '0xb92ab7c1edcb273aba24b0656ceb3681654805d2', 'value': '3000000000000000000000', 'tokenName': 'PancakeSwap Token', 'tokenSymbol': 'Cake', 'tokenDecimal': '18', 'transactionIndex': '190', 'gas': '181596', 'gasPrice': '5000000000', 'gasUsed': '175904', 'cumulativeGasUsed': '32889266', 'input': 'deprecated', 'confirmations': '876'}
[18:52:18,710][INFO][10792][auction.py:370] ----------------- 0xb92ab7c1edcb273aba24b0656ceb3681654805d2 ---Cake
[18:52:18,710][INFO][10792][auction.py:374] ----------------- 0xcbd932ac66f645a3764733aacd30ce50e522fac1 ---Cake -- cake 3000.000000
[18:52:18,710][INFO][10792][auction.py:367] {'blockNumber': '10705719', 'timeStamp': '1631013696', 'hash': '0xc075a75784c45ad0d07454da1d09060ae6b82b98dce47416153438ece8d5e5eb', 'nonce': '2862', 'blockHash': '0x4d486b1d9e530b905d358744054caf756c4a62adcdf2949d20a30edcdd14f55f', 'from': '0x58092273a044d6e1d23b5095ae873f6e24e906ed', 'contractAddress': '0x0e09fabb73bd3ade0a17ecc321fd13a19e81ce82', 'to': '0xb92ab7c1edcb273aba24b0656ceb3681654805d2', 'value': '1610000000000000000000', 'tokenName': 'PancakeSwap Token', 'tokenSymbol': 'Cake', 'tokenDecimal': '18', 'transactionIndex': '87', 'gas': '74495', 'gasPrice': '5000000000', 'gasUsed': '68803', 'cumulativeGasUsed': '11673808', 'input': 'deprecated', 'confirmations': '611'}
[18:52:18,710][INFO][10792][auction.py:370] ----------------- 0xb92ab7c1edcb273aba24b0656ceb3681654805d2 ---Cake
[18:52:18,710][INFO][10792][auction.py:374] ----------------- 0x58092273a044d6e1d23b5095ae873f6e24e906ed ---Cake -- cake 1610.000000
[18:52:18,710][INFO][10792][auction.py:367] {'blockNumber': '10705763', 'timeStamp': '1631013828', 'hash': '0xfe517c002d195aaf34d15888ef5f561435c69a822733895c2f7cfe516b0cbc34', 'nonce': '2', 'blockHash': '0x5f00d6638e2574f5e426fb3c20e0d97a78ab721e650c19bdb4e03b69f6811788', 'from': '0xcbd932ac66f645a3764733aacd30ce50e522fac1', 'contractAddress': '0x0e09fabb73bd3ade0a17ecc321fd13a19e81ce82', 'to': '0xb92ab7c1edcb273aba24b0656ceb3681654805d2', 'value': '1000000000000000000000', 'tokenName': 'PancakeSwap Token', 'tokenSymbol': 'Cake', 'tokenDecimal': '18', 'transactionIndex': '114', 'gas': '74495', 'gasPrice': '5000000000', 'gasUsed': '68803', 'cumulativeGasUsed': '14686672', 'input': 'deprecated', 'confirmations': '567'}
[18:52:18,710][INFO][10792][auction.py:370] ----------------- 0xb92ab7c1edcb273aba24b0656ceb3681654805d2 ---Cake
[18:52:18,710][INFO][10792][auction.py:374] ----------------- 0xcbd932ac66f645a3764733aacd30ce50e522fac1 ---Cake -- cake 1000.000000
[18:52:48,816][INFO][10792][auction.py:363] getting all txs from block 10706117
[18:52:52,589][INFO][10792][auction.py:367] {'blockNumber': '10703164', 'timeStamp': '1631005959', 'hash': '0x2c47a0b312a42aef6b2aab02ef728de69c6b4087d04e0f9cde0d2f06af672f74', 'nonce': '151', 'blockHash': '0x3e3fa383c0fa96831def86a43ecb8a9293bc2031a806a9081cf76052129aa9d9', 'from': '0xae126b90d2835c5a2d720b0687ec59f59b768183', 'contractAddress': '0x0e09fabb73bd3ade0a17ecc321fd13a19e81ce82', 'to': '0xb92ab7c1edcb273aba24b0656ceb3681654805d2', 'value': '1000000000000000000000', 'tokenName': 'PancakeSwap Token', 'tokenSymbol': 'Cake', 'tokenDecimal': '18', 'transactionIndex': '81', 'gas': '181596', 'gasPrice': '5000000000', 'gasUsed': '175904', 'cumulativeGasUsed': '9902509', 'input': 'deprecated', 'confirmations': '3177'}
[18:52:52,589][INFO][10792][auction.py:370] ----------------- 0xb92ab7c1edcb273aba24b0656ceb3681654805d2 ---Cake
[18:52:52,589][INFO][10792][auction.py:374] ----------------- 0xae126b90d2835c5a2d720b0687ec59f59b768183 ---Cake -- cake 1000.000000
[18:52:52,589][INFO][10792][auction.py:367] {'blockNumber': '10703538', 'timeStamp': '1631007086', 'hash': '0x04fb7e45c4b68346660313324ae7f5b3169c4afba2938a991fc8f9cbb360bbba', 'nonce': '9', 'blockHash': '0x95697e8986f214f779687815df79e4448a445b70b6e5da4e685f61a341e33bed', 'from': '0x5ed6b80f0e8b1c7fdb783202d4a926bbed2d49ee', 'contractAddress': '0x0e09fabb73bd3ade0a17ecc321fd13a19e81ce82', 'to': '0xb92ab7c1edcb273aba24b0656ceb3681654805d2', 'value': '1010000000000000000000', 'tokenName': 'PancakeSwap Token', 'tokenSymbol': 'Cake', 'tokenDecimal': '18', 'transactionIndex': '161', 'gas': '181596', 'gasPrice': '5000000000', 'gasUsed': '175904', 'cumulativeGasUsed': '23412019', 'input': 'deprecated', 'confirmations': '2803'}
[18:52:52,589][INFO][10792][auction.py:370] ----------------- 0xb92ab7c1edcb273aba24b0656ceb3681654805d2 ---Cake
[18:52:52,589][INFO][10792][auction.py:374] ----------------- 0x5ed6b80f0e8b1c7fdb783202d4a926bbed2d49ee ---Cake -- cake 1010.000000
[18:52:52,589][INFO][10792][auction.py:367] {'blockNumber': '10703574', 'timeStamp': '1631007194', 'hash': '0xde7fb6a7e7881132b09831318bfef574dd39724616e59e8f1065b025ba1cf4e8', 'nonce': '480', 'blockHash': '0xfc43f5d81c20d7d41680ab7c02e3c996d03677aa2ef51e7eca04c596025e865e', 'from': '0xfad3b5feac1aaf86b3f66d105f2fa9607164d86b', 'contractAddress': '0x0e09fabb73bd3ade0a17ecc321fd13a19e81ce82', 'to': '0xb92ab7c1edcb273aba24b0656ceb3681654805d2', 'value': '1020000000000000000000', 'tokenName': 'PancakeSwap Token', 'tokenSymbol': 'Cake', 'tokenDecimal': '18', 'transactionIndex': '88', 'gas': '166596', 'gasPrice': '5000000000', 'gasUsed': '160904', 'cumulativeGasUsed': '16679294', 'input': 'deprecated', 'confirmations': '2767'}
[18:52:52,589][INFO][10792][auction.py:370] ----------------- 0xb92ab7c1edcb273aba24b0656ceb3681654805d2 ---Cake
[18:52:52,589][INFO][10792][auction.py:374] ----------------- 0xfad3b5feac1aaf86b3f66d105f2fa9607164d86b ---Cake -- cake 1020.000000
[18:52:52,589][INFO][10792][auction.py:367] {'blockNumber': '10704298', 'timeStamp': '1631009371', 'hash': '0x9cff86beb07d9f4db1ea9e4dac3475ceab20574aaf4c303dba6e24cbafcf8d7c', 'nonce': '489', 'blockHash': '0x70c9905f3136844f467e3381edaec15bfd0663b90de3b91512a9c40a422d3142', 'from': '0x22d56946c6cc1d4ed09f02858ddb990fcc981c55', 'contractAddress': '0x0e09fabb73bd3ade0a17ecc321fd13a19e81ce82', 'to': '0xb92ab7c1edcb273aba24b0656ceb3681654805d2', 'value': '1000000000000000000000', 'tokenName': 'PancakeSwap Token', 'tokenSymbol': 'Cake', 'tokenDecimal': '18', 'transactionIndex': '137', 'gas': '181596', 'gasPrice': '5000000000', 'gasUsed': '175904', 'cumulativeGasUsed': '18845957', 'input': 'deprecated', 'confirmations': '2043'}
[18:52:52,589][INFO][10792][auction.py:370] ----------------- 0xb92ab7c1edcb273aba24b0656ceb3681654805d2 ---Cake
[18:52:52,589][INFO][10792][auction.py:374] ----------------- 0x22d56946c6cc1d4ed09f02858ddb990fcc981c55 ---Cake -- cake 1000.000000
[18:52:52,589][INFO][10792][auction.py:367] {'blockNumber': '10704454', 'timeStamp': '1631009839', 'hash': '0x78f8dd0ac3075bee01d9e4c3e4bb1ca3c54b9da8b54edbaeee570213289a8a63', 'nonce': '496', 'blockHash': '0x2406984443008fe2dc80c8552016b7ca40de9780aa2db8fb6901931f5d541a7e', 'from': '0x22d56946c6cc1d4ed09f02858ddb990fcc981c55', 'contractAddress': '0x0e09fabb73bd3ade0a17ecc321fd13a19e81ce82', 'to': '0xb92ab7c1edcb273aba24b0656ceb3681654805d2', 'value': '100000000000000000000', 'tokenName': 'PancakeSwap Token', 'tokenSymbol': 'Cake', 'tokenDecimal': '18', 'transactionIndex': '145', 'gas': '74495', 'gasPrice': '5000000000', 'gasUsed': '68803', 'cumulativeGasUsed': '16706719', 'input': 'deprecated', 'confirmations': '1887'}
[18:52:52,589][INFO][10792][auction.py:370] ----------------- 0xb92ab7c1edcb273aba24b0656ceb3681654805d2 ---Cake
[18:52:52,589][INFO][10792][auction.py:374] ----------------- 0x22d56946c6cc1d4ed09f02858ddb990fcc981c55 ---Cake -- cake 100.000000
[18:52:52,589][INFO][10792][auction.py:367] {'blockNumber': '10704970', 'timeStamp': '1631011423', 'hash': '0x245ddcac7b8f31a9464c7c78e1bb92199455500509896b72b4c12b4a219bfd07', 'nonce': '2859', 'blockHash': '0x4b86c8203e2cbad3bade32b24053318fed392d4d4de3e68f32df40c79a2cb5c5', 'from': '0x58092273a044d6e1d23b5095ae873f6e24e906ed', 'contractAddress': '0x0e09fabb73bd3ade0a17ecc321fd13a19e81ce82', 'to': '0xb92ab7c1edcb273aba24b0656ceb3681654805d2', 'value': '1500000000000000000000', 'tokenName': 'PancakeSwap Token', 'tokenSymbol': 'Cake', 'tokenDecimal': '18', 'transactionIndex': '271', 'gas': '166596', 'gasPrice': '5000000000', 'gasUsed': '160904', 'cumulativeGasUsed': '36662181', 'input': 'deprecated', 'confirmations': '1371'}
[18:52:52,589][INFO][10792][auction.py:370] ----------------- 0xb92ab7c1edcb273aba24b0656ceb3681654805d2 ---Cake
[18:52:52,589][INFO][10792][auction.py:374] ----------------- 0x58092273a044d6e1d23b5095ae873f6e24e906ed ---Cake -- cake 1500.000000
[18:52:52,589][INFO][10792][auction.py:367] {'blockNumber': '10705049', 'timeStamp': '1631011660', 'hash': '0x142d128802299275e6b10cb2171fed090b9b649875fbffe5dac0d05421bd0e72', 'nonce': '10', 'blockHash': '0x9ed3270f34bd67e32ff8530a52cb58b7b69f8301ed2cd4ef2ffdd78e816e6fae', 'from': '0x5ed6b80f0e8b1c7fdb783202d4a926bbed2d49ee', 'contractAddress': '0x0e09fabb73bd3ade0a17ecc321fd13a19e81ce82', 'to': '0xb92ab7c1edcb273aba24b0656ceb3681654805d2', 'value': '100000000000000000000', 'tokenName': 'PancakeSwap Token', 'tokenSymbol': 'Cake', 'tokenDecimal': '18', 'transactionIndex': '83', 'gas': '74495', 'gasPrice': '5000000000', 'gasUsed': '68803', 'cumulativeGasUsed': '9552749', 'input': 'deprecated', 'confirmations': '1292'}
[18:52:52,589][INFO][10792][auction.py:370] ----------------- 0xb92ab7c1edcb273aba24b0656ceb3681654805d2 ---Cake
[18:52:52,590][INFO][10792][auction.py:374] ----------------- 0x5ed6b80f0e8b1c7fdb783202d4a926bbed2d49ee ---Cake -- cake 100.000000
[18:52:52,590][INFO][10792][auction.py:367] {'blockNumber': '10705454', 'timeStamp': '1631012899', 'hash': '0x952703eed5aa61378d616c4f7b6c666190835d6a57902f1a64fcf02fca84794c', 'nonce': '1', 'blockHash': '0x2dc24ca2731be3736198e22ac78da303739ce5574660be9642c331e70562bdf5', 'from': '0xcbd932ac66f645a3764733aacd30ce50e522fac1', 'contractAddress': '0x0e09fabb73bd3ade0a17ecc321fd13a19e81ce82', 'to': '0xb92ab7c1edcb273aba24b0656ceb3681654805d2', 'value': '3000000000000000000000', 'tokenName': 'PancakeSwap Token', 'tokenSymbol': 'Cake', 'tokenDecimal': '18', 'transactionIndex': '190', 'gas': '181596', 'gasPrice': '5000000000', 'gasUsed': '175904', 'cumulativeGasUsed': '32889266', 'input': 'deprecated', 'confirmations': '887'}
[18:52:52,590][INFO][10792][auction.py:370] ----------------- 0xb92ab7c1edcb273aba24b0656ceb3681654805d2 ---Cake
[18:52:52,590][INFO][10792][auction.py:374] ----------------- 0xcbd932ac66f645a3764733aacd30ce50e522fac1 ---Cake -- cake 3000.000000
[18:52:52,590][INFO][10792][auction.py:367] {'blockNumber': '10705719', 'timeStamp': '1631013696', 'hash': '0xc075a75784c45ad0d07454da1d09060ae6b82b98dce47416153438ece8d5e5eb', 'nonce': '2862', 'blockHash': '0x4d486b1d9e530b905d358744054caf756c4a62adcdf2949d20a30edcdd14f55f', 'from': '0x58092273a044d6e1d23b5095ae873f6e24e906ed', 'contractAddress': '0x0e09fabb73bd3ade0a17ecc321fd13a19e81ce82', 'to': '0xb92ab7c1edcb273aba24b0656ceb3681654805d2', 'value': '1610000000000000000000', 'tokenName': 'PancakeSwap Token', 'tokenSymbol': 'Cake', 'tokenDecimal': '18', 'transactionIndex': '87', 'gas': '74495', 'gasPrice': '5000000000', 'gasUsed': '68803', 'cumulativeGasUsed': '11673808', 'input': 'deprecated', 'confirmations': '622'}
[18:52:52,590][INFO][10792][auction.py:370] ----------------- 0xb92ab7c1edcb273aba24b0656ceb3681654805d2 ---Cake
[18:52:52,590][INFO][10792][auction.py:374] ----------------- 0x58092273a044d6e1d23b5095ae873f6e24e906ed ---Cake -- cake 1610.000000
[18:52:52,590][INFO][10792][auction.py:367] {'blockNumber': '10705763', 'timeStamp': '1631013828', 'hash': '0xfe517c002d195aaf34d15888ef5f561435c69a822733895c2f7cfe516b0cbc34', 'nonce': '2', 'blockHash': '0x5f00d6638e2574f5e426fb3c20e0d97a78ab721e650c19bdb4e03b69f6811788', 'from': '0xcbd932ac66f645a3764733aacd30ce50e522fac1', 'contractAddress': '0x0e09fabb73bd3ade0a17ecc321fd13a19e81ce82', 'to': '0xb92ab7c1edcb273aba24b0656ceb3681654805d2', 'value': '1000000000000000000000', 'tokenName': 'PancakeSwap Token', 'tokenSymbol': 'Cake', 'tokenDecimal': '18', 'transactionIndex': '114', 'gas': '74495', 'gasPrice': '5000000000', 'gasUsed': '68803', 'cumulativeGasUsed': '14686672', 'input': 'deprecated', 'confirmations': '578'}
[18:52:52,590][INFO][10792][auction.py:370] ----------------- 0xb92ab7c1edcb273aba24b0656ceb3681654805d2 ---Cake
[18:52:52,590][INFO][10792][auction.py:374] ----------------- 0xcbd932ac66f645a3764733aacd30ce50e522fac1 ---Cake -- cake 1000.000000
[18:53:22,757][INFO][10792][auction.py:363] getting all txs from block 10706117
[18:53:24,971][INFO][10792][auction.py:367] {'blockNumber': '10703164', 'timeStamp': '1631005959', 'hash': '0x2c47a0b312a42aef6b2aab02ef728de69c6b4087d04e0f9cde0d2f06af672f74', 'nonce': '151', 'blockHash': '0x3e3fa383c0fa96831def86a43ecb8a9293bc2031a806a9081cf76052129aa9d9', 'from': '0xae126b90d2835c5a2d720b0687ec59f59b768183', 'to': '0xb92ab7c1edcb273aba24b0656ceb3681654805d2', 'contractAddress': '0x0e09fabb73bd3ade0a17ecc321fd13a19e81ce82', 'value': '1000000000000000000000', 'tokenName': 'PancakeSwap Token', 'tokenSymbol': 'Cake', 'tokenDecimal': '18', 'transactionIndex': '81', 'gas': '181596', 'gasPrice': '5000000000', 'gasUsed': '175904', 'cumulativeGasUsed': '9902509', 'input': 'deprecated', 'confirmations': '3189'}
[18:53:24,972][INFO][10792][auction.py:370] ----------------- 0xb92ab7c1edcb273aba24b0656ceb3681654805d2 ---Cake
[18:53:24,972][INFO][10792][auction.py:374] ----------------- 0xae126b90d2835c5a2d720b0687ec59f59b768183 ---Cake -- cake 1000.000000
[18:53:24,972][INFO][10792][auction.py:367] {'blockNumber': '10703538', 'timeStamp': '1631007086', 'hash': '0x04fb7e45c4b68346660313324ae7f5b3169c4afba2938a991fc8f9cbb360bbba', 'nonce': '9', 'blockHash': '0x95697e8986f214f779687815df79e4448a445b70b6e5da4e685f61a341e33bed', 'from': '0x5ed6b80f0e8b1c7fdb783202d4a926bbed2d49ee', 'to': '0xb92ab7c1edcb273aba24b0656ceb3681654805d2', 'contractAddress': '0x0e09fabb73bd3ade0a17ecc321fd13a19e81ce82', 'value': '1010000000000000000000', 'tokenName': 'PancakeSwap Token', 'tokenSymbol': 'Cake', 'tokenDecimal': '18', 'transactionIndex': '161', 'gas': '181596', 'gasPrice': '5000000000', 'gasUsed': '175904', 'cumulativeGasUsed': '23412019', 'input': 'deprecated', 'confirmations': '2815'}
[18:53:24,972][INFO][10792][auction.py:370] ----------------- 0xb92ab7c1edcb273aba24b0656ceb3681654805d2 ---Cake
[18:53:24,972][INFO][10792][auction.py:374] ----------------- 0x5ed6b80f0e8b1c7fdb783202d4a926bbed2d49ee ---Cake -- cake 1010.000000
[18:53:24,972][INFO][10792][auction.py:367] {'blockNumber': '10703574', 'timeStamp': '1631007194', 'hash': '0xde7fb6a7e7881132b09831318bfef574dd39724616e59e8f1065b025ba1cf4e8', 'nonce': '480', 'blockHash': '0xfc43f5d81c20d7d41680ab7c02e3c996d03677aa2ef51e7eca04c596025e865e', 'from': '0xfad3b5feac1aaf86b3f66d105f2fa9607164d86b', 'to': '0xb92ab7c1edcb273aba24b0656ceb3681654805d2', 'contractAddress': '0x0e09fabb73bd3ade0a17ecc321fd13a19e81ce82', 'value': '1020000000000000000000', 'tokenName': 'PancakeSwap Token', 'tokenSymbol': 'Cake', 'tokenDecimal': '18', 'transactionIndex': '88', 'gas': '166596', 'gasPrice': '5000000000', 'gasUsed': '160904', 'cumulativeGasUsed': '16679294', 'input': 'deprecated', 'confirmations': '2779'}
[18:53:24,972][INFO][10792][auction.py:370] ----------------- 0xb92ab7c1edcb273aba24b0656ceb3681654805d2 ---Cake
[18:53:24,972][INFO][10792][auction.py:374] ----------------- 0xfad3b5feac1aaf86b3f66d105f2fa9607164d86b ---Cake -- cake 1020.000000
[18:53:24,972][INFO][10792][auction.py:367] {'blockNumber': '10704298', 'timeStamp': '1631009371', 'hash': '0x9cff86beb07d9f4db1ea9e4dac3475ceab20574aaf4c303dba6e24cbafcf8d7c', 'nonce': '489', 'blockHash': '0x70c9905f3136844f467e3381edaec15bfd0663b90de3b91512a9c40a422d3142', 'from': '0x22d56946c6cc1d4ed09f02858ddb990fcc981c55', 'to': '0xb92ab7c1edcb273aba24b0656ceb3681654805d2', 'contractAddress': '0x0e09fabb73bd3ade0a17ecc321fd13a19e81ce82', 'value': '1000000000000000000000', 'tokenName': 'PancakeSwap Token', 'tokenSymbol': 'Cake', 'tokenDecimal': '18', 'transactionIndex': '137', 'gas': '181596', 'gasPrice': '5000000000', 'gasUsed': '175904', 'cumulativeGasUsed': '18845957', 'input': 'deprecated', 'confirmations': '2055'}
[18:53:24,972][INFO][10792][auction.py:370] ----------------- 0xb92ab7c1edcb273aba24b0656ceb3681654805d2 ---Cake
[18:53:24,972][INFO][10792][auction.py:374] ----------------- 0x22d56946c6cc1d4ed09f02858ddb990fcc981c55 ---Cake -- cake 1000.000000
[18:53:24,972][INFO][10792][auction.py:367] {'blockNumber': '10704454', 'timeStamp': '1631009839', 'hash': '0x78f8dd0ac3075bee01d9e4c3e4bb1ca3c54b9da8b54edbaeee570213289a8a63', 'nonce': '496', 'blockHash': '0x2406984443008fe2dc80c8552016b7ca40de9780aa2db8fb6901931f5d541a7e', 'from': '0x22d56946c6cc1d4ed09f02858ddb990fcc981c55', 'to': '0xb92ab7c1edcb273aba24b0656ceb3681654805d2', 'contractAddress': '0x0e09fabb73bd3ade0a17ecc321fd13a19e81ce82', 'value': '100000000000000000000', 'tokenName': 'PancakeSwap Token', 'tokenSymbol': 'Cake', 'tokenDecimal': '18', 'transactionIndex': '145', 'gas': '74495', 'gasPrice': '5000000000', 'gasUsed': '68803', 'cumulativeGasUsed': '16706719', 'input': 'deprecated', 'confirmations': '1899'}
[18:53:24,972][INFO][10792][auction.py:370] ----------------- 0xb92ab7c1edcb273aba24b0656ceb3681654805d2 ---Cake
[18:53:24,972][INFO][10792][auction.py:374] ----------------- 0x22d56946c6cc1d4ed09f02858ddb990fcc981c55 ---Cake -- cake 100.000000
[18:53:24,972][INFO][10792][auction.py:367] {'blockNumber': '10704970', 'timeStamp': '1631011423', 'hash': '0x245ddcac7b8f31a9464c7c78e1bb92199455500509896b72b4c12b4a219bfd07', 'nonce': '2859', 'blockHash': '0x4b86c8203e2cbad3bade32b24053318fed392d4d4de3e68f32df40c79a2cb5c5', 'from': '0x58092273a044d6e1d23b5095ae873f6e24e906ed', 'to': '0xb92ab7c1edcb273aba24b0656ceb3681654805d2', 'contractAddress': '0x0e09fabb73bd3ade0a17ecc321fd13a19e81ce82', 'value': '1500000000000000000000', 'tokenName': 'PancakeSwap Token', 'tokenSymbol': 'Cake', 'tokenDecimal': '18', 'transactionIndex': '271', 'gas': '166596', 'gasPrice': '5000000000', 'gasUsed': '160904', 'cumulativeGasUsed': '36662181', 'input': 'deprecated', 'confirmations': '1383'}
[18:53:24,972][INFO][10792][auction.py:370] ----------------- 0xb92ab7c1edcb273aba24b0656ceb3681654805d2 ---Cake
[18:53:24,972][INFO][10792][auction.py:374] ----------------- 0x58092273a044d6e1d23b5095ae873f6e24e906ed ---Cake -- cake 1500.000000
[18:53:24,972][INFO][10792][auction.py:367] {'blockNumber': '10705049', 'timeStamp': '1631011660', 'hash': '0x142d128802299275e6b10cb2171fed090b9b649875fbffe5dac0d05421bd0e72', 'nonce': '10', 'blockHash': '0x9ed3270f34bd67e32ff8530a52cb58b7b69f8301ed2cd4ef2ffdd78e816e6fae', 'from': '0x5ed6b80f0e8b1c7fdb783202d4a926bbed2d49ee', 'to': '0xb92ab7c1edcb273aba24b0656ceb3681654805d2', 'contractAddress': '0x0e09fabb73bd3ade0a17ecc321fd13a19e81ce82', 'value': '100000000000000000000', 'tokenName': 'PancakeSwap Token', 'tokenSymbol': 'Cake', 'tokenDecimal': '18', 'transactionIndex': '83', 'gas': '74495', 'gasPrice': '5000000000', 'gasUsed': '68803', 'cumulativeGasUsed': '9552749', 'input': 'deprecated', 'confirmations': '1304'}
[18:53:24,972][INFO][10792][auction.py:370] ----------------- 0xb92ab7c1edcb273aba24b0656ceb3681654805d2 ---Cake
[18:53:24,972][INFO][10792][auction.py:374] ----------------- 0x5ed6b80f0e8b1c7fdb783202d4a926bbed2d49ee ---Cake -- cake 100.000000
[18:53:24,972][INFO][10792][auction.py:367] {'blockNumber': '10705454', 'timeStamp': '1631012899', 'hash': '0x952703eed5aa61378d616c4f7b6c666190835d6a57902f1a64fcf02fca84794c', 'nonce': '1', 'blockHash': '0x2dc24ca2731be3736198e22ac78da303739ce5574660be9642c331e70562bdf5', 'from': '0xcbd932ac66f645a3764733aacd30ce50e522fac1', 'to': '0xb92ab7c1edcb273aba24b0656ceb3681654805d2', 'contractAddress': '0x0e09fabb73bd3ade0a17ecc321fd13a19e81ce82', 'value': '3000000000000000000000', 'tokenName': 'PancakeSwap Token', 'tokenSymbol': 'Cake', 'tokenDecimal': '18', 'transactionIndex': '190', 'gas': '181596', 'gasPrice': '5000000000', 'gasUsed': '175904', 'cumulativeGasUsed': '32889266', 'input': 'deprecated', 'confirmations': '899'}
[18:53:24,972][INFO][10792][auction.py:370] ----------------- 0xb92ab7c1edcb273aba24b0656ceb3681654805d2 ---Cake
[18:53:24,972][INFO][10792][auction.py:374] ----------------- 0xcbd932ac66f645a3764733aacd30ce50e522fac1 ---Cake -- cake 3000.000000
[18:53:24,972][INFO][10792][auction.py:367] {'blockNumber': '10705719', 'timeStamp': '1631013696', 'hash': '0xc075a75784c45ad0d07454da1d09060ae6b82b98dce47416153438ece8d5e5eb', 'nonce': '2862', 'blockHash': '0x4d486b1d9e530b905d358744054caf756c4a62adcdf2949d20a30edcdd14f55f', 'from': '0x58092273a044d6e1d23b5095ae873f6e24e906ed', 'to': '0xb92ab7c1edcb273aba24b0656ceb3681654805d2', 'contractAddress': '0x0e09fabb73bd3ade0a17ecc321fd13a19e81ce82', 'value': '1610000000000000000000', 'tokenName': 'PancakeSwap Token', 'tokenSymbol': 'Cake', 'tokenDecimal': '18', 'transactionIndex': '87', 'gas': '74495', 'gasPrice': '5000000000', 'gasUsed': '68803', 'cumulativeGasUsed': '11673808', 'input': 'deprecated', 'confirmations': '634'}
[18:53:24,972][INFO][10792][auction.py:370] ----------------- 0xb92ab7c1edcb273aba24b0656ceb3681654805d2 ---Cake
[18:53:24,972][INFO][10792][auction.py:374] ----------------- 0x58092273a044d6e1d23b5095ae873f6e24e906ed ---Cake -- cake 1610.000000
[18:53:24,973][INFO][10792][auction.py:367] {'blockNumber': '10705763', 'timeStamp': '1631013828', 'hash': '0xfe517c002d195aaf34d15888ef5f561435c69a822733895c2f7cfe516b0cbc34', 'nonce': '2', 'blockHash': '0x5f00d6638e2574f5e426fb3c20e0d97a78ab721e650c19bdb4e03b69f6811788', 'from': '0xcbd932ac66f645a3764733aacd30ce50e522fac1', 'to': '0xb92ab7c1edcb273aba24b0656ceb3681654805d2', 'contractAddress': '0x0e09fabb73bd3ade0a17ecc321fd13a19e81ce82', 'value': '1000000000000000000000', 'tokenName': 'PancakeSwap Token', 'tokenSymbol': 'Cake', 'tokenDecimal': '18', 'transactionIndex': '114', 'gas': '74495', 'gasPrice': '5000000000', 'gasUsed': '68803', 'cumulativeGasUsed': '14686672', 'input': 'deprecated', 'confirmations': '590'}
[18:53:24,973][INFO][10792][auction.py:370] ----------------- 0xb92ab7c1edcb273aba24b0656ceb3681654805d2 ---Cake
[18:53:24,973][INFO][10792][auction.py:374] ----------------- 0xcbd932ac66f645a3764733aacd30ce50e522fac1 ---Cake -- cake 1000.000000
[18:53:55,176][INFO][10792][auction.py:363] getting all txs from block 10706117
[18:53:56,400][INFO][10792][auction.py:367] {'blockNumber': '10703164', 'timeStamp': '1631005959', 'hash': '0x2c47a0b312a42aef6b2aab02ef728de69c6b4087d04e0f9cde0d2f06af672f74', 'nonce': '151', 'blockHash': '0x3e3fa383c0fa96831def86a43ecb8a9293bc2031a806a9081cf76052129aa9d9', 'from': '0xae126b90d2835c5a2d720b0687ec59f59b768183', 'to': '0xb92ab7c1edcb273aba24b0656ceb3681654805d2', 'contractAddress': '0x0e09fabb73bd3ade0a17ecc321fd13a19e81ce82', 'value': '1000000000000000000000', 'tokenName': 'PancakeSwap Token', 'tokenSymbol': 'Cake', 'tokenDecimal': '18', 'transactionIndex': '81', 'gas': '181596', 'gasPrice': '5000000000', 'gasUsed': '175904', 'cumulativeGasUsed': '9902509', 'input': 'deprecated', 'confirmations': '3199'}
[18:53:56,400][INFO][10792][auction.py:370] ----------------- 0xb92ab7c1edcb273aba24b0656ceb3681654805d2 ---Cake
[18:53:56,400][INFO][10792][auction.py:374] ----------------- 0xae126b90d2835c5a2d720b0687ec59f59b768183 ---Cake -- cake 1000.000000
[18:53:56,400][INFO][10792][auction.py:367] {'blockNumber': '10703538', 'timeStamp': '1631007086', 'hash': '0x04fb7e45c4b68346660313324ae7f5b3169c4afba2938a991fc8f9cbb360bbba', 'nonce': '9', 'blockHash': '0x95697e8986f214f779687815df79e4448a445b70b6e5da4e685f61a341e33bed', 'from': '0x5ed6b80f0e8b1c7fdb783202d4a926bbed2d49ee', 'to': '0xb92ab7c1edcb273aba24b0656ceb3681654805d2', 'contractAddress': '0x0e09fabb73bd3ade0a17ecc321fd13a19e81ce82', 'value': '1010000000000000000000', 'tokenName': 'PancakeSwap Token', 'tokenSymbol': 'Cake', 'tokenDecimal': '18', 'transactionIndex': '161', 'gas': '181596', 'gasPrice': '5000000000', 'gasUsed': '175904', 'cumulativeGasUsed': '23412019', 'input': 'deprecated', 'confirmations': '2825'}
[18:53:56,401][INFO][10792][auction.py:370] ----------------- 0xb92ab7c1edcb273aba24b0656ceb3681654805d2 ---Cake
[18:53:56,401][INFO][10792][auction.py:374] ----------------- 0x5ed6b80f0e8b1c7fdb783202d4a926bbed2d49ee ---Cake -- cake 1010.000000
[18:53:56,401][INFO][10792][auction.py:367] {'blockNumber': '10703574', 'timeStamp': '1631007194', 'hash': '0xde7fb6a7e7881132b09831318bfef574dd39724616e59e8f1065b025ba1cf4e8', 'nonce': '480', 'blockHash': '0xfc43f5d81c20d7d41680ab7c02e3c996d03677aa2ef51e7eca04c596025e865e', 'from': '0xfad3b5feac1aaf86b3f66d105f2fa9607164d86b', 'to': '0xb92ab7c1edcb273aba24b0656ceb3681654805d2', 'contractAddress': '0x0e09fabb73bd3ade0a17ecc321fd13a19e81ce82', 'value': '1020000000000000000000', 'tokenName': 'PancakeSwap Token', 'tokenSymbol': 'Cake', 'tokenDecimal': '18', 'transactionIndex': '88', 'gas': '166596', 'gasPrice': '5000000000', 'gasUsed': '160904', 'cumulativeGasUsed': '16679294', 'input': 'deprecated', 'confirmations': '2789'}
[18:53:56,401][INFO][10792][auction.py:370] ----------------- 0xb92ab7c1edcb273aba24b0656ceb3681654805d2 ---Cake
[18:53:56,401][INFO][10792][auction.py:374] ----------------- 0xfad3b5feac1aaf86b3f66d105f2fa9607164d86b ---Cake -- cake 1020.000000
[18:53:56,401][INFO][10792][auction.py:367] {'blockNumber': '10704298', 'timeStamp': '1631009371', 'hash': '0x9cff86beb07d9f4db1ea9e4dac3475ceab20574aaf4c303dba6e24cbafcf8d7c', 'nonce': '489', 'blockHash': '0x70c9905f3136844f467e3381edaec15bfd0663b90de3b91512a9c40a422d3142', 'from': '0x22d56946c6cc1d4ed09f02858ddb990fcc981c55', 'to': '0xb92ab7c1edcb273aba24b0656ceb3681654805d2', 'contractAddress': '0x0e09fabb73bd3ade0a17ecc321fd13a19e81ce82', 'value': '1000000000000000000000', 'tokenName': 'PancakeSwap Token', 'tokenSymbol': 'Cake', 'tokenDecimal': '18', 'transactionIndex': '137', 'gas': '181596', 'gasPrice': '5000000000', 'gasUsed': '175904', 'cumulativeGasUsed': '18845957', 'input': 'deprecated', 'confirmations': '2065'}
[18:53:56,401][INFO][10792][auction.py:370] ----------------- 0xb92ab7c1edcb273aba24b0656ceb3681654805d2 ---Cake
[18:53:56,401][INFO][10792][auction.py:374] ----------------- 0x22d56946c6cc1d4ed09f02858ddb990fcc981c55 ---Cake -- cake 1000.000000
[18:53:56,401][INFO][10792][auction.py:367] {'blockNumber': '10704454', 'timeStamp': '1631009839', 'hash': '0x78f8dd0ac3075bee01d9e4c3e4bb1ca3c54b9da8b54edbaeee570213289a8a63', 'nonce': '496', 'blockHash': '0x2406984443008fe2dc80c8552016b7ca40de9780aa2db8fb6901931f5d541a7e', 'from': '0x22d56946c6cc1d4ed09f02858ddb990fcc981c55', 'to': '0xb92ab7c1edcb273aba24b0656ceb3681654805d2', 'contractAddress': '0x0e09fabb73bd3ade0a17ecc321fd13a19e81ce82', 'value': '100000000000000000000', 'tokenName': 'PancakeSwap Token', 'tokenSymbol': 'Cake', 'tokenDecimal': '18', 'transactionIndex': '145', 'gas': '74495', 'gasPrice': '5000000000', 'gasUsed': '68803', 'cumulativeGasUsed': '16706719', 'input': 'deprecated', 'confirmations': '1909'}
[18:53:56,401][INFO][10792][auction.py:370] ----------------- 0xb92ab7c1edcb273aba24b0656ceb3681654805d2 ---Cake
[18:53:56,401][INFO][10792][auction.py:374] ----------------- 0x22d56946c6cc1d4ed09f02858ddb990fcc981c55 ---Cake -- cake 100.000000
[18:53:56,401][INFO][10792][auction.py:367] {'blockNumber': '10704970', 'timeStamp': '1631011423', 'hash': '0x245ddcac7b8f31a9464c7c78e1bb92199455500509896b72b4c12b4a219bfd07', 'nonce': '2859', 'blockHash': '0x4b86c8203e2cbad3bade32b24053318fed392d4d4de3e68f32df40c79a2cb5c5', 'from': '0x58092273a044d6e1d23b5095ae873f6e24e906ed', 'to': '0xb92ab7c1edcb273aba24b0656ceb3681654805d2', 'contractAddress': '0x0e09fabb73bd3ade0a17ecc321fd13a19e81ce82', 'value': '1500000000000000000000', 'tokenName': 'PancakeSwap Token', 'tokenSymbol': 'Cake', 'tokenDecimal': '18', 'transactionIndex': '271', 'gas': '166596', 'gasPrice': '5000000000', 'gasUsed': '160904', 'cumulativeGasUsed': '36662181', 'input': 'deprecated', 'confirmations': '1393'}
[18:53:56,401][INFO][10792][auction.py:370] ----------------- 0xb92ab7c1edcb273aba24b0656ceb3681654805d2 ---Cake
[18:53:56,402][INFO][10792][auction.py:374] ----------------- 0x58092273a044d6e1d23b5095ae873f6e24e906ed ---Cake -- cake 1500.000000
[18:53:56,402][INFO][10792][auction.py:367] {'blockNumber': '10705049', 'timeStamp': '1631011660', 'hash': '0x142d128802299275e6b10cb2171fed090b9b649875fbffe5dac0d05421bd0e72', 'nonce': '10', 'blockHash': '0x9ed3270f34bd67e32ff8530a52cb58b7b69f8301ed2cd4ef2ffdd78e816e6fae', 'from': '0x5ed6b80f0e8b1c7fdb783202d4a926bbed2d49ee', 'to': '0xb92ab7c1edcb273aba24b0656ceb3681654805d2', 'contractAddress': '0x0e09fabb73bd3ade0a17ecc321fd13a19e81ce82', 'value': '100000000000000000000', 'tokenName': 'PancakeSwap Token', 'tokenSymbol': 'Cake', 'tokenDecimal': '18', 'transactionIndex': '83', 'gas': '74495', 'gasPrice': '5000000000', 'gasUsed': '68803', 'cumulativeGasUsed': '9552749', 'input': 'deprecated', 'confirmations': '1314'}
[18:53:56,402][INFO][10792][auction.py:370] ----------------- 0xb92ab7c1edcb273aba24b0656ceb3681654805d2 ---Cake
[18:53:56,402][INFO][10792][auction.py:374] ----------------- 0x5ed6b80f0e8b1c7fdb783202d4a926bbed2d49ee ---Cake -- cake 100.000000
[18:53:56,402][INFO][10792][auction.py:367] {'blockNumber': '10705454', 'timeStamp': '1631012899', 'hash': '0x952703eed5aa61378d616c4f7b6c666190835d6a57902f1a64fcf02fca84794c', 'nonce': '1', 'blockHash': '0x2dc24ca2731be3736198e22ac78da303739ce5574660be9642c331e70562bdf5', 'from': '0xcbd932ac66f645a3764733aacd30ce50e522fac1', 'to': '0xb92ab7c1edcb273aba24b0656ceb3681654805d2', 'contractAddress': '0x0e09fabb73bd3ade0a17ecc321fd13a19e81ce82', 'value': '3000000000000000000000', 'tokenName': 'PancakeSwap Token', 'tokenSymbol': 'Cake', 'tokenDecimal': '18', 'transactionIndex': '190', 'gas': '181596', 'gasPrice': '5000000000', 'gasUsed': '175904', 'cumulativeGasUsed': '32889266', 'input': 'deprecated', 'confirmations': '909'}
[18:53:56,402][INFO][10792][auction.py:370] ----------------- 0xb92ab7c1edcb273aba24b0656ceb3681654805d2 ---Cake
[18:53:56,402][INFO][10792][auction.py:374] ----------------- 0xcbd932ac66f645a3764733aacd30ce50e522fac1 ---Cake -- cake 3000.000000
[18:53:56,402][INFO][10792][auction.py:367] {'blockNumber': '10705719', 'timeStamp': '1631013696', 'hash': '0xc075a75784c45ad0d07454da1d09060ae6b82b98dce47416153438ece8d5e5eb', 'nonce': '2862', 'blockHash': '0x4d486b1d9e530b905d358744054caf756c4a62adcdf2949d20a30edcdd14f55f', 'from': '0x58092273a044d6e1d23b5095ae873f6e24e906ed', 'to': '0xb92ab7c1edcb273aba24b0656ceb3681654805d2', 'contractAddress': '0x0e09fabb73bd3ade0a17ecc321fd13a19e81ce82', 'value': '1610000000000000000000', 'tokenName': 'PancakeSwap Token', 'tokenSymbol': 'Cake', 'tokenDecimal': '18', 'transactionIndex': '87', 'gas': '74495', 'gasPrice': '5000000000', 'gasUsed': '68803', 'cumulativeGasUsed': '11673808', 'input': 'deprecated', 'confirmations': '644'}
[18:53:56,402][INFO][10792][auction.py:370] ----------------- 0xb92ab7c1edcb273aba24b0656ceb3681654805d2 ---Cake
[18:53:56,402][INFO][10792][auction.py:374] ----------------- 0x58092273a044d6e1d23b5095ae873f6e24e906ed ---Cake -- cake 1610.000000
[18:53:56,402][INFO][10792][auction.py:367] {'blockNumber': '10705763', 'timeStamp': '1631013828', 'hash': '0xfe517c002d195aaf34d15888ef5f561435c69a822733895c2f7cfe516b0cbc34', 'nonce': '2', 'blockHash': '0x5f00d6638e2574f5e426fb3c20e0d97a78ab721e650c19bdb4e03b69f6811788', 'from': '0xcbd932ac66f645a3764733aacd30ce50e522fac1', 'to': '0xb92ab7c1edcb273aba24b0656ceb3681654805d2', 'contractAddress': '0x0e09fabb73bd3ade0a17ecc321fd13a19e81ce82', 'value': '1000000000000000000000', 'tokenName': 'PancakeSwap Token', 'tokenSymbol': 'Cake', 'tokenDecimal': '18', 'transactionIndex': '114', 'gas': '74495', 'gasPrice': '5000000000', 'gasUsed': '68803', 'cumulativeGasUsed': '14686672', 'input': 'deprecated', 'confirmations': '600'}
[18:53:56,402][INFO][10792][auction.py:370] ----------------- 0xb92ab7c1edcb273aba24b0656ceb3681654805d2 ---Cake
[18:53:56,402][INFO][10792][auction.py:374] ----------------- 0xcbd932ac66f645a3764733aacd30ce50e522fac1 ---Cake -- cake 1000.000000
[18:54:26,520][INFO][10792][auction.py:363] getting all txs from block 10706117
[18:54:27,622][INFO][10792][auction.py:367] {'blockNumber': '10703164', 'timeStamp': '1631005959', 'hash': '0x2c47a0b312a42aef6b2aab02ef728de69c6b4087d04e0f9cde0d2f06af672f74', 'nonce': '151', 'blockHash': '0x3e3fa383c0fa96831def86a43ecb8a9293bc2031a806a9081cf76052129aa9d9', 'from': '0xae126b90d2835c5a2d720b0687ec59f59b768183', 'to': '0xb92ab7c1edcb273aba24b0656ceb3681654805d2', 'contractAddress': '0x0e09fabb73bd3ade0a17ecc321fd13a19e81ce82', 'value': '1000000000000000000000', 'tokenName': 'PancakeSwap Token', 'tokenSymbol': 'Cake', 'tokenDecimal': '18', 'transactionIndex': '81', 'gas': '181596', 'gasPrice': '5000000000', 'gasUsed': '175904', 'cumulativeGasUsed': '9902509', 'input': 'deprecated', 'confirmations': '3207'}
[18:54:27,623][INFO][10792][auction.py:370] ----------------- 0xb92ab7c1edcb273aba24b0656ceb3681654805d2 ---Cake
[18:54:27,623][INFO][10792][auction.py:374] ----------------- 0xae126b90d2835c5a2d720b0687ec59f59b768183 ---Cake -- cake 1000.000000
[18:54:27,623][INFO][10792][auction.py:367] {'blockNumber': '10703538', 'timeStamp': '1631007086', 'hash': '0x04fb7e45c4b68346660313324ae7f5b3169c4afba2938a991fc8f9cbb360bbba', 'nonce': '9', 'blockHash': '0x95697e8986f214f779687815df79e4448a445b70b6e5da4e685f61a341e33bed', 'from': '0x5ed6b80f0e8b1c7fdb783202d4a926bbed2d49ee', 'to': '0xb92ab7c1edcb273aba24b0656ceb3681654805d2', 'contractAddress': '0x0e09fabb73bd3ade0a17ecc321fd13a19e81ce82', 'value': '1010000000000000000000', 'tokenName': 'PancakeSwap Token', 'tokenSymbol': 'Cake', 'tokenDecimal': '18', 'transactionIndex': '161', 'gas': '181596', 'gasPrice': '5000000000', 'gasUsed': '175904', 'cumulativeGasUsed': '23412019', 'input': 'deprecated', 'confirmations': '2833'}
[18:54:27,623][INFO][10792][auction.py:370] ----------------- 0xb92ab7c1edcb273aba24b0656ceb3681654805d2 ---Cake
[18:54:27,623][INFO][10792][auction.py:374] ----------------- 0x5ed6b80f0e8b1c7fdb783202d4a926bbed2d49ee ---Cake -- cake 1010.000000
[18:54:27,623][INFO][10792][auction.py:367] {'blockNumber': '10703574', 'timeStamp': '1631007194', 'hash': '0xde7fb6a7e7881132b09831318bfef574dd39724616e59e8f1065b025ba1cf4e8', 'nonce': '480', 'blockHash': '0xfc43f5d81c20d7d41680ab7c02e3c996d03677aa2ef51e7eca04c596025e865e', 'from': '0xfad3b5feac1aaf86b3f66d105f2fa9607164d86b', 'to': '0xb92ab7c1edcb273aba24b0656ceb3681654805d2', 'contractAddress': '0x0e09fabb73bd3ade0a17ecc321fd13a19e81ce82', 'value': '1020000000000000000000', 'tokenName': 'PancakeSwap Token', 'tokenSymbol': 'Cake', 'tokenDecimal': '18', 'transactionIndex': '88', 'gas': '166596', 'gasPrice': '5000000000', 'gasUsed': '160904', 'cumulativeGasUsed': '16679294', 'input': 'deprecated', 'confirmations': '2797'}
[18:54:27,623][INFO][10792][auction.py:370] ----------------- 0xb92ab7c1edcb273aba24b0656ceb3681654805d2 ---Cake
[18:54:27,623][INFO][10792][auction.py:374] ----------------- 0xfad3b5feac1aaf86b3f66d105f2fa9607164d86b ---Cake -- cake 1020.000000
[18:54:27,623][INFO][10792][auction.py:367] {'blockNumber': '10704298', 'timeStamp': '1631009371', 'hash': '0x9cff86beb07d9f4db1ea9e4dac3475ceab20574aaf4c303dba6e24cbafcf8d7c', 'nonce': '489', 'blockHash': '0x70c9905f3136844f467e3381edaec15bfd0663b90de3b91512a9c40a422d3142', 'from': '0x22d56946c6cc1d4ed09f02858ddb990fcc981c55', 'to': '0xb92ab7c1edcb273aba24b0656ceb3681654805d2', 'contractAddress': '0x0e09fabb73bd3ade0a17ecc321fd13a19e81ce82', 'value': '1000000000000000000000', 'tokenName': 'PancakeSwap Token', 'tokenSymbol': 'Cake', 'tokenDecimal': '18', 'transactionIndex': '137', 'gas': '181596', 'gasPrice': '5000000000', 'gasUsed': '175904', 'cumulativeGasUsed': '18845957', 'input': 'deprecated', 'confirmations': '2073'}
[18:54:27,623][INFO][10792][auction.py:370] ----------------- 0xb92ab7c1edcb273aba24b0656ceb3681654805d2 ---Cake
[18:54:27,623][INFO][10792][auction.py:374] ----------------- 0x22d56946c6cc1d4ed09f02858ddb990fcc981c55 ---Cake -- cake 1000.000000
[18:54:27,623][INFO][10792][auction.py:367] {'blockNumber': '10704454', 'timeStamp': '1631009839', 'hash': '0x78f8dd0ac3075bee01d9e4c3e4bb1ca3c54b9da8b54edbaeee570213289a8a63', 'nonce': '496', 'blockHash': '0x2406984443008fe2dc80c8552016b7ca40de9780aa2db8fb6901931f5d541a7e', 'from': '0x22d56946c6cc1d4ed09f02858ddb990fcc981c55', 'to': '0xb92ab7c1edcb273aba24b0656ceb3681654805d2', 'contractAddress': '0x0e09fabb73bd3ade0a17ecc321fd13a19e81ce82', 'value': '100000000000000000000', 'tokenName': 'PancakeSwap Token', 'tokenSymbol': 'Cake', 'tokenDecimal': '18', 'transactionIndex': '145', 'gas': '74495', 'gasPrice': '5000000000', 'gasUsed': '68803', 'cumulativeGasUsed': '16706719', 'input': 'deprecated', 'confirmations': '1917'}
[18:54:27,623][INFO][10792][auction.py:370] ----------------- 0xb92ab7c1edcb273aba24b0656ceb3681654805d2 ---Cake
[18:54:27,623][INFO][10792][auction.py:374] ----------------- 0x22d56946c6cc1d4ed09f02858ddb990fcc981c55 ---Cake -- cake 100.000000
[18:54:27,623][INFO][10792][auction.py:367] {'blockNumber': '10704970', 'timeStamp': '1631011423', 'hash': '0x245ddcac7b8f31a9464c7c78e1bb92199455500509896b72b4c12b4a219bfd07', 'nonce': '2859', 'blockHash': '0x4b86c8203e2cbad3bade32b24053318fed392d4d4de3e68f32df40c79a2cb5c5', 'from': '0x58092273a044d6e1d23b5095ae873f6e24e906ed', 'to': '0xb92ab7c1edcb273aba24b0656ceb3681654805d2', 'contractAddress': '0x0e09fabb73bd3ade0a17ecc321fd13a19e81ce82', 'value': '1500000000000000000000', 'tokenName': 'PancakeSwap Token', 'tokenSymbol': 'Cake', 'tokenDecimal': '18', 'transactionIndex': '271', 'gas': '166596', 'gasPrice': '5000000000', 'gasUsed': '160904', 'cumulativeGasUsed': '36662181', 'input': 'deprecated', 'confirmations': '1401'}
[18:54:27,623][INFO][10792][auction.py:370] ----------------- 0xb92ab7c1edcb273aba24b0656ceb3681654805d2 ---Cake
[18:54:27,623][INFO][10792][auction.py:374] ----------------- 0x58092273a044d6e1d23b5095ae873f6e24e906ed ---Cake -- cake 1500.000000
[18:54:27,623][INFO][10792][auction.py:367] {'blockNumber': '10705049', 'timeStamp': '1631011660', 'hash': '0x142d128802299275e6b10cb2171fed090b9b649875fbffe5dac0d05421bd0e72', 'nonce': '10', 'blockHash': '0x9ed3270f34bd67e32ff8530a52cb58b7b69f8301ed2cd4ef2ffdd78e816e6fae', 'from': '0x5ed6b80f0e8b1c7fdb783202d4a926bbed2d49ee', 'to': '0xb92ab7c1edcb273aba24b0656ceb3681654805d2', 'contractAddress': '0x0e09fabb73bd3ade0a17ecc321fd13a19e81ce82', 'value': '100000000000000000000', 'tokenName': 'PancakeSwap Token', 'tokenSymbol': 'Cake', 'tokenDecimal': '18', 'transactionIndex': '83', 'gas': '74495', 'gasPrice': '5000000000', 'gasUsed': '68803', 'cumulativeGasUsed': '9552749', 'input': 'deprecated', 'confirmations': '1322'}
[18:54:27,623][INFO][10792][auction.py:370] ----------------- 0xb92ab7c1edcb273aba24b0656ceb3681654805d2 ---Cake
[18:54:27,623][INFO][10792][auction.py:374] ----------------- 0x5ed6b80f0e8b1c7fdb783202d4a926bbed2d49ee ---Cake -- cake 100.000000
[18:54:27,623][INFO][10792][auction.py:367] {'blockNumber': '10705454', 'timeStamp': '1631012899', 'hash': '0x952703eed5aa61378d616c4f7b6c666190835d6a57902f1a64fcf02fca84794c', 'nonce': '1', 'blockHash': '0x2dc24ca2731be3736198e22ac78da303739ce5574660be9642c331e70562bdf5', 'from': '0xcbd932ac66f645a3764733aacd30ce50e522fac1', 'to': '0xb92ab7c1edcb273aba24b0656ceb3681654805d2', 'contractAddress': '0x0e09fabb73bd3ade0a17ecc321fd13a19e81ce82', 'value': '3000000000000000000000', 'tokenName': 'PancakeSwap Token', 'tokenSymbol': 'Cake', 'tokenDecimal': '18', 'transactionIndex': '190', 'gas': '181596', 'gasPrice': '5000000000', 'gasUsed': '175904', 'cumulativeGasUsed': '32889266', 'input': 'deprecated', 'confirmations': '917'}
[18:54:27,623][INFO][10792][auction.py:370] ----------------- 0xb92ab7c1edcb273aba24b0656ceb3681654805d2 ---Cake
[18:54:27,623][INFO][10792][auction.py:374] ----------------- 0xcbd932ac66f645a3764733aacd30ce50e522fac1 ---Cake -- cake 3000.000000
[18:54:27,623][INFO][10792][auction.py:367] {'blockNumber': '10705719', 'timeStamp': '1631013696', 'hash': '0xc075a75784c45ad0d07454da1d09060ae6b82b98dce47416153438ece8d5e5eb', 'nonce': '2862', 'blockHash': '0x4d486b1d9e530b905d358744054caf756c4a62adcdf2949d20a30edcdd14f55f', 'from': '0x58092273a044d6e1d23b5095ae873f6e24e906ed', 'to': '0xb92ab7c1edcb273aba24b0656ceb3681654805d2', 'contractAddress': '0x0e09fabb73bd3ade0a17ecc321fd13a19e81ce82', 'value': '1610000000000000000000', 'tokenName': 'PancakeSwap Token', 'tokenSymbol': 'Cake', 'tokenDecimal': '18', 'transactionIndex': '87', 'gas': '74495', 'gasPrice': '5000000000', 'gasUsed': '68803', 'cumulativeGasUsed': '11673808', 'input': 'deprecated', 'confirmations': '652'}
[18:54:27,624][INFO][10792][auction.py:370] ----------------- 0xb92ab7c1edcb273aba24b0656ceb3681654805d2 ---Cake
[18:54:27,624][INFO][10792][auction.py:374] ----------------- 0x58092273a044d6e1d23b5095ae873f6e24e906ed ---Cake -- cake 1610.000000
[18:54:27,624][INFO][10792][auction.py:367] {'blockNumber': '10705763', 'timeStamp': '1631013828', 'hash': '0xfe517c002d195aaf34d15888ef5f561435c69a822733895c2f7cfe516b0cbc34', 'nonce': '2', 'blockHash': '0x5f00d6638e2574f5e426fb3c20e0d97a78ab721e650c19bdb4e03b69f6811788', 'from': '0xcbd932ac66f645a3764733aacd30ce50e522fac1', 'to': '0xb92ab7c1edcb273aba24b0656ceb3681654805d2', 'contractAddress': '0x0e09fabb73bd3ade0a17ecc321fd13a19e81ce82', 'value': '1000000000000000000000', 'tokenName': 'PancakeSwap Token', 'tokenSymbol': 'Cake', 'tokenDecimal': '18', 'transactionIndex': '114', 'gas': '74495', 'gasPrice': '5000000000', 'gasUsed': '68803', 'cumulativeGasUsed': '14686672', 'input': 'deprecated', 'confirmations': '608'}
[18:54:27,624][INFO][10792][auction.py:370] ----------------- 0xb92ab7c1edcb273aba24b0656ceb3681654805d2 ---Cake
[18:54:27,624][INFO][10792][auction.py:374] ----------------- 0xcbd932ac66f645a3764733aacd30ce50e522fac1 ---Cake -- cake 1000.000000
[18:54:57,639][INFO][10792][auction.py:363] getting all txs from block 10706117
[18:54:58,844][INFO][10792][auction.py:367] {'blockNumber': '10703164', 'timeStamp': '1631005959', 'hash': '0x2c47a0b312a42aef6b2aab02ef728de69c6b4087d04e0f9cde0d2f06af672f74', 'nonce': '151', 'blockHash': '0x3e3fa383c0fa96831def86a43ecb8a9293bc2031a806a9081cf76052129aa9d9', 'from': '0xae126b90d2835c5a2d720b0687ec59f59b768183', 'to': '0xb92ab7c1edcb273aba24b0656ceb3681654805d2', 'contractAddress': '0x0e09fabb73bd3ade0a17ecc321fd13a19e81ce82', 'value': '1000000000000000000000', 'tokenName': 'PancakeSwap Token', 'tokenSymbol': 'Cake', 'tokenDecimal': '18', 'transactionIndex': '81', 'gas': '181596', 'gasPrice': '5000000000', 'gasUsed': '175904', 'cumulativeGasUsed': '9902509', 'input': 'deprecated', 'confirmations': '3219'}
[18:54:58,844][INFO][10792][auction.py:370] ----------------- 0xb92ab7c1edcb273aba24b0656ceb3681654805d2 ---Cake
[18:54:58,844][INFO][10792][auction.py:374] ----------------- 0xae126b90d2835c5a2d720b0687ec59f59b768183 ---Cake -- cake 1000.000000
[18:54:58,845][INFO][10792][auction.py:367] {'blockNumber': '10703538', 'timeStamp': '1631007086', 'hash': '0x04fb7e45c4b68346660313324ae7f5b3169c4afba2938a991fc8f9cbb360bbba', 'nonce': '9', 'blockHash': '0x95697e8986f214f779687815df79e4448a445b70b6e5da4e685f61a341e33bed', 'from': '0x5ed6b80f0e8b1c7fdb783202d4a926bbed2d49ee', 'to': '0xb92ab7c1edcb273aba24b0656ceb3681654805d2', 'contractAddress': '0x0e09fabb73bd3ade0a17ecc321fd13a19e81ce82', 'value': '1010000000000000000000', 'tokenName': 'PancakeSwap Token', 'tokenSymbol': 'Cake', 'tokenDecimal': '18', 'transactionIndex': '161', 'gas': '181596', 'gasPrice': '5000000000', 'gasUsed': '175904', 'cumulativeGasUsed': '23412019', 'input': 'deprecated', 'confirmations': '2845'}
[18:54:58,845][INFO][10792][auction.py:370] ----------------- 0xb92ab7c1edcb273aba24b0656ceb3681654805d2 ---Cake
[18:54:58,845][INFO][10792][auction.py:374] ----------------- 0x5ed6b80f0e8b1c7fdb783202d4a926bbed2d49ee ---Cake -- cake 1010.000000
[18:54:58,845][INFO][10792][auction.py:367] {'blockNumber': '10703574', 'timeStamp': '1631007194', 'hash': '0xde7fb6a7e7881132b09831318bfef574dd39724616e59e8f1065b025ba1cf4e8', 'nonce': '480', 'blockHash': '0xfc43f5d81c20d7d41680ab7c02e3c996d03677aa2ef51e7eca04c596025e865e', 'from': '0xfad3b5feac1aaf86b3f66d105f2fa9607164d86b', 'to': '0xb92ab7c1edcb273aba24b0656ceb3681654805d2', 'contractAddress': '0x0e09fabb73bd3ade0a17ecc321fd13a19e81ce82', 'value': '1020000000000000000000', 'tokenName': 'PancakeSwap Token', 'tokenSymbol': 'Cake', 'tokenDecimal': '18', 'transactionIndex': '88', 'gas': '166596', 'gasPrice': '5000000000', 'gasUsed': '160904', 'cumulativeGasUsed': '16679294', 'input': 'deprecated', 'confirmations': '2809'}
[18:54:58,845][INFO][10792][auction.py:370] ----------------- 0xb92ab7c1edcb273aba24b0656ceb3681654805d2 ---Cake
[18:54:58,845][INFO][10792][auction.py:374] ----------------- 0xfad3b5feac1aaf86b3f66d105f2fa9607164d86b ---Cake -- cake 1020.000000
[18:54:58,845][INFO][10792][auction.py:367] {'blockNumber': '10704298', 'timeStamp': '1631009371', 'hash': '0x9cff86beb07d9f4db1ea9e4dac3475ceab20574aaf4c303dba6e24cbafcf8d7c', 'nonce': '489', 'blockHash': '0x70c9905f3136844f467e3381edaec15bfd0663b90de3b91512a9c40a422d3142', 'from': '0x22d56946c6cc1d4ed09f02858ddb990fcc981c55', 'to': '0xb92ab7c1edcb273aba24b0656ceb3681654805d2', 'contractAddress': '0x0e09fabb73bd3ade0a17ecc321fd13a19e81ce82', 'value': '1000000000000000000000', 'tokenName': 'PancakeSwap Token', 'tokenSymbol': 'Cake', 'tokenDecimal': '18', 'transactionIndex': '137', 'gas': '181596', 'gasPrice': '5000000000', 'gasUsed': '175904', 'cumulativeGasUsed': '18845957', 'input': 'deprecated', 'confirmations': '2085'}
[18:54:58,845][INFO][10792][auction.py:370] ----------------- 0xb92ab7c1edcb273aba24b0656ceb3681654805d2 ---Cake
[18:54:58,846][INFO][10792][auction.py:374] ----------------- 0x22d56946c6cc1d4ed09f02858ddb990fcc981c55 ---Cake -- cake 1000.000000
[18:54:58,846][INFO][10792][auction.py:367] {'blockNumber': '10704454', 'timeStamp': '1631009839', 'hash': '0x78f8dd0ac3075bee01d9e4c3e4bb1ca3c54b9da8b54edbaeee570213289a8a63', 'nonce': '496', 'blockHash': '0x2406984443008fe2dc80c8552016b7ca40de9780aa2db8fb6901931f5d541a7e', 'from': '0x22d56946c6cc1d4ed09f02858ddb990fcc981c55', 'to': '0xb92ab7c1edcb273aba24b0656ceb3681654805d2', 'contractAddress': '0x0e09fabb73bd3ade0a17ecc321fd13a19e81ce82', 'value': '100000000000000000000', 'tokenName': 'PancakeSwap Token', 'tokenSymbol': 'Cake', 'tokenDecimal': '18', 'transactionIndex': '145', 'gas': '74495', 'gasPrice': '5000000000', 'gasUsed': '68803', 'cumulativeGasUsed': '16706719', 'input': 'deprecated', 'confirmations': '1929'}
[18:54:58,846][INFO][10792][auction.py:370] ----------------- 0xb92ab7c1edcb273aba24b0656ceb3681654805d2 ---Cake
[18:54:58,846][INFO][10792][auction.py:374] ----------------- 0x22d56946c6cc1d4ed09f02858ddb990fcc981c55 ---Cake -- cake 100.000000
[18:54:58,846][INFO][10792][auction.py:367] {'blockNumber': '10704970', 'timeStamp': '1631011423', 'hash': '0x245ddcac7b8f31a9464c7c78e1bb92199455500509896b72b4c12b4a219bfd07', 'nonce': '2859', 'blockHash': '0x4b86c8203e2cbad3bade32b24053318fed392d4d4de3e68f32df40c79a2cb5c5', 'from': '0x58092273a044d6e1d23b5095ae873f6e24e906ed', 'to': '0xb92ab7c1edcb273aba24b0656ceb3681654805d2', 'contractAddress': '0x0e09fabb73bd3ade0a17ecc321fd13a19e81ce82', 'value': '1500000000000000000000', 'tokenName': 'PancakeSwap Token', 'tokenSymbol': 'Cake', 'tokenDecimal': '18', 'transactionIndex': '271', 'gas': '166596', 'gasPrice': '5000000000', 'gasUsed': '160904', 'cumulativeGasUsed': '36662181', 'input': 'deprecated', 'confirmations': '1413'}
[18:54:58,846][INFO][10792][auction.py:370] ----------------- 0xb92ab7c1edcb273aba24b0656ceb3681654805d2 ---Cake
[18:54:58,846][INFO][10792][auction.py:374] ----------------- 0x58092273a044d6e1d23b5095ae873f6e24e906ed ---Cake -- cake 1500.000000
[18:54:58,846][INFO][10792][auction.py:367] {'blockNumber': '10705049', 'timeStamp': '1631011660', 'hash': '0x142d128802299275e6b10cb2171fed090b9b649875fbffe5dac0d05421bd0e72', 'nonce': '10', 'blockHash': '0x9ed3270f34bd67e32ff8530a52cb58b7b69f8301ed2cd4ef2ffdd78e816e6fae', 'from': '0x5ed6b80f0e8b1c7fdb783202d4a926bbed2d49ee', 'to': '0xb92ab7c1edcb273aba24b0656ceb3681654805d2', 'contractAddress': '0x0e09fabb73bd3ade0a17ecc321fd13a19e81ce82', 'value': '100000000000000000000', 'tokenName': 'PancakeSwap Token', 'tokenSymbol': 'Cake', 'tokenDecimal': '18', 'transactionIndex': '83', 'gas': '74495', 'gasPrice': '5000000000', 'gasUsed': '68803', 'cumulativeGasUsed': '9552749', 'input': 'deprecated', 'confirmations': '1334'}
[18:54:58,847][INFO][10792][auction.py:370] ----------------- 0xb92ab7c1edcb273aba24b0656ceb3681654805d2 ---Cake
[18:54:58,847][INFO][10792][auction.py:374] ----------------- 0x5ed6b80f0e8b1c7fdb783202d4a926bbed2d49ee ---Cake -- cake 100.000000
[18:54:58,847][INFO][10792][auction.py:367] {'blockNumber': '10705454', 'timeStamp': '1631012899', 'hash': '0x952703eed5aa61378d616c4f7b6c666190835d6a57902f1a64fcf02fca84794c', 'nonce': '1', 'blockHash': '0x2dc24ca2731be3736198e22ac78da303739ce5574660be9642c331e70562bdf5', 'from': '0xcbd932ac66f645a3764733aacd30ce50e522fac1', 'to': '0xb92ab7c1edcb273aba24b0656ceb3681654805d2', 'contractAddress': '0x0e09fabb73bd3ade0a17ecc321fd13a19e81ce82', 'value': '3000000000000000000000', 'tokenName': 'PancakeSwap Token', 'tokenSymbol': 'Cake', 'tokenDecimal': '18', 'transactionIndex': '190', 'gas': '181596', 'gasPrice': '5000000000', 'gasUsed': '175904', 'cumulativeGasUsed': '32889266', 'input': 'deprecated', 'confirmations': '929'}
[18:54:58,847][INFO][10792][auction.py:370] ----------------- 0xb92ab7c1edcb273aba24b0656ceb3681654805d2 ---Cake
[18:54:58,847][INFO][10792][auction.py:374] ----------------- 0xcbd932ac66f645a3764733aacd30ce50e522fac1 ---Cake -- cake 3000.000000
[18:54:58,847][INFO][10792][auction.py:367] {'blockNumber': '10705719', 'timeStamp': '1631013696', 'hash': '0xc075a75784c45ad0d07454da1d09060ae6b82b98dce47416153438ece8d5e5eb', 'nonce': '2862', 'blockHash': '0x4d486b1d9e530b905d358744054caf756c4a62adcdf2949d20a30edcdd14f55f', 'from': '0x58092273a044d6e1d23b5095ae873f6e24e906ed', 'to': '0xb92ab7c1edcb273aba24b0656ceb3681654805d2', 'contractAddress': '0x0e09fabb73bd3ade0a17ecc321fd13a19e81ce82', 'value': '1610000000000000000000', 'tokenName': 'PancakeSwap Token', 'tokenSymbol': 'Cake', 'tokenDecimal': '18', 'transactionIndex': '87', 'gas': '74495', 'gasPrice': '5000000000', 'gasUsed': '68803', 'cumulativeGasUsed': '11673808', 'input': 'deprecated', 'confirmations': '664'}
[18:54:58,847][INFO][10792][auction.py:370] ----------------- 0xb92ab7c1edcb273aba24b0656ceb3681654805d2 ---Cake
[18:54:58,847][INFO][10792][auction.py:374] ----------------- 0x58092273a044d6e1d23b5095ae873f6e24e906ed ---Cake -- cake 1610.000000
[18:54:58,847][INFO][10792][auction.py:367] {'blockNumber': '10705763', 'timeStamp': '1631013828', 'hash': '0xfe517c002d195aaf34d15888ef5f561435c69a822733895c2f7cfe516b0cbc34', 'nonce': '2', 'blockHash': '0x5f00d6638e2574f5e426fb3c20e0d97a78ab721e650c19bdb4e03b69f6811788', 'from': '0xcbd932ac66f645a3764733aacd30ce50e522fac1', 'to': '0xb92ab7c1edcb273aba24b0656ceb3681654805d2', 'contractAddress': '0x0e09fabb73bd3ade0a17ecc321fd13a19e81ce82', 'value': '1000000000000000000000', 'tokenName': 'PancakeSwap Token', 'tokenSymbol': 'Cake', 'tokenDecimal': '18', 'transactionIndex': '114', 'gas': '74495', 'gasPrice': '5000000000', 'gasUsed': '68803', 'cumulativeGasUsed': '14686672', 'input': 'deprecated', 'confirmations': '620'}
[18:54:58,848][INFO][10792][auction.py:370] ----------------- 0xb92ab7c1edcb273aba24b0656ceb3681654805d2 ---Cake
[18:54:58,848][INFO][10792][auction.py:374] ----------------- 0xcbd932ac66f645a3764733aacd30ce50e522fac1 ---Cake -- cake 1000.000000
[18:55:28,920][INFO][10792][auction.py:363] getting all txs from block 10706117
[18:55:30,130][INFO][10792][auction.py:367] {'blockNumber': '10703164', 'timeStamp': '1631005959', 'hash': '0x2c47a0b312a42aef6b2aab02ef728de69c6b4087d04e0f9cde0d2f06af672f74', 'nonce': '151', 'blockHash': '0x3e3fa383c0fa96831def86a43ecb8a9293bc2031a806a9081cf76052129aa9d9', 'from': '0xae126b90d2835c5a2d720b0687ec59f59b768183', 'to': '0xb92ab7c1edcb273aba24b0656ceb3681654805d2', 'contractAddress': '0x0e09fabb73bd3ade0a17ecc321fd13a19e81ce82', 'value': '1000000000000000000000', 'tokenName': 'PancakeSwap Token', 'tokenSymbol': 'Cake', 'tokenDecimal': '18', 'transactionIndex': '81', 'gas': '181596', 'gasPrice': '5000000000', 'gasUsed': '175904', 'cumulativeGasUsed': '9902509', 'input': 'deprecated', 'confirmations': '3231'}
[18:55:30,131][INFO][10792][auction.py:370] ----------------- 0xb92ab7c1edcb273aba24b0656ceb3681654805d2 ---Cake
[18:55:30,131][INFO][10792][auction.py:374] ----------------- 0xae126b90d2835c5a2d720b0687ec59f59b768183 ---Cake -- cake 1000.000000
[18:55:30,131][INFO][10792][auction.py:367] {'blockNumber': '10703538', 'timeStamp': '1631007086', 'hash': '0x04fb7e45c4b68346660313324ae7f5b3169c4afba2938a991fc8f9cbb360bbba', 'nonce': '9', 'blockHash': '0x95697e8986f214f779687815df79e4448a445b70b6e5da4e685f61a341e33bed', 'from': '0x5ed6b80f0e8b1c7fdb783202d4a926bbed2d49ee', 'to': '0xb92ab7c1edcb273aba24b0656ceb3681654805d2', 'contractAddress': '0x0e09fabb73bd3ade0a17ecc321fd13a19e81ce82', 'value': '1010000000000000000000', 'tokenName': 'PancakeSwap Token', 'tokenSymbol': 'Cake', 'tokenDecimal': '18', 'transactionIndex': '161', 'gas': '181596', 'gasPrice': '5000000000', 'gasUsed': '175904', 'cumulativeGasUsed': '23412019', 'input': 'deprecated', 'confirmations': '2857'}
[18:55:30,131][INFO][10792][auction.py:370] ----------------- 0xb92ab7c1edcb273aba24b0656ceb3681654805d2 ---Cake
[18:55:30,131][INFO][10792][auction.py:374] ----------------- 0x5ed6b80f0e8b1c7fdb783202d4a926bbed2d49ee ---Cake -- cake 1010.000000
[18:55:30,131][INFO][10792][auction.py:367] {'blockNumber': '10703574', 'timeStamp': '1631007194', 'hash': '0xde7fb6a7e7881132b09831318bfef574dd39724616e59e8f1065b025ba1cf4e8', 'nonce': '480', 'blockHash': '0xfc43f5d81c20d7d41680ab7c02e3c996d03677aa2ef51e7eca04c596025e865e', 'from': '0xfad3b5feac1aaf86b3f66d105f2fa9607164d86b', 'to': '0xb92ab7c1edcb273aba24b0656ceb3681654805d2', 'contractAddress': '0x0e09fabb73bd3ade0a17ecc321fd13a19e81ce82', 'value': '1020000000000000000000', 'tokenName': 'PancakeSwap Token', 'tokenSymbol': 'Cake', 'tokenDecimal': '18', 'transactionIndex': '88', 'gas': '166596', 'gasPrice': '5000000000', 'gasUsed': '160904', 'cumulativeGasUsed': '16679294', 'input': 'deprecated', 'confirmations': '2821'}
[18:55:30,131][INFO][10792][auction.py:370] ----------------- 0xb92ab7c1edcb273aba24b0656ceb3681654805d2 ---Cake
[18:55:30,131][INFO][10792][auction.py:374] ----------------- 0xfad3b5feac1aaf86b3f66d105f2fa9607164d86b ---Cake -- cake 1020.000000
[18:55:30,131][INFO][10792][auction.py:367] {'blockNumber': '10704298', 'timeStamp': '1631009371', 'hash': '0x9cff86beb07d9f4db1ea9e4dac3475ceab20574aaf4c303dba6e24cbafcf8d7c', 'nonce': '489', 'blockHash': '0x70c9905f3136844f467e3381edaec15bfd0663b90de3b91512a9c40a422d3142', 'from': '0x22d56946c6cc1d4ed09f02858ddb990fcc981c55', 'to': '0xb92ab7c1edcb273aba24b0656ceb3681654805d2', 'contractAddress': '0x0e09fabb73bd3ade0a17ecc321fd13a19e81ce82', 'value': '1000000000000000000000', 'tokenName': 'PancakeSwap Token', 'tokenSymbol': 'Cake', 'tokenDecimal': '18', 'transactionIndex': '137', 'gas': '181596', 'gasPrice': '5000000000', 'gasUsed': '175904', 'cumulativeGasUsed': '18845957', 'input': 'deprecated', 'confirmations': '2097'}
[18:55:30,131][INFO][10792][auction.py:370] ----------------- 0xb92ab7c1edcb273aba24b0656ceb3681654805d2 ---Cake
[18:55:30,131][INFO][10792][auction.py:374] ----------------- 0x22d56946c6cc1d4ed09f02858ddb990fcc981c55 ---Cake -- cake 1000.000000
[18:55:30,131][INFO][10792][auction.py:367] {'blockNumber': '10704454', 'timeStamp': '1631009839', 'hash': '0x78f8dd0ac3075bee01d9e4c3e4bb1ca3c54b9da8b54edbaeee570213289a8a63', 'nonce': '496', 'blockHash': '0x2406984443008fe2dc80c8552016b7ca40de9780aa2db8fb6901931f5d541a7e', 'from': '0x22d56946c6cc1d4ed09f02858ddb990fcc981c55', 'to': '0xb92ab7c1edcb273aba24b0656ceb3681654805d2', 'contractAddress': '0x0e09fabb73bd3ade0a17ecc321fd13a19e81ce82', 'value': '100000000000000000000', 'tokenName': 'PancakeSwap Token', 'tokenSymbol': 'Cake', 'tokenDecimal': '18', 'transactionIndex': '145', 'gas': '74495', 'gasPrice': '5000000000', 'gasUsed': '68803', 'cumulativeGasUsed': '16706719', 'input': 'deprecated', 'confirmations': '1941'}
[18:55:30,131][INFO][10792][auction.py:370] ----------------- 0xb92ab7c1edcb273aba24b0656ceb3681654805d2 ---Cake
[18:55:30,131][INFO][10792][auction.py:374] ----------------- 0x22d56946c6cc1d4ed09f02858ddb990fcc981c55 ---Cake -- cake 100.000000
[18:55:30,131][INFO][10792][auction.py:367] {'blockNumber': '10704970', 'timeStamp': '1631011423', 'hash': '0x245ddcac7b8f31a9464c7c78e1bb92199455500509896b72b4c12b4a219bfd07', 'nonce': '2859', 'blockHash': '0x4b86c8203e2cbad3bade32b24053318fed392d4d4de3e68f32df40c79a2cb5c5', 'from': '0x58092273a044d6e1d23b5095ae873f6e24e906ed', 'to': '0xb92ab7c1edcb273aba24b0656ceb3681654805d2', 'contractAddress': '0x0e09fabb73bd3ade0a17ecc321fd13a19e81ce82', 'value': '1500000000000000000000', 'tokenName': 'PancakeSwap Token', 'tokenSymbol': 'Cake', 'tokenDecimal': '18', 'transactionIndex': '271', 'gas': '166596', 'gasPrice': '5000000000', 'gasUsed': '160904', 'cumulativeGasUsed': '36662181', 'input': 'deprecated', 'confirmations': '1425'}
[18:55:30,131][INFO][10792][auction.py:370] ----------------- 0xb92ab7c1edcb273aba24b0656ceb3681654805d2 ---Cake
[18:55:30,132][INFO][10792][auction.py:374] ----------------- 0x58092273a044d6e1d23b5095ae873f6e24e906ed ---Cake -- cake 1500.000000
[18:55:30,132][INFO][10792][auction.py:367] {'blockNumber': '10705049', 'timeStamp': '1631011660', 'hash': '0x142d128802299275e6b10cb2171fed090b9b649875fbffe5dac0d05421bd0e72', 'nonce': '10', 'blockHash': '0x9ed3270f34bd67e32ff8530a52cb58b7b69f8301ed2cd4ef2ffdd78e816e6fae', 'from': '0x5ed6b80f0e8b1c7fdb783202d4a926bbed2d49ee', 'to': '0xb92ab7c1edcb273aba24b0656ceb3681654805d2', 'contractAddress': '0x0e09fabb73bd3ade0a17ecc321fd13a19e81ce82', 'value': '100000000000000000000', 'tokenName': 'PancakeSwap Token', 'tokenSymbol': 'Cake', 'tokenDecimal': '18', 'transactionIndex': '83', 'gas': '74495', 'gasPrice': '5000000000', 'gasUsed': '68803', 'cumulativeGasUsed': '9552749', 'input': 'deprecated', 'confirmations': '1346'}
[18:55:30,132][INFO][10792][auction.py:370] ----------------- 0xb92ab7c1edcb273aba24b0656ceb3681654805d2 ---Cake
[18:55:30,132][INFO][10792][auction.py:374] ----------------- 0x5ed6b80f0e8b1c7fdb783202d4a926bbed2d49ee ---Cake -- cake 100.000000
[18:55:30,132][INFO][10792][auction.py:367] {'blockNumber': '10705454', 'timeStamp': '1631012899', 'hash': '0x952703eed5aa61378d616c4f7b6c666190835d6a57902f1a64fcf02fca84794c', 'nonce': '1', 'blockHash': '0x2dc24ca2731be3736198e22ac78da303739ce5574660be9642c331e70562bdf5', 'from': '0xcbd932ac66f645a3764733aacd30ce50e522fac1', 'to': '0xb92ab7c1edcb273aba24b0656ceb3681654805d2', 'contractAddress': '0x0e09fabb73bd3ade0a17ecc321fd13a19e81ce82', 'value': '3000000000000000000000', 'tokenName': 'PancakeSwap Token', 'tokenSymbol': 'Cake', 'tokenDecimal': '18', 'transactionIndex': '190', 'gas': '181596', 'gasPrice': '5000000000', 'gasUsed': '175904', 'cumulativeGasUsed': '32889266', 'input': 'deprecated', 'confirmations': '941'}
[18:55:30,132][INFO][10792][auction.py:370] ----------------- 0xb92ab7c1edcb273aba24b0656ceb3681654805d2 ---Cake
[18:55:30,132][INFO][10792][auction.py:374] ----------------- 0xcbd932ac66f645a3764733aacd30ce50e522fac1 ---Cake -- cake 3000.000000
[18:55:30,132][INFO][10792][auction.py:367] {'blockNumber': '10705719', 'timeStamp': '1631013696', 'hash': '0xc075a75784c45ad0d07454da1d09060ae6b82b98dce47416153438ece8d5e5eb', 'nonce': '2862', 'blockHash': '0x4d486b1d9e530b905d358744054caf756c4a62adcdf2949d20a30edcdd14f55f', 'from': '0x58092273a044d6e1d23b5095ae873f6e24e906ed', 'to': '0xb92ab7c1edcb273aba24b0656ceb3681654805d2', 'contractAddress': '0x0e09fabb73bd3ade0a17ecc321fd13a19e81ce82', 'value': '1610000000000000000000', 'tokenName': 'PancakeSwap Token', 'tokenSymbol': 'Cake', 'tokenDecimal': '18', 'transactionIndex': '87', 'gas': '74495', 'gasPrice': '5000000000', 'gasUsed': '68803', 'cumulativeGasUsed': '11673808', 'input': 'deprecated', 'confirmations': '676'}
[18:55:30,132][INFO][10792][auction.py:370] ----------------- 0xb92ab7c1edcb273aba24b0656ceb3681654805d2 ---Cake
[18:55:30,132][INFO][10792][auction.py:374] ----------------- 0x58092273a044d6e1d23b5095ae873f6e24e906ed ---Cake -- cake 1610.000000
[18:55:30,132][INFO][10792][auction.py:367] {'blockNumber': '10705763', 'timeStamp': '1631013828', 'hash': '0xfe517c002d195aaf34d15888ef5f561435c69a822733895c2f7cfe516b0cbc34', 'nonce': '2', 'blockHash': '0x5f00d6638e2574f5e426fb3c20e0d97a78ab721e650c19bdb4e03b69f6811788', 'from': '0xcbd932ac66f645a3764733aacd30ce50e522fac1', 'to': '0xb92ab7c1edcb273aba24b0656ceb3681654805d2', 'contractAddress': '0x0e09fabb73bd3ade0a17ecc321fd13a19e81ce82', 'value': '1000000000000000000000', 'tokenName': 'PancakeSwap Token', 'tokenSymbol': 'Cake', 'tokenDecimal': '18', 'transactionIndex': '114', 'gas': '74495', 'gasPrice': '5000000000', 'gasUsed': '68803', 'cumulativeGasUsed': '14686672', 'input': 'deprecated', 'confirmations': '632'}
[18:55:30,132][INFO][10792][auction.py:370] ----------------- 0xb92ab7c1edcb273aba24b0656ceb3681654805d2 ---Cake
[18:55:30,132][INFO][10792][auction.py:374] ----------------- 0xcbd932ac66f645a3764733aacd30ce50e522fac1 ---Cake -- cake 1000.000000
