[19:24:51,861][INFO][7428][auction.py:194] ==============CONFIG DATA======================
[19:24:51,861][INFO][7428][auction.py:195] pancake_factory_addr= 0xcA143Ce32Fe78f1f7019d7d551a6402fC5350c73
[19:24:51,861][INFO][7428][auction.py:196] pancake_router_addr= 0x10ED43C718714eb63d5aA57B78B54704E256024E
[19:24:51,861][INFO][7428][auction.py:197] sound_alamp= True
[19:24:51,861][INFO][7428][auction.py:198] msg_notifi= True
[19:24:51,861][INFO][7428][auction.py:199] notifi_delay= 1.0
[19:24:51,861][INFO][7428][auction.py:200] get_price_delay= 0.5
[19:24:51,861][INFO][7428][auction.py:201] ==============END CONFIG DATA======================
[19:24:56,929][INFO][7428][auction.py:115] Sound Alert
[19:24:57,284][INFO][7428][auction.py:95] Connected to BSC
[19:24:57,286][INFO][13284][auction.py:368] =====================monitorAuc
[19:24:57,383][INFO][13284][auction.py:392] getting all txs from block 10706979
[19:24:58,515][INFO][7428][auction.py:131] Message Notification:Auction Monitor started
[19:25:03,465][INFO][13284][auction.py:396] {'blockNumber': '10703164', 'timeStamp': '1631005959', 'hash': '0x2c47a0b312a42aef6b2aab02ef728de69c6b4087d04e0f9cde0d2f06af672f74', 'nonce': '151', 'blockHash': '0x3e3fa383c0fa96831def86a43ecb8a9293bc2031a806a9081cf76052129aa9d9', 'from': '0xae126b90d2835c5a2d720b0687ec59f59b768183', 'to': '0xb92ab7c1edcb273aba24b0656ceb3681654805d2', 'contractAddress': '0x0e09fabb73bd3ade0a17ecc321fd13a19e81ce82', 'value': '1000000000000000000000', 'tokenName': 'PancakeSwap Token', 'tokenSymbol': 'Cake', 'tokenDecimal': '18', 'transactionIndex': '81', 'gas': '181596', 'gasPrice': '5000000000', 'gasUsed': '175904', 'cumulativeGasUsed': '9902509', 'input': 'deprecated', 'confirmations': '3815'}
[19:25:03,465][INFO][13284][auction.py:399] ----------------- 0xb92ab7c1edcb273aba24b0656ceb3681654805d2 ---Cake
[19:25:03,465][INFO][13284][auction.py:403] ----------------- 0xae126b90d2835c5a2d720b0687ec59f59b768183 ---Cake -- cake 1000.000000
[19:25:03,465][INFO][13284][auction.py:396] {'blockNumber': '10703538', 'timeStamp': '1631007086', 'hash': '0x04fb7e45c4b68346660313324ae7f5b3169c4afba2938a991fc8f9cbb360bbba', 'nonce': '9', 'blockHash': '0x95697e8986f214f779687815df79e4448a445b70b6e5da4e685f61a341e33bed', 'from': '0x5ed6b80f0e8b1c7fdb783202d4a926bbed2d49ee', 'to': '0xb92ab7c1edcb273aba24b0656ceb3681654805d2', 'contractAddress': '0x0e09fabb73bd3ade0a17ecc321fd13a19e81ce82', 'value': '1010000000000000000000', 'tokenName': 'PancakeSwap Token', 'tokenSymbol': 'Cake', 'tokenDecimal': '18', 'transactionIndex': '161', 'gas': '181596', 'gasPrice': '5000000000', 'gasUsed': '175904', 'cumulativeGasUsed': '23412019', 'input': 'deprecated', 'confirmations': '3441'}
[19:25:03,465][INFO][13284][auction.py:399] ----------------- 0xb92ab7c1edcb273aba24b0656ceb3681654805d2 ---Cake
[19:25:03,466][INFO][13284][auction.py:403] ----------------- 0x5ed6b80f0e8b1c7fdb783202d4a926bbed2d49ee ---Cake -- cake 1010.000000
[19:25:03,466][INFO][13284][auction.py:396] {'blockNumber': '10703574', 'timeStamp': '1631007194', 'hash': '0xde7fb6a7e7881132b09831318bfef574dd39724616e59e8f1065b025ba1cf4e8', 'nonce': '480', 'blockHash': '0xfc43f5d81c20d7d41680ab7c02e3c996d03677aa2ef51e7eca04c596025e865e', 'from': '0xfad3b5feac1aaf86b3f66d105f2fa9607164d86b', 'to': '0xb92ab7c1edcb273aba24b0656ceb3681654805d2', 'contractAddress': '0x0e09fabb73bd3ade0a17ecc321fd13a19e81ce82', 'value': '1020000000000000000000', 'tokenName': 'PancakeSwap Token', 'tokenSymbol': 'Cake', 'tokenDecimal': '18', 'transactionIndex': '88', 'gas': '166596', 'gasPrice': '5000000000', 'gasUsed': '160904', 'cumulativeGasUsed': '16679294', 'input': 'deprecated', 'confirmations': '3405'}
[19:25:03,466][INFO][13284][auction.py:399] ----------------- 0xb92ab7c1edcb273aba24b0656ceb3681654805d2 ---Cake
[19:25:03,466][INFO][13284][auction.py:403] ----------------- 0xfad3b5feac1aaf86b3f66d105f2fa9607164d86b ---Cake -- cake 1020.000000
[19:25:03,466][INFO][13284][auction.py:396] {'blockNumber': '10704298', 'timeStamp': '1631009371', 'hash': '0x9cff86beb07d9f4db1ea9e4dac3475ceab20574aaf4c303dba6e24cbafcf8d7c', 'nonce': '489', 'blockHash': '0x70c9905f3136844f467e3381edaec15bfd0663b90de3b91512a9c40a422d3142', 'from': '0x22d56946c6cc1d4ed09f02858ddb990fcc981c55', 'to': '0xb92ab7c1edcb273aba24b0656ceb3681654805d2', 'contractAddress': '0x0e09fabb73bd3ade0a17ecc321fd13a19e81ce82', 'value': '1000000000000000000000', 'tokenName': 'PancakeSwap Token', 'tokenSymbol': 'Cake', 'tokenDecimal': '18', 'transactionIndex': '137', 'gas': '181596', 'gasPrice': '5000000000', 'gasUsed': '175904', 'cumulativeGasUsed': '18845957', 'input': 'deprecated', 'confirmations': '2681'}
[19:25:03,466][INFO][13284][auction.py:399] ----------------- 0xb92ab7c1edcb273aba24b0656ceb3681654805d2 ---Cake
[19:25:03,466][INFO][13284][auction.py:403] ----------------- 0x22d56946c6cc1d4ed09f02858ddb990fcc981c55 ---Cake -- cake 1000.000000
[19:25:03,466][INFO][13284][auction.py:396] {'blockNumber': '10704454', 'timeStamp': '1631009839', 'hash': '0x78f8dd0ac3075bee01d9e4c3e4bb1ca3c54b9da8b54edbaeee570213289a8a63', 'nonce': '496', 'blockHash': '0x2406984443008fe2dc80c8552016b7ca40de9780aa2db8fb6901931f5d541a7e', 'from': '0x22d56946c6cc1d4ed09f02858ddb990fcc981c55', 'to': '0xb92ab7c1edcb273aba24b0656ceb3681654805d2', 'contractAddress': '0x0e09fabb73bd3ade0a17ecc321fd13a19e81ce82', 'value': '100000000000000000000', 'tokenName': 'PancakeSwap Token', 'tokenSymbol': 'Cake', 'tokenDecimal': '18', 'transactionIndex': '145', 'gas': '74495', 'gasPrice': '5000000000', 'gasUsed': '68803', 'cumulativeGasUsed': '16706719', 'input': 'deprecated', 'confirmations': '2525'}
[19:25:03,466][INFO][13284][auction.py:399] ----------------- 0xb92ab7c1edcb273aba24b0656ceb3681654805d2 ---Cake
[19:25:03,466][INFO][13284][auction.py:403] ----------------- 0x22d56946c6cc1d4ed09f02858ddb990fcc981c55 ---Cake -- cake 100.000000
[19:25:03,466][INFO][13284][auction.py:396] {'blockNumber': '10704970', 'timeStamp': '1631011423', 'hash': '0x245ddcac7b8f31a9464c7c78e1bb92199455500509896b72b4c12b4a219bfd07', 'nonce': '2859', 'blockHash': '0x4b86c8203e2cbad3bade32b24053318fed392d4d4de3e68f32df40c79a2cb5c5', 'from': '0x58092273a044d6e1d23b5095ae873f6e24e906ed', 'to': '0xb92ab7c1edcb273aba24b0656ceb3681654805d2', 'contractAddress': '0x0e09fabb73bd3ade0a17ecc321fd13a19e81ce82', 'value': '1500000000000000000000', 'tokenName': 'PancakeSwap Token', 'tokenSymbol': 'Cake', 'tokenDecimal': '18', 'transactionIndex': '271', 'gas': '166596', 'gasPrice': '5000000000', 'gasUsed': '160904', 'cumulativeGasUsed': '36662181', 'input': 'deprecated', 'confirmations': '2009'}
[19:25:03,466][INFO][13284][auction.py:399] ----------------- 0xb92ab7c1edcb273aba24b0656ceb3681654805d2 ---Cake
[19:25:03,466][INFO][13284][auction.py:403] ----------------- 0x58092273a044d6e1d23b5095ae873f6e24e906ed ---Cake -- cake 1500.000000
[19:25:03,466][INFO][13284][auction.py:396] {'blockNumber': '10705049', 'timeStamp': '1631011660', 'hash': '0x142d128802299275e6b10cb2171fed090b9b649875fbffe5dac0d05421bd0e72', 'nonce': '10', 'blockHash': '0x9ed3270f34bd67e32ff8530a52cb58b7b69f8301ed2cd4ef2ffdd78e816e6fae', 'from': '0x5ed6b80f0e8b1c7fdb783202d4a926bbed2d49ee', 'to': '0xb92ab7c1edcb273aba24b0656ceb3681654805d2', 'contractAddress': '0x0e09fabb73bd3ade0a17ecc321fd13a19e81ce82', 'value': '100000000000000000000', 'tokenName': 'PancakeSwap Token', 'tokenSymbol': 'Cake', 'tokenDecimal': '18', 'transactionIndex': '83', 'gas': '74495', 'gasPrice': '5000000000', 'gasUsed': '68803', 'cumulativeGasUsed': '9552749', 'input': 'deprecated', 'confirmations': '1930'}
[19:25:03,466][INFO][13284][auction.py:399] ----------------- 0xb92ab7c1edcb273aba24b0656ceb3681654805d2 ---Cake
[19:25:03,466][INFO][13284][auction.py:403] ----------------- 0x5ed6b80f0e8b1c7fdb783202d4a926bbed2d49ee ---Cake -- cake 100.000000
[19:25:03,467][INFO][13284][auction.py:396] {'blockNumber': '10705454', 'timeStamp': '1631012899', 'hash': '0x952703eed5aa61378d616c4f7b6c666190835d6a57902f1a64fcf02fca84794c', 'nonce': '1', 'blockHash': '0x2dc24ca2731be3736198e22ac78da303739ce5574660be9642c331e70562bdf5', 'from': '0xcbd932ac66f645a3764733aacd30ce50e522fac1', 'to': '0xb92ab7c1edcb273aba24b0656ceb3681654805d2', 'contractAddress': '0x0e09fabb73bd3ade0a17ecc321fd13a19e81ce82', 'value': '3000000000000000000000', 'tokenName': 'PancakeSwap Token', 'tokenSymbol': 'Cake', 'tokenDecimal': '18', 'transactionIndex': '190', 'gas': '181596', 'gasPrice': '5000000000', 'gasUsed': '175904', 'cumulativeGasUsed': '32889266', 'input': 'deprecated', 'confirmations': '1525'}
[19:25:03,467][INFO][13284][auction.py:399] ----------------- 0xb92ab7c1edcb273aba24b0656ceb3681654805d2 ---Cake
[19:25:03,467][INFO][13284][auction.py:403] ----------------- 0xcbd932ac66f645a3764733aacd30ce50e522fac1 ---Cake -- cake 3000.000000
[19:25:03,467][INFO][13284][auction.py:396] {'blockNumber': '10705719', 'timeStamp': '1631013696', 'hash': '0xc075a75784c45ad0d07454da1d09060ae6b82b98dce47416153438ece8d5e5eb', 'nonce': '2862', 'blockHash': '0x4d486b1d9e530b905d358744054caf756c4a62adcdf2949d20a30edcdd14f55f', 'from': '0x58092273a044d6e1d23b5095ae873f6e24e906ed', 'to': '0xb92ab7c1edcb273aba24b0656ceb3681654805d2', 'contractAddress': '0x0e09fabb73bd3ade0a17ecc321fd13a19e81ce82', 'value': '1610000000000000000000', 'tokenName': 'PancakeSwap Token', 'tokenSymbol': 'Cake', 'tokenDecimal': '18', 'transactionIndex': '87', 'gas': '74495', 'gasPrice': '5000000000', 'gasUsed': '68803', 'cumulativeGasUsed': '11673808', 'input': 'deprecated', 'confirmations': '1260'}
[19:25:03,467][INFO][13284][auction.py:399] ----------------- 0xb92ab7c1edcb273aba24b0656ceb3681654805d2 ---Cake
[19:25:03,467][INFO][13284][auction.py:403] ----------------- 0x58092273a044d6e1d23b5095ae873f6e24e906ed ---Cake -- cake 1610.000000
[19:25:03,467][INFO][13284][auction.py:396] {'blockNumber': '10705763', 'timeStamp': '1631013828', 'hash': '0xfe517c002d195aaf34d15888ef5f561435c69a822733895c2f7cfe516b0cbc34', 'nonce': '2', 'blockHash': '0x5f00d6638e2574f5e426fb3c20e0d97a78ab721e650c19bdb4e03b69f6811788', 'from': '0xcbd932ac66f645a3764733aacd30ce50e522fac1', 'to': '0xb92ab7c1edcb273aba24b0656ceb3681654805d2', 'contractAddress': '0x0e09fabb73bd3ade0a17ecc321fd13a19e81ce82', 'value': '1000000000000000000000', 'tokenName': 'PancakeSwap Token', 'tokenSymbol': 'Cake', 'tokenDecimal': '18', 'transactionIndex': '114', 'gas': '74495', 'gasPrice': '5000000000', 'gasUsed': '68803', 'cumulativeGasUsed': '14686672', 'input': 'deprecated', 'confirmations': '1216'}
[19:25:03,467][INFO][13284][auction.py:399] ----------------- 0xb92ab7c1edcb273aba24b0656ceb3681654805d2 ---Cake
[19:25:03,467][INFO][13284][auction.py:403] ----------------- 0xcbd932ac66f645a3764733aacd30ce50e522fac1 ---Cake -- cake 1000.000000
[19:25:33,543][INFO][13284][auction.py:392] getting all txs from block 10706979
[19:25:35,895][INFO][13284][auction.py:396] {'blockNumber': '10703164', 'timeStamp': '1631005959', 'hash': '0x2c47a0b312a42aef6b2aab02ef728de69c6b4087d04e0f9cde0d2f06af672f74', 'nonce': '151', 'blockHash': '0x3e3fa383c0fa96831def86a43ecb8a9293bc2031a806a9081cf76052129aa9d9', 'from': '0xae126b90d2835c5a2d720b0687ec59f59b768183', 'to': '0xb92ab7c1edcb273aba24b0656ceb3681654805d2', 'contractAddress': '0x0e09fabb73bd3ade0a17ecc321fd13a19e81ce82', 'value': '1000000000000000000000', 'tokenName': 'PancakeSwap Token', 'tokenSymbol': 'Cake', 'tokenDecimal': '18', 'transactionIndex': '81', 'gas': '181596', 'gasPrice': '5000000000', 'gasUsed': '175904', 'cumulativeGasUsed': '9902509', 'input': 'deprecated', 'confirmations': '3826'}
[19:25:35,896][INFO][13284][auction.py:399] ----------------- 0xb92ab7c1edcb273aba24b0656ceb3681654805d2 ---Cake
[19:25:35,896][INFO][13284][auction.py:403] ----------------- 0xae126b90d2835c5a2d720b0687ec59f59b768183 ---Cake -- cake 1000.000000
[19:25:35,896][INFO][13284][auction.py:396] {'blockNumber': '10703538', 'timeStamp': '1631007086', 'hash': '0x04fb7e45c4b68346660313324ae7f5b3169c4afba2938a991fc8f9cbb360bbba', 'nonce': '9', 'blockHash': '0x95697e8986f214f779687815df79e4448a445b70b6e5da4e685f61a341e33bed', 'from': '0x5ed6b80f0e8b1c7fdb783202d4a926bbed2d49ee', 'to': '0xb92ab7c1edcb273aba24b0656ceb3681654805d2', 'contractAddress': '0x0e09fabb73bd3ade0a17ecc321fd13a19e81ce82', 'value': '1010000000000000000000', 'tokenName': 'PancakeSwap Token', 'tokenSymbol': 'Cake', 'tokenDecimal': '18', 'transactionIndex': '161', 'gas': '181596', 'gasPrice': '5000000000', 'gasUsed': '175904', 'cumulativeGasUsed': '23412019', 'input': 'deprecated', 'confirmations': '3452'}
[19:25:35,896][INFO][13284][auction.py:399] ----------------- 0xb92ab7c1edcb273aba24b0656ceb3681654805d2 ---Cake
[19:25:35,896][INFO][13284][auction.py:403] ----------------- 0x5ed6b80f0e8b1c7fdb783202d4a926bbed2d49ee ---Cake -- cake 1010.000000
[19:25:35,896][INFO][13284][auction.py:396] {'blockNumber': '10703574', 'timeStamp': '1631007194', 'hash': '0xde7fb6a7e7881132b09831318bfef574dd39724616e59e8f1065b025ba1cf4e8', 'nonce': '480', 'blockHash': '0xfc43f5d81c20d7d41680ab7c02e3c996d03677aa2ef51e7eca04c596025e865e', 'from': '0xfad3b5feac1aaf86b3f66d105f2fa9607164d86b', 'to': '0xb92ab7c1edcb273aba24b0656ceb3681654805d2', 'contractAddress': '0x0e09fabb73bd3ade0a17ecc321fd13a19e81ce82', 'value': '1020000000000000000000', 'tokenName': 'PancakeSwap Token', 'tokenSymbol': 'Cake', 'tokenDecimal': '18', 'transactionIndex': '88', 'gas': '166596', 'gasPrice': '5000000000', 'gasUsed': '160904', 'cumulativeGasUsed': '16679294', 'input': 'deprecated', 'confirmations': '3416'}
[19:25:35,896][INFO][13284][auction.py:399] ----------------- 0xb92ab7c1edcb273aba24b0656ceb3681654805d2 ---Cake
[19:25:35,896][INFO][13284][auction.py:403] ----------------- 0xfad3b5feac1aaf86b3f66d105f2fa9607164d86b ---Cake -- cake 1020.000000
[19:25:35,896][INFO][13284][auction.py:396] {'blockNumber': '10704298', 'timeStamp': '1631009371', 'hash': '0x9cff86beb07d9f4db1ea9e4dac3475ceab20574aaf4c303dba6e24cbafcf8d7c', 'nonce': '489', 'blockHash': '0x70c9905f3136844f467e3381edaec15bfd0663b90de3b91512a9c40a422d3142', 'from': '0x22d56946c6cc1d4ed09f02858ddb990fcc981c55', 'to': '0xb92ab7c1edcb273aba24b0656ceb3681654805d2', 'contractAddress': '0x0e09fabb73bd3ade0a17ecc321fd13a19e81ce82', 'value': '1000000000000000000000', 'tokenName': 'PancakeSwap Token', 'tokenSymbol': 'Cake', 'tokenDecimal': '18', 'transactionIndex': '137', 'gas': '181596', 'gasPrice': '5000000000', 'gasUsed': '175904', 'cumulativeGasUsed': '18845957', 'input': 'deprecated', 'confirmations': '2692'}
[19:25:35,896][INFO][13284][auction.py:399] ----------------- 0xb92ab7c1edcb273aba24b0656ceb3681654805d2 ---Cake
[19:25:35,896][INFO][13284][auction.py:403] ----------------- 0x22d56946c6cc1d4ed09f02858ddb990fcc981c55 ---Cake -- cake 1000.000000
[19:25:35,896][INFO][13284][auction.py:396] {'blockNumber': '10704454', 'timeStamp': '1631009839', 'hash': '0x78f8dd0ac3075bee01d9e4c3e4bb1ca3c54b9da8b54edbaeee570213289a8a63', 'nonce': '496', 'blockHash': '0x2406984443008fe2dc80c8552016b7ca40de9780aa2db8fb6901931f5d541a7e', 'from': '0x22d56946c6cc1d4ed09f02858ddb990fcc981c55', 'to': '0xb92ab7c1edcb273aba24b0656ceb3681654805d2', 'contractAddress': '0x0e09fabb73bd3ade0a17ecc321fd13a19e81ce82', 'value': '100000000000000000000', 'tokenName': 'PancakeSwap Token', 'tokenSymbol': 'Cake', 'tokenDecimal': '18', 'transactionIndex': '145', 'gas': '74495', 'gasPrice': '5000000000', 'gasUsed': '68803', 'cumulativeGasUsed': '16706719', 'input': 'deprecated', 'confirmations': '2536'}
[19:25:35,896][INFO][13284][auction.py:399] ----------------- 0xb92ab7c1edcb273aba24b0656ceb3681654805d2 ---Cake
[19:25:35,896][INFO][13284][auction.py:403] ----------------- 0x22d56946c6cc1d4ed09f02858ddb990fcc981c55 ---Cake -- cake 100.000000
[19:25:35,896][INFO][13284][auction.py:396] {'blockNumber': '10704970', 'timeStamp': '1631011423', 'hash': '0x245ddcac7b8f31a9464c7c78e1bb92199455500509896b72b4c12b4a219bfd07', 'nonce': '2859', 'blockHash': '0x4b86c8203e2cbad3bade32b24053318fed392d4d4de3e68f32df40c79a2cb5c5', 'from': '0x58092273a044d6e1d23b5095ae873f6e24e906ed', 'to': '0xb92ab7c1edcb273aba24b0656ceb3681654805d2', 'contractAddress': '0x0e09fabb73bd3ade0a17ecc321fd13a19e81ce82', 'value': '1500000000000000000000', 'tokenName': 'PancakeSwap Token', 'tokenSymbol': 'Cake', 'tokenDecimal': '18', 'transactionIndex': '271', 'gas': '166596', 'gasPrice': '5000000000', 'gasUsed': '160904', 'cumulativeGasUsed': '36662181', 'input': 'deprecated', 'confirmations': '2020'}
[19:25:35,896][INFO][13284][auction.py:399] ----------------- 0xb92ab7c1edcb273aba24b0656ceb3681654805d2 ---Cake
[19:25:35,896][INFO][13284][auction.py:403] ----------------- 0x58092273a044d6e1d23b5095ae873f6e24e906ed ---Cake -- cake 1500.000000
[19:25:35,896][INFO][13284][auction.py:396] {'blockNumber': '10705049', 'timeStamp': '1631011660', 'hash': '0x142d128802299275e6b10cb2171fed090b9b649875fbffe5dac0d05421bd0e72', 'nonce': '10', 'blockHash': '0x9ed3270f34bd67e32ff8530a52cb58b7b69f8301ed2cd4ef2ffdd78e816e6fae', 'from': '0x5ed6b80f0e8b1c7fdb783202d4a926bbed2d49ee', 'to': '0xb92ab7c1edcb273aba24b0656ceb3681654805d2', 'contractAddress': '0x0e09fabb73bd3ade0a17ecc321fd13a19e81ce82', 'value': '100000000000000000000', 'tokenName': 'PancakeSwap Token', 'tokenSymbol': 'Cake', 'tokenDecimal': '18', 'transactionIndex': '83', 'gas': '74495', 'gasPrice': '5000000000', 'gasUsed': '68803', 'cumulativeGasUsed': '9552749', 'input': 'deprecated', 'confirmations': '1941'}
[19:25:35,897][INFO][13284][auction.py:399] ----------------- 0xb92ab7c1edcb273aba24b0656ceb3681654805d2 ---Cake
[19:25:35,897][INFO][13284][auction.py:403] ----------------- 0x5ed6b80f0e8b1c7fdb783202d4a926bbed2d49ee ---Cake -- cake 100.000000
[19:25:35,897][INFO][13284][auction.py:396] {'blockNumber': '10705454', 'timeStamp': '1631012899', 'hash': '0x952703eed5aa61378d616c4f7b6c666190835d6a57902f1a64fcf02fca84794c', 'nonce': '1', 'blockHash': '0x2dc24ca2731be3736198e22ac78da303739ce5574660be9642c331e70562bdf5', 'from': '0xcbd932ac66f645a3764733aacd30ce50e522fac1', 'to': '0xb92ab7c1edcb273aba24b0656ceb3681654805d2', 'contractAddress': '0x0e09fabb73bd3ade0a17ecc321fd13a19e81ce82', 'value': '3000000000000000000000', 'tokenName': 'PancakeSwap Token', 'tokenSymbol': 'Cake', 'tokenDecimal': '18', 'transactionIndex': '190', 'gas': '181596', 'gasPrice': '5000000000', 'gasUsed': '175904', 'cumulativeGasUsed': '32889266', 'input': 'deprecated', 'confirmations': '1536'}
[19:25:35,897][INFO][13284][auction.py:399] ----------------- 0xb92ab7c1edcb273aba24b0656ceb3681654805d2 ---Cake
[19:25:35,897][INFO][13284][auction.py:403] ----------------- 0xcbd932ac66f645a3764733aacd30ce50e522fac1 ---Cake -- cake 3000.000000
[19:25:35,897][INFO][13284][auction.py:396] {'blockNumber': '10705719', 'timeStamp': '1631013696', 'hash': '0xc075a75784c45ad0d07454da1d09060ae6b82b98dce47416153438ece8d5e5eb', 'nonce': '2862', 'blockHash': '0x4d486b1d9e530b905d358744054caf756c4a62adcdf2949d20a30edcdd14f55f', 'from': '0x58092273a044d6e1d23b5095ae873f6e24e906ed', 'to': '0xb92ab7c1edcb273aba24b0656ceb3681654805d2', 'contractAddress': '0x0e09fabb73bd3ade0a17ecc321fd13a19e81ce82', 'value': '1610000000000000000000', 'tokenName': 'PancakeSwap Token', 'tokenSymbol': 'Cake', 'tokenDecimal': '18', 'transactionIndex': '87', 'gas': '74495', 'gasPrice': '5000000000', 'gasUsed': '68803', 'cumulativeGasUsed': '11673808', 'input': 'deprecated', 'confirmations': '1271'}
[19:25:35,897][INFO][13284][auction.py:399] ----------------- 0xb92ab7c1edcb273aba24b0656ceb3681654805d2 ---Cake
[19:25:35,897][INFO][13284][auction.py:403] ----------------- 0x58092273a044d6e1d23b5095ae873f6e24e906ed ---Cake -- cake 1610.000000
[19:25:35,897][INFO][13284][auction.py:396] {'blockNumber': '10705763', 'timeStamp': '1631013828', 'hash': '0xfe517c002d195aaf34d15888ef5f561435c69a822733895c2f7cfe516b0cbc34', 'nonce': '2', 'blockHash': '0x5f00d6638e2574f5e426fb3c20e0d97a78ab721e650c19bdb4e03b69f6811788', 'from': '0xcbd932ac66f645a3764733aacd30ce50e522fac1', 'to': '0xb92ab7c1edcb273aba24b0656ceb3681654805d2', 'contractAddress': '0x0e09fabb73bd3ade0a17ecc321fd13a19e81ce82', 'value': '1000000000000000000000', 'tokenName': 'PancakeSwap Token', 'tokenSymbol': 'Cake', 'tokenDecimal': '18', 'transactionIndex': '114', 'gas': '74495', 'gasPrice': '5000000000', 'gasUsed': '68803', 'cumulativeGasUsed': '14686672', 'input': 'deprecated', 'confirmations': '1227'}
[19:25:35,897][INFO][13284][auction.py:399] ----------------- 0xb92ab7c1edcb273aba24b0656ceb3681654805d2 ---Cake
[19:25:35,897][INFO][13284][auction.py:403] ----------------- 0xcbd932ac66f645a3764733aacd30ce50e522fac1 ---Cake -- cake 1000.000000
[19:26:06,064][INFO][13284][auction.py:392] getting all txs from block 10706979
[19:26:08,105][INFO][13284][auction.py:396] {'blockNumber': '10703164', 'timeStamp': '1631005959', 'hash': '0x2c47a0b312a42aef6b2aab02ef728de69c6b4087d04e0f9cde0d2f06af672f74', 'nonce': '151', 'blockHash': '0x3e3fa383c0fa96831def86a43ecb8a9293bc2031a806a9081cf76052129aa9d9', 'from': '0xae126b90d2835c5a2d720b0687ec59f59b768183', 'to': '0xb92ab7c1edcb273aba24b0656ceb3681654805d2', 'contractAddress': '0x0e09fabb73bd3ade0a17ecc321fd13a19e81ce82', 'value': '1000000000000000000000', 'tokenName': 'PancakeSwap Token', 'tokenSymbol': 'Cake', 'tokenDecimal': '18', 'transactionIndex': '81', 'gas': '181596', 'gasPrice': '5000000000', 'gasUsed': '175904', 'cumulativeGasUsed': '9902509', 'input': 'deprecated', 'confirmations': '3836'}
[19:26:08,105][INFO][13284][auction.py:399] ----------------- 0xb92ab7c1edcb273aba24b0656ceb3681654805d2 ---Cake
[19:26:08,105][INFO][13284][auction.py:403] ----------------- 0xae126b90d2835c5a2d720b0687ec59f59b768183 ---Cake -- cake 1000.000000
[19:26:08,105][INFO][13284][auction.py:396] {'blockNumber': '10703538', 'timeStamp': '1631007086', 'hash': '0x04fb7e45c4b68346660313324ae7f5b3169c4afba2938a991fc8f9cbb360bbba', 'nonce': '9', 'blockHash': '0x95697e8986f214f779687815df79e4448a445b70b6e5da4e685f61a341e33bed', 'from': '0x5ed6b80f0e8b1c7fdb783202d4a926bbed2d49ee', 'to': '0xb92ab7c1edcb273aba24b0656ceb3681654805d2', 'contractAddress': '0x0e09fabb73bd3ade0a17ecc321fd13a19e81ce82', 'value': '1010000000000000000000', 'tokenName': 'PancakeSwap Token', 'tokenSymbol': 'Cake', 'tokenDecimal': '18', 'transactionIndex': '161', 'gas': '181596', 'gasPrice': '5000000000', 'gasUsed': '175904', 'cumulativeGasUsed': '23412019', 'input': 'deprecated', 'confirmations': '3462'}
[19:26:08,106][INFO][13284][auction.py:399] ----------------- 0xb92ab7c1edcb273aba24b0656ceb3681654805d2 ---Cake
[19:26:08,106][INFO][13284][auction.py:403] ----------------- 0x5ed6b80f0e8b1c7fdb783202d4a926bbed2d49ee ---Cake -- cake 1010.000000
[19:26:08,106][INFO][13284][auction.py:396] {'blockNumber': '10703574', 'timeStamp': '1631007194', 'hash': '0xde7fb6a7e7881132b09831318bfef574dd39724616e59e8f1065b025ba1cf4e8', 'nonce': '480', 'blockHash': '0xfc43f5d81c20d7d41680ab7c02e3c996d03677aa2ef51e7eca04c596025e865e', 'from': '0xfad3b5feac1aaf86b3f66d105f2fa9607164d86b', 'to': '0xb92ab7c1edcb273aba24b0656ceb3681654805d2', 'contractAddress': '0x0e09fabb73bd3ade0a17ecc321fd13a19e81ce82', 'value': '1020000000000000000000', 'tokenName': 'PancakeSwap Token', 'tokenSymbol': 'Cake', 'tokenDecimal': '18', 'transactionIndex': '88', 'gas': '166596', 'gasPrice': '5000000000', 'gasUsed': '160904', 'cumulativeGasUsed': '16679294', 'input': 'deprecated', 'confirmations': '3426'}
[19:26:08,106][INFO][13284][auction.py:399] ----------------- 0xb92ab7c1edcb273aba24b0656ceb3681654805d2 ---Cake
[19:26:08,106][INFO][13284][auction.py:403] ----------------- 0xfad3b5feac1aaf86b3f66d105f2fa9607164d86b ---Cake -- cake 1020.000000
[19:26:08,107][INFO][13284][auction.py:396] {'blockNumber': '10704298', 'timeStamp': '1631009371', 'hash': '0x9cff86beb07d9f4db1ea9e4dac3475ceab20574aaf4c303dba6e24cbafcf8d7c', 'nonce': '489', 'blockHash': '0x70c9905f3136844f467e3381edaec15bfd0663b90de3b91512a9c40a422d3142', 'from': '0x22d56946c6cc1d4ed09f02858ddb990fcc981c55', 'to': '0xb92ab7c1edcb273aba24b0656ceb3681654805d2', 'contractAddress': '0x0e09fabb73bd3ade0a17ecc321fd13a19e81ce82', 'value': '1000000000000000000000', 'tokenName': 'PancakeSwap Token', 'tokenSymbol': 'Cake', 'tokenDecimal': '18', 'transactionIndex': '137', 'gas': '181596', 'gasPrice': '5000000000', 'gasUsed': '175904', 'cumulativeGasUsed': '18845957', 'input': 'deprecated', 'confirmations': '2702'}
[19:26:08,107][INFO][13284][auction.py:399] ----------------- 0xb92ab7c1edcb273aba24b0656ceb3681654805d2 ---Cake
[19:26:08,107][INFO][13284][auction.py:403] ----------------- 0x22d56946c6cc1d4ed09f02858ddb990fcc981c55 ---Cake -- cake 1000.000000
[19:26:08,107][INFO][13284][auction.py:396] {'blockNumber': '10704454', 'timeStamp': '1631009839', 'hash': '0x78f8dd0ac3075bee01d9e4c3e4bb1ca3c54b9da8b54edbaeee570213289a8a63', 'nonce': '496', 'blockHash': '0x2406984443008fe2dc80c8552016b7ca40de9780aa2db8fb6901931f5d541a7e', 'from': '0x22d56946c6cc1d4ed09f02858ddb990fcc981c55', 'to': '0xb92ab7c1edcb273aba24b0656ceb3681654805d2', 'contractAddress': '0x0e09fabb73bd3ade0a17ecc321fd13a19e81ce82', 'value': '100000000000000000000', 'tokenName': 'PancakeSwap Token', 'tokenSymbol': 'Cake', 'tokenDecimal': '18', 'transactionIndex': '145', 'gas': '74495', 'gasPrice': '5000000000', 'gasUsed': '68803', 'cumulativeGasUsed': '16706719', 'input': 'deprecated', 'confirmations': '2546'}
[19:26:08,107][INFO][13284][auction.py:399] ----------------- 0xb92ab7c1edcb273aba24b0656ceb3681654805d2 ---Cake
[19:26:08,108][INFO][13284][auction.py:403] ----------------- 0x22d56946c6cc1d4ed09f02858ddb990fcc981c55 ---Cake -- cake 100.000000
[19:26:08,108][INFO][13284][auction.py:396] {'blockNumber': '10704970', 'timeStamp': '1631011423', 'hash': '0x245ddcac7b8f31a9464c7c78e1bb92199455500509896b72b4c12b4a219bfd07', 'nonce': '2859', 'blockHash': '0x4b86c8203e2cbad3bade32b24053318fed392d4d4de3e68f32df40c79a2cb5c5', 'from': '0x58092273a044d6e1d23b5095ae873f6e24e906ed', 'to': '0xb92ab7c1edcb273aba24b0656ceb3681654805d2', 'contractAddress': '0x0e09fabb73bd3ade0a17ecc321fd13a19e81ce82', 'value': '1500000000000000000000', 'tokenName': 'PancakeSwap Token', 'tokenSymbol': 'Cake', 'tokenDecimal': '18', 'transactionIndex': '271', 'gas': '166596', 'gasPrice': '5000000000', 'gasUsed': '160904', 'cumulativeGasUsed': '36662181', 'input': 'deprecated', 'confirmations': '2030'}
[19:26:08,108][INFO][13284][auction.py:399] ----------------- 0xb92ab7c1edcb273aba24b0656ceb3681654805d2 ---Cake
[19:26:08,108][INFO][13284][auction.py:403] ----------------- 0x58092273a044d6e1d23b5095ae873f6e24e906ed ---Cake -- cake 1500.000000
[19:26:08,108][INFO][13284][auction.py:396] {'blockNumber': '10705049', 'timeStamp': '1631011660', 'hash': '0x142d128802299275e6b10cb2171fed090b9b649875fbffe5dac0d05421bd0e72', 'nonce': '10', 'blockHash': '0x9ed3270f34bd67e32ff8530a52cb58b7b69f8301ed2cd4ef2ffdd78e816e6fae', 'from': '0x5ed6b80f0e8b1c7fdb783202d4a926bbed2d49ee', 'to': '0xb92ab7c1edcb273aba24b0656ceb3681654805d2', 'contractAddress': '0x0e09fabb73bd3ade0a17ecc321fd13a19e81ce82', 'value': '100000000000000000000', 'tokenName': 'PancakeSwap Token', 'tokenSymbol': 'Cake', 'tokenDecimal': '18', 'transactionIndex': '83', 'gas': '74495', 'gasPrice': '5000000000', 'gasUsed': '68803', 'cumulativeGasUsed': '9552749', 'input': 'deprecated', 'confirmations': '1951'}
[19:26:08,108][INFO][13284][auction.py:399] ----------------- 0xb92ab7c1edcb273aba24b0656ceb3681654805d2 ---Cake
[19:26:08,109][INFO][13284][auction.py:403] ----------------- 0x5ed6b80f0e8b1c7fdb783202d4a926bbed2d49ee ---Cake -- cake 100.000000
[19:26:08,109][INFO][13284][auction.py:396] {'blockNumber': '10705454', 'timeStamp': '1631012899', 'hash': '0x952703eed5aa61378d616c4f7b6c666190835d6a57902f1a64fcf02fca84794c', 'nonce': '1', 'blockHash': '0x2dc24ca2731be3736198e22ac78da303739ce5574660be9642c331e70562bdf5', 'from': '0xcbd932ac66f645a3764733aacd30ce50e522fac1', 'to': '0xb92ab7c1edcb273aba24b0656ceb3681654805d2', 'contractAddress': '0x0e09fabb73bd3ade0a17ecc321fd13a19e81ce82', 'value': '3000000000000000000000', 'tokenName': 'PancakeSwap Token', 'tokenSymbol': 'Cake', 'tokenDecimal': '18', 'transactionIndex': '190', 'gas': '181596', 'gasPrice': '5000000000', 'gasUsed': '175904', 'cumulativeGasUsed': '32889266', 'input': 'deprecated', 'confirmations': '1546'}
[19:26:08,109][INFO][13284][auction.py:399] ----------------- 0xb92ab7c1edcb273aba24b0656ceb3681654805d2 ---Cake
[19:26:08,109][INFO][13284][auction.py:403] ----------------- 0xcbd932ac66f645a3764733aacd30ce50e522fac1 ---Cake -- cake 3000.000000
[19:26:08,109][INFO][13284][auction.py:396] {'blockNumber': '10705719', 'timeStamp': '1631013696', 'hash': '0xc075a75784c45ad0d07454da1d09060ae6b82b98dce47416153438ece8d5e5eb', 'nonce': '2862', 'blockHash': '0x4d486b1d9e530b905d358744054caf756c4a62adcdf2949d20a30edcdd14f55f', 'from': '0x58092273a044d6e1d23b5095ae873f6e24e906ed', 'to': '0xb92ab7c1edcb273aba24b0656ceb3681654805d2', 'contractAddress': '0x0e09fabb73bd3ade0a17ecc321fd13a19e81ce82', 'value': '1610000000000000000000', 'tokenName': 'PancakeSwap Token', 'tokenSymbol': 'Cake', 'tokenDecimal': '18', 'transactionIndex': '87', 'gas': '74495', 'gasPrice': '5000000000', 'gasUsed': '68803', 'cumulativeGasUsed': '11673808', 'input': 'deprecated', 'confirmations': '1281'}
[19:26:08,110][INFO][13284][auction.py:399] ----------------- 0xb92ab7c1edcb273aba24b0656ceb3681654805d2 ---Cake
[19:26:08,110][INFO][13284][auction.py:403] ----------------- 0x58092273a044d6e1d23b5095ae873f6e24e906ed ---Cake -- cake 1610.000000
[19:26:08,110][INFO][13284][auction.py:396] {'blockNumber': '10705763', 'timeStamp': '1631013828', 'hash': '0xfe517c002d195aaf34d15888ef5f561435c69a822733895c2f7cfe516b0cbc34', 'nonce': '2', 'blockHash': '0x5f00d6638e2574f5e426fb3c20e0d97a78ab721e650c19bdb4e03b69f6811788', 'from': '0xcbd932ac66f645a3764733aacd30ce50e522fac1', 'to': '0xb92ab7c1edcb273aba24b0656ceb3681654805d2', 'contractAddress': '0x0e09fabb73bd3ade0a17ecc321fd13a19e81ce82', 'value': '1000000000000000000000', 'tokenName': 'PancakeSwap Token', 'tokenSymbol': 'Cake', 'tokenDecimal': '18', 'transactionIndex': '114', 'gas': '74495', 'gasPrice': '5000000000', 'gasUsed': '68803', 'cumulativeGasUsed': '14686672', 'input': 'deprecated', 'confirmations': '1237'}
[19:26:08,110][INFO][13284][auction.py:399] ----------------- 0xb92ab7c1edcb273aba24b0656ceb3681654805d2 ---Cake
[19:26:08,110][INFO][13284][auction.py:403] ----------------- 0xcbd932ac66f645a3764733aacd30ce50e522fac1 ---Cake -- cake 1000.000000
[19:26:38,268][INFO][13284][auction.py:392] getting all txs from block 10706979
[19:26:43,127][INFO][13284][auction.py:396] {'blockNumber': '10703164', 'timeStamp': '1631005959', 'hash': '0x2c47a0b312a42aef6b2aab02ef728de69c6b4087d04e0f9cde0d2f06af672f74', 'nonce': '151', 'blockHash': '0x3e3fa383c0fa96831def86a43ecb8a9293bc2031a806a9081cf76052129aa9d9', 'from': '0xae126b90d2835c5a2d720b0687ec59f59b768183', 'to': '0xb92ab7c1edcb273aba24b0656ceb3681654805d2', 'contractAddress': '0x0e09fabb73bd3ade0a17ecc321fd13a19e81ce82', 'value': '1000000000000000000000', 'tokenName': 'PancakeSwap Token', 'tokenSymbol': 'Cake', 'tokenDecimal': '18', 'transactionIndex': '81', 'gas': '181596', 'gasPrice': '5000000000', 'gasUsed': '175904', 'cumulativeGasUsed': '9902509', 'input': 'deprecated', 'confirmations': '3848'}
[19:26:43,127][INFO][13284][auction.py:399] ----------------- 0xb92ab7c1edcb273aba24b0656ceb3681654805d2 ---Cake
[19:26:43,127][INFO][13284][auction.py:403] ----------------- 0xae126b90d2835c5a2d720b0687ec59f59b768183 ---Cake -- cake 1000.000000
[19:26:43,128][INFO][13284][auction.py:396] {'blockNumber': '10703538', 'timeStamp': '1631007086', 'hash': '0x04fb7e45c4b68346660313324ae7f5b3169c4afba2938a991fc8f9cbb360bbba', 'nonce': '9', 'blockHash': '0x95697e8986f214f779687815df79e4448a445b70b6e5da4e685f61a341e33bed', 'from': '0x5ed6b80f0e8b1c7fdb783202d4a926bbed2d49ee', 'to': '0xb92ab7c1edcb273aba24b0656ceb3681654805d2', 'contractAddress': '0x0e09fabb73bd3ade0a17ecc321fd13a19e81ce82', 'value': '1010000000000000000000', 'tokenName': 'PancakeSwap Token', 'tokenSymbol': 'Cake', 'tokenDecimal': '18', 'transactionIndex': '161', 'gas': '181596', 'gasPrice': '5000000000', 'gasUsed': '175904', 'cumulativeGasUsed': '23412019', 'input': 'deprecated', 'confirmations': '3474'}
[19:26:43,128][INFO][13284][auction.py:399] ----------------- 0xb92ab7c1edcb273aba24b0656ceb3681654805d2 ---Cake
[19:26:43,128][INFO][13284][auction.py:403] ----------------- 0x5ed6b80f0e8b1c7fdb783202d4a926bbed2d49ee ---Cake -- cake 1010.000000
[19:26:43,128][INFO][13284][auction.py:396] {'blockNumber': '10703574', 'timeStamp': '1631007194', 'hash': '0xde7fb6a7e7881132b09831318bfef574dd39724616e59e8f1065b025ba1cf4e8', 'nonce': '480', 'blockHash': '0xfc43f5d81c20d7d41680ab7c02e3c996d03677aa2ef51e7eca04c596025e865e', 'from': '0xfad3b5feac1aaf86b3f66d105f2fa9607164d86b', 'to': '0xb92ab7c1edcb273aba24b0656ceb3681654805d2', 'contractAddress': '0x0e09fabb73bd3ade0a17ecc321fd13a19e81ce82', 'value': '1020000000000000000000', 'tokenName': 'PancakeSwap Token', 'tokenSymbol': 'Cake', 'tokenDecimal': '18', 'transactionIndex': '88', 'gas': '166596', 'gasPrice': '5000000000', 'gasUsed': '160904', 'cumulativeGasUsed': '16679294', 'input': 'deprecated', 'confirmations': '3438'}
[19:26:43,128][INFO][13284][auction.py:399] ----------------- 0xb92ab7c1edcb273aba24b0656ceb3681654805d2 ---Cake
[19:26:43,128][INFO][13284][auction.py:403] ----------------- 0xfad3b5feac1aaf86b3f66d105f2fa9607164d86b ---Cake -- cake 1020.000000
[19:26:43,128][INFO][13284][auction.py:396] {'blockNumber': '10704298', 'timeStamp': '1631009371', 'hash': '0x9cff86beb07d9f4db1ea9e4dac3475ceab20574aaf4c303dba6e24cbafcf8d7c', 'nonce': '489', 'blockHash': '0x70c9905f3136844f467e3381edaec15bfd0663b90de3b91512a9c40a422d3142', 'from': '0x22d56946c6cc1d4ed09f02858ddb990fcc981c55', 'to': '0xb92ab7c1edcb273aba24b0656ceb3681654805d2', 'contractAddress': '0x0e09fabb73bd3ade0a17ecc321fd13a19e81ce82', 'value': '1000000000000000000000', 'tokenName': 'PancakeSwap Token', 'tokenSymbol': 'Cake', 'tokenDecimal': '18', 'transactionIndex': '137', 'gas': '181596', 'gasPrice': '5000000000', 'gasUsed': '175904', 'cumulativeGasUsed': '18845957', 'input': 'deprecated', 'confirmations': '2714'}
[19:26:43,128][INFO][13284][auction.py:399] ----------------- 0xb92ab7c1edcb273aba24b0656ceb3681654805d2 ---Cake
[19:26:43,128][INFO][13284][auction.py:403] ----------------- 0x22d56946c6cc1d4ed09f02858ddb990fcc981c55 ---Cake -- cake 1000.000000
[19:26:43,128][INFO][13284][auction.py:396] {'blockNumber': '10704454', 'timeStamp': '1631009839', 'hash': '0x78f8dd0ac3075bee01d9e4c3e4bb1ca3c54b9da8b54edbaeee570213289a8a63', 'nonce': '496', 'blockHash': '0x2406984443008fe2dc80c8552016b7ca40de9780aa2db8fb6901931f5d541a7e', 'from': '0x22d56946c6cc1d4ed09f02858ddb990fcc981c55', 'to': '0xb92ab7c1edcb273aba24b0656ceb3681654805d2', 'contractAddress': '0x0e09fabb73bd3ade0a17ecc321fd13a19e81ce82', 'value': '100000000000000000000', 'tokenName': 'PancakeSwap Token', 'tokenSymbol': 'Cake', 'tokenDecimal': '18', 'transactionIndex': '145', 'gas': '74495', 'gasPrice': '5000000000', 'gasUsed': '68803', 'cumulativeGasUsed': '16706719', 'input': 'deprecated', 'confirmations': '2558'}
[19:26:43,128][INFO][13284][auction.py:399] ----------------- 0xb92ab7c1edcb273aba24b0656ceb3681654805d2 ---Cake
[19:26:43,128][INFO][13284][auction.py:403] ----------------- 0x22d56946c6cc1d4ed09f02858ddb990fcc981c55 ---Cake -- cake 100.000000
[19:26:43,128][INFO][13284][auction.py:396] {'blockNumber': '10704970', 'timeStamp': '1631011423', 'hash': '0x245ddcac7b8f31a9464c7c78e1bb92199455500509896b72b4c12b4a219bfd07', 'nonce': '2859', 'blockHash': '0x4b86c8203e2cbad3bade32b24053318fed392d4d4de3e68f32df40c79a2cb5c5', 'from': '0x58092273a044d6e1d23b5095ae873f6e24e906ed', 'to': '0xb92ab7c1edcb273aba24b0656ceb3681654805d2', 'contractAddress': '0x0e09fabb73bd3ade0a17ecc321fd13a19e81ce82', 'value': '1500000000000000000000', 'tokenName': 'PancakeSwap Token', 'tokenSymbol': 'Cake', 'tokenDecimal': '18', 'transactionIndex': '271', 'gas': '166596', 'gasPrice': '5000000000', 'gasUsed': '160904', 'cumulativeGasUsed': '36662181', 'input': 'deprecated', 'confirmations': '2042'}
[19:26:43,128][INFO][13284][auction.py:399] ----------------- 0xb92ab7c1edcb273aba24b0656ceb3681654805d2 ---Cake
[19:26:43,128][INFO][13284][auction.py:403] ----------------- 0x58092273a044d6e1d23b5095ae873f6e24e906ed ---Cake -- cake 1500.000000
[19:26:43,128][INFO][13284][auction.py:396] {'blockNumber': '10705049', 'timeStamp': '1631011660', 'hash': '0x142d128802299275e6b10cb2171fed090b9b649875fbffe5dac0d05421bd0e72', 'nonce': '10', 'blockHash': '0x9ed3270f34bd67e32ff8530a52cb58b7b69f8301ed2cd4ef2ffdd78e816e6fae', 'from': '0x5ed6b80f0e8b1c7fdb783202d4a926bbed2d49ee', 'to': '0xb92ab7c1edcb273aba24b0656ceb3681654805d2', 'contractAddress': '0x0e09fabb73bd3ade0a17ecc321fd13a19e81ce82', 'value': '100000000000000000000', 'tokenName': 'PancakeSwap Token', 'tokenSymbol': 'Cake', 'tokenDecimal': '18', 'transactionIndex': '83', 'gas': '74495', 'gasPrice': '5000000000', 'gasUsed': '68803', 'cumulativeGasUsed': '9552749', 'input': 'deprecated', 'confirmations': '1963'}
[19:26:43,128][INFO][13284][auction.py:399] ----------------- 0xb92ab7c1edcb273aba24b0656ceb3681654805d2 ---Cake
[19:26:43,128][INFO][13284][auction.py:403] ----------------- 0x5ed6b80f0e8b1c7fdb783202d4a926bbed2d49ee ---Cake -- cake 100.000000
[19:26:43,128][INFO][13284][auction.py:396] {'blockNumber': '10705454', 'timeStamp': '1631012899', 'hash': '0x952703eed5aa61378d616c4f7b6c666190835d6a57902f1a64fcf02fca84794c', 'nonce': '1', 'blockHash': '0x2dc24ca2731be3736198e22ac78da303739ce5574660be9642c331e70562bdf5', 'from': '0xcbd932ac66f645a3764733aacd30ce50e522fac1', 'to': '0xb92ab7c1edcb273aba24b0656ceb3681654805d2', 'contractAddress': '0x0e09fabb73bd3ade0a17ecc321fd13a19e81ce82', 'value': '3000000000000000000000', 'tokenName': 'PancakeSwap Token', 'tokenSymbol': 'Cake', 'tokenDecimal': '18', 'transactionIndex': '190', 'gas': '181596', 'gasPrice': '5000000000', 'gasUsed': '175904', 'cumulativeGasUsed': '32889266', 'input': 'deprecated', 'confirmations': '1558'}
[19:26:43,128][INFO][13284][auction.py:399] ----------------- 0xb92ab7c1edcb273aba24b0656ceb3681654805d2 ---Cake
[19:26:43,128][INFO][13284][auction.py:403] ----------------- 0xcbd932ac66f645a3764733aacd30ce50e522fac1 ---Cake -- cake 3000.000000
[19:26:43,128][INFO][13284][auction.py:396] {'blockNumber': '10705719', 'timeStamp': '1631013696', 'hash': '0xc075a75784c45ad0d07454da1d09060ae6b82b98dce47416153438ece8d5e5eb', 'nonce': '2862', 'blockHash': '0x4d486b1d9e530b905d358744054caf756c4a62adcdf2949d20a30edcdd14f55f', 'from': '0x58092273a044d6e1d23b5095ae873f6e24e906ed', 'to': '0xb92ab7c1edcb273aba24b0656ceb3681654805d2', 'contractAddress': '0x0e09fabb73bd3ade0a17ecc321fd13a19e81ce82', 'value': '1610000000000000000000', 'tokenName': 'PancakeSwap Token', 'tokenSymbol': 'Cake', 'tokenDecimal': '18', 'transactionIndex': '87', 'gas': '74495', 'gasPrice': '5000000000', 'gasUsed': '68803', 'cumulativeGasUsed': '11673808', 'input': 'deprecated', 'confirmations': '1293'}
[19:26:43,128][INFO][13284][auction.py:399] ----------------- 0xb92ab7c1edcb273aba24b0656ceb3681654805d2 ---Cake
[19:26:43,128][INFO][13284][auction.py:403] ----------------- 0x58092273a044d6e1d23b5095ae873f6e24e906ed ---Cake -- cake 1610.000000
[19:26:43,128][INFO][13284][auction.py:396] {'blockNumber': '10705763', 'timeStamp': '1631013828', 'hash': '0xfe517c002d195aaf34d15888ef5f561435c69a822733895c2f7cfe516b0cbc34', 'nonce': '2', 'blockHash': '0x5f00d6638e2574f5e426fb3c20e0d97a78ab721e650c19bdb4e03b69f6811788', 'from': '0xcbd932ac66f645a3764733aacd30ce50e522fac1', 'to': '0xb92ab7c1edcb273aba24b0656ceb3681654805d2', 'contractAddress': '0x0e09fabb73bd3ade0a17ecc321fd13a19e81ce82', 'value': '1000000000000000000000', 'tokenName': 'PancakeSwap Token', 'tokenSymbol': 'Cake', 'tokenDecimal': '18', 'transactionIndex': '114', 'gas': '74495', 'gasPrice': '5000000000', 'gasUsed': '68803', 'cumulativeGasUsed': '14686672', 'input': 'deprecated', 'confirmations': '1249'}
[19:26:43,128][INFO][13284][auction.py:399] ----------------- 0xb92ab7c1edcb273aba24b0656ceb3681654805d2 ---Cake
[19:26:43,128][INFO][13284][auction.py:403] ----------------- 0xcbd932ac66f645a3764733aacd30ce50e522fac1 ---Cake -- cake 1000.000000
[19:27:13,305][INFO][13284][auction.py:392] getting all txs from block 10706979
[19:27:17,204][INFO][13284][auction.py:396] {'blockNumber': '10703164', 'timeStamp': '1631005959', 'hash': '0x2c47a0b312a42aef6b2aab02ef728de69c6b4087d04e0f9cde0d2f06af672f74', 'nonce': '151', 'blockHash': '0x3e3fa383c0fa96831def86a43ecb8a9293bc2031a806a9081cf76052129aa9d9', 'from': '0xae126b90d2835c5a2d720b0687ec59f59b768183', 'to': '0xb92ab7c1edcb273aba24b0656ceb3681654805d2', 'contractAddress': '0x0e09fabb73bd3ade0a17ecc321fd13a19e81ce82', 'value': '1000000000000000000000', 'tokenName': 'PancakeSwap Token', 'tokenSymbol': 'Cake', 'tokenDecimal': '18', 'transactionIndex': '81', 'gas': '181596', 'gasPrice': '5000000000', 'gasUsed': '175904', 'cumulativeGasUsed': '9902509', 'input': 'deprecated', 'confirmations': '3861'}
[19:27:17,205][INFO][13284][auction.py:399] ----------------- 0xb92ab7c1edcb273aba24b0656ceb3681654805d2 ---Cake
[19:27:17,205][INFO][13284][auction.py:403] ----------------- 0xae126b90d2835c5a2d720b0687ec59f59b768183 ---Cake -- cake 1000.000000
[19:27:17,205][INFO][13284][auction.py:396] {'blockNumber': '10703538', 'timeStamp': '1631007086', 'hash': '0x04fb7e45c4b68346660313324ae7f5b3169c4afba2938a991fc8f9cbb360bbba', 'nonce': '9', 'blockHash': '0x95697e8986f214f779687815df79e4448a445b70b6e5da4e685f61a341e33bed', 'from': '0x5ed6b80f0e8b1c7fdb783202d4a926bbed2d49ee', 'to': '0xb92ab7c1edcb273aba24b0656ceb3681654805d2', 'contractAddress': '0x0e09fabb73bd3ade0a17ecc321fd13a19e81ce82', 'value': '1010000000000000000000', 'tokenName': 'PancakeSwap Token', 'tokenSymbol': 'Cake', 'tokenDecimal': '18', 'transactionIndex': '161', 'gas': '181596', 'gasPrice': '5000000000', 'gasUsed': '175904', 'cumulativeGasUsed': '23412019', 'input': 'deprecated', 'confirmations': '3487'}
[19:27:17,206][INFO][13284][auction.py:399] ----------------- 0xb92ab7c1edcb273aba24b0656ceb3681654805d2 ---Cake
[19:27:17,206][INFO][13284][auction.py:403] ----------------- 0x5ed6b80f0e8b1c7fdb783202d4a926bbed2d49ee ---Cake -- cake 1010.000000
[19:27:17,206][INFO][13284][auction.py:396] {'blockNumber': '10703574', 'timeStamp': '1631007194', 'hash': '0xde7fb6a7e7881132b09831318bfef574dd39724616e59e8f1065b025ba1cf4e8', 'nonce': '480', 'blockHash': '0xfc43f5d81c20d7d41680ab7c02e3c996d03677aa2ef51e7eca04c596025e865e', 'from': '0xfad3b5feac1aaf86b3f66d105f2fa9607164d86b', 'to': '0xb92ab7c1edcb273aba24b0656ceb3681654805d2', 'contractAddress': '0x0e09fabb73bd3ade0a17ecc321fd13a19e81ce82', 'value': '1020000000000000000000', 'tokenName': 'PancakeSwap Token', 'tokenSymbol': 'Cake', 'tokenDecimal': '18', 'transactionIndex': '88', 'gas': '166596', 'gasPrice': '5000000000', 'gasUsed': '160904', 'cumulativeGasUsed': '16679294', 'input': 'deprecated', 'confirmations': '3451'}
[19:27:17,206][INFO][13284][auction.py:399] ----------------- 0xb92ab7c1edcb273aba24b0656ceb3681654805d2 ---Cake
[19:27:17,206][INFO][13284][auction.py:403] ----------------- 0xfad3b5feac1aaf86b3f66d105f2fa9607164d86b ---Cake -- cake 1020.000000
[19:27:17,207][INFO][13284][auction.py:396] {'blockNumber': '10704298', 'timeStamp': '1631009371', 'hash': '0x9cff86beb07d9f4db1ea9e4dac3475ceab20574aaf4c303dba6e24cbafcf8d7c', 'nonce': '489', 'blockHash': '0x70c9905f3136844f467e3381edaec15bfd0663b90de3b91512a9c40a422d3142', 'from': '0x22d56946c6cc1d4ed09f02858ddb990fcc981c55', 'to': '0xb92ab7c1edcb273aba24b0656ceb3681654805d2', 'contractAddress': '0x0e09fabb73bd3ade0a17ecc321fd13a19e81ce82', 'value': '1000000000000000000000', 'tokenName': 'PancakeSwap Token', 'tokenSymbol': 'Cake', 'tokenDecimal': '18', 'transactionIndex': '137', 'gas': '181596', 'gasPrice': '5000000000', 'gasUsed': '175904', 'cumulativeGasUsed': '18845957', 'input': 'deprecated', 'confirmations': '2727'}
[19:27:17,207][INFO][13284][auction.py:399] ----------------- 0xb92ab7c1edcb273aba24b0656ceb3681654805d2 ---Cake
[19:27:17,207][INFO][13284][auction.py:403] ----------------- 0x22d56946c6cc1d4ed09f02858ddb990fcc981c55 ---Cake -- cake 1000.000000
[19:27:17,207][INFO][13284][auction.py:396] {'blockNumber': '10704454', 'timeStamp': '1631009839', 'hash': '0x78f8dd0ac3075bee01d9e4c3e4bb1ca3c54b9da8b54edbaeee570213289a8a63', 'nonce': '496', 'blockHash': '0x2406984443008fe2dc80c8552016b7ca40de9780aa2db8fb6901931f5d541a7e', 'from': '0x22d56946c6cc1d4ed09f02858ddb990fcc981c55', 'to': '0xb92ab7c1edcb273aba24b0656ceb3681654805d2', 'contractAddress': '0x0e09fabb73bd3ade0a17ecc321fd13a19e81ce82', 'value': '100000000000000000000', 'tokenName': 'PancakeSwap Token', 'tokenSymbol': 'Cake', 'tokenDecimal': '18', 'transactionIndex': '145', 'gas': '74495', 'gasPrice': '5000000000', 'gasUsed': '68803', 'cumulativeGasUsed': '16706719', 'input': 'deprecated', 'confirmations': '2571'}
[19:27:17,207][INFO][13284][auction.py:399] ----------------- 0xb92ab7c1edcb273aba24b0656ceb3681654805d2 ---Cake
[19:27:17,208][INFO][13284][auction.py:403] ----------------- 0x22d56946c6cc1d4ed09f02858ddb990fcc981c55 ---Cake -- cake 100.000000
[19:27:17,208][INFO][13284][auction.py:396] {'blockNumber': '10704970', 'timeStamp': '1631011423', 'hash': '0x245ddcac7b8f31a9464c7c78e1bb92199455500509896b72b4c12b4a219bfd07', 'nonce': '2859', 'blockHash': '0x4b86c8203e2cbad3bade32b24053318fed392d4d4de3e68f32df40c79a2cb5c5', 'from': '0x58092273a044d6e1d23b5095ae873f6e24e906ed', 'to': '0xb92ab7c1edcb273aba24b0656ceb3681654805d2', 'contractAddress': '0x0e09fabb73bd3ade0a17ecc321fd13a19e81ce82', 'value': '1500000000000000000000', 'tokenName': 'PancakeSwap Token', 'tokenSymbol': 'Cake', 'tokenDecimal': '18', 'transactionIndex': '271', 'gas': '166596', 'gasPrice': '5000000000', 'gasUsed': '160904', 'cumulativeGasUsed': '36662181', 'input': 'deprecated', 'confirmations': '2055'}
[19:27:17,208][INFO][13284][auction.py:399] ----------------- 0xb92ab7c1edcb273aba24b0656ceb3681654805d2 ---Cake
[19:27:17,208][INFO][13284][auction.py:403] ----------------- 0x58092273a044d6e1d23b5095ae873f6e24e906ed ---Cake -- cake 1500.000000
[19:27:17,208][INFO][13284][auction.py:396] {'blockNumber': '10705049', 'timeStamp': '1631011660', 'hash': '0x142d128802299275e6b10cb2171fed090b9b649875fbffe5dac0d05421bd0e72', 'nonce': '10', 'blockHash': '0x9ed3270f34bd67e32ff8530a52cb58b7b69f8301ed2cd4ef2ffdd78e816e6fae', 'from': '0x5ed6b80f0e8b1c7fdb783202d4a926bbed2d49ee', 'to': '0xb92ab7c1edcb273aba24b0656ceb3681654805d2', 'contractAddress': '0x0e09fabb73bd3ade0a17ecc321fd13a19e81ce82', 'value': '100000000000000000000', 'tokenName': 'PancakeSwap Token', 'tokenSymbol': 'Cake', 'tokenDecimal': '18', 'transactionIndex': '83', 'gas': '74495', 'gasPrice': '5000000000', 'gasUsed': '68803', 'cumulativeGasUsed': '9552749', 'input': 'deprecated', 'confirmations': '1976'}
[19:27:17,208][INFO][13284][auction.py:399] ----------------- 0xb92ab7c1edcb273aba24b0656ceb3681654805d2 ---Cake
[19:27:17,209][INFO][13284][auction.py:403] ----------------- 0x5ed6b80f0e8b1c7fdb783202d4a926bbed2d49ee ---Cake -- cake 100.000000
[19:27:17,209][INFO][13284][auction.py:396] {'blockNumber': '10705454', 'timeStamp': '1631012899', 'hash': '0x952703eed5aa61378d616c4f7b6c666190835d6a57902f1a64fcf02fca84794c', 'nonce': '1', 'blockHash': '0x2dc24ca2731be3736198e22ac78da303739ce5574660be9642c331e70562bdf5', 'from': '0xcbd932ac66f645a3764733aacd30ce50e522fac1', 'to': '0xb92ab7c1edcb273aba24b0656ceb3681654805d2', 'contractAddress': '0x0e09fabb73bd3ade0a17ecc321fd13a19e81ce82', 'value': '3000000000000000000000', 'tokenName': 'PancakeSwap Token', 'tokenSymbol': 'Cake', 'tokenDecimal': '18', 'transactionIndex': '190', 'gas': '181596', 'gasPrice': '5000000000', 'gasUsed': '175904', 'cumulativeGasUsed': '32889266', 'input': 'deprecated', 'confirmations': '1571'}
[19:27:17,209][INFO][13284][auction.py:399] ----------------- 0xb92ab7c1edcb273aba24b0656ceb3681654805d2 ---Cake
[19:27:17,209][INFO][13284][auction.py:403] ----------------- 0xcbd932ac66f645a3764733aacd30ce50e522fac1 ---Cake -- cake 3000.000000
[19:27:17,209][INFO][13284][auction.py:396] {'blockNumber': '10705719', 'timeStamp': '1631013696', 'hash': '0xc075a75784c45ad0d07454da1d09060ae6b82b98dce47416153438ece8d5e5eb', 'nonce': '2862', 'blockHash': '0x4d486b1d9e530b905d358744054caf756c4a62adcdf2949d20a30edcdd14f55f', 'from': '0x58092273a044d6e1d23b5095ae873f6e24e906ed', 'to': '0xb92ab7c1edcb273aba24b0656ceb3681654805d2', 'contractAddress': '0x0e09fabb73bd3ade0a17ecc321fd13a19e81ce82', 'value': '1610000000000000000000', 'tokenName': 'PancakeSwap Token', 'tokenSymbol': 'Cake', 'tokenDecimal': '18', 'transactionIndex': '87', 'gas': '74495', 'gasPrice': '5000000000', 'gasUsed': '68803', 'cumulativeGasUsed': '11673808', 'input': 'deprecated', 'confirmations': '1306'}
[19:27:17,210][INFO][13284][auction.py:399] ----------------- 0xb92ab7c1edcb273aba24b0656ceb3681654805d2 ---Cake
[19:27:17,210][INFO][13284][auction.py:403] ----------------- 0x58092273a044d6e1d23b5095ae873f6e24e906ed ---Cake -- cake 1610.000000
[19:27:17,210][INFO][13284][auction.py:396] {'blockNumber': '10705763', 'timeStamp': '1631013828', 'hash': '0xfe517c002d195aaf34d15888ef5f561435c69a822733895c2f7cfe516b0cbc34', 'nonce': '2', 'blockHash': '0x5f00d6638e2574f5e426fb3c20e0d97a78ab721e650c19bdb4e03b69f6811788', 'from': '0xcbd932ac66f645a3764733aacd30ce50e522fac1', 'to': '0xb92ab7c1edcb273aba24b0656ceb3681654805d2', 'contractAddress': '0x0e09fabb73bd3ade0a17ecc321fd13a19e81ce82', 'value': '1000000000000000000000', 'tokenName': 'PancakeSwap Token', 'tokenSymbol': 'Cake', 'tokenDecimal': '18', 'transactionIndex': '114', 'gas': '74495', 'gasPrice': '5000000000', 'gasUsed': '68803', 'cumulativeGasUsed': '14686672', 'input': 'deprecated', 'confirmations': '1262'}
[19:27:17,210][INFO][13284][auction.py:399] ----------------- 0xb92ab7c1edcb273aba24b0656ceb3681654805d2 ---Cake
[19:27:17,210][INFO][13284][auction.py:403] ----------------- 0xcbd932ac66f645a3764733aacd30ce50e522fac1 ---Cake -- cake 1000.000000
[19:27:47,287][INFO][13284][auction.py:392] getting all txs from block 10706979
[19:27:49,800][INFO][13284][auction.py:396] {'blockNumber': '10703164', 'timeStamp': '1631005959', 'hash': '0x2c47a0b312a42aef6b2aab02ef728de69c6b4087d04e0f9cde0d2f06af672f74', 'nonce': '151', 'blockHash': '0x3e3fa383c0fa96831def86a43ecb8a9293bc2031a806a9081cf76052129aa9d9', 'from': '0xae126b90d2835c5a2d720b0687ec59f59b768183', 'to': '0xb92ab7c1edcb273aba24b0656ceb3681654805d2', 'contractAddress': '0x0e09fabb73bd3ade0a17ecc321fd13a19e81ce82', 'value': '1000000000000000000000', 'tokenName': 'PancakeSwap Token', 'tokenSymbol': 'Cake', 'tokenDecimal': '18', 'transactionIndex': '81', 'gas': '181596', 'gasPrice': '5000000000', 'gasUsed': '175904', 'cumulativeGasUsed': '9902509', 'input': 'deprecated', 'confirmations': '3867'}
[19:27:49,801][INFO][13284][auction.py:399] ----------------- 0xb92ab7c1edcb273aba24b0656ceb3681654805d2 ---Cake
[19:27:49,801][INFO][13284][auction.py:403] ----------------- 0xae126b90d2835c5a2d720b0687ec59f59b768183 ---Cake -- cake 1000.000000
[19:27:49,801][INFO][13284][auction.py:396] {'blockNumber': '10703538', 'timeStamp': '1631007086', 'hash': '0x04fb7e45c4b68346660313324ae7f5b3169c4afba2938a991fc8f9cbb360bbba', 'nonce': '9', 'blockHash': '0x95697e8986f214f779687815df79e4448a445b70b6e5da4e685f61a341e33bed', 'from': '0x5ed6b80f0e8b1c7fdb783202d4a926bbed2d49ee', 'to': '0xb92ab7c1edcb273aba24b0656ceb3681654805d2', 'contractAddress': '0x0e09fabb73bd3ade0a17ecc321fd13a19e81ce82', 'value': '1010000000000000000000', 'tokenName': 'PancakeSwap Token', 'tokenSymbol': 'Cake', 'tokenDecimal': '18', 'transactionIndex': '161', 'gas': '181596', 'gasPrice': '5000000000', 'gasUsed': '175904', 'cumulativeGasUsed': '23412019', 'input': 'deprecated', 'confirmations': '3493'}
[19:27:49,802][INFO][13284][auction.py:399] ----------------- 0xb92ab7c1edcb273aba24b0656ceb3681654805d2 ---Cake
[19:27:49,802][INFO][13284][auction.py:403] ----------------- 0x5ed6b80f0e8b1c7fdb783202d4a926bbed2d49ee ---Cake -- cake 1010.000000
[19:27:49,802][INFO][13284][auction.py:396] {'blockNumber': '10703574', 'timeStamp': '1631007194', 'hash': '0xde7fb6a7e7881132b09831318bfef574dd39724616e59e8f1065b025ba1cf4e8', 'nonce': '480', 'blockHash': '0xfc43f5d81c20d7d41680ab7c02e3c996d03677aa2ef51e7eca04c596025e865e', 'from': '0xfad3b5feac1aaf86b3f66d105f2fa9607164d86b', 'to': '0xb92ab7c1edcb273aba24b0656ceb3681654805d2', 'contractAddress': '0x0e09fabb73bd3ade0a17ecc321fd13a19e81ce82', 'value': '1020000000000000000000', 'tokenName': 'PancakeSwap Token', 'tokenSymbol': 'Cake', 'tokenDecimal': '18', 'transactionIndex': '88', 'gas': '166596', 'gasPrice': '5000000000', 'gasUsed': '160904', 'cumulativeGasUsed': '16679294', 'input': 'deprecated', 'confirmations': '3457'}
[19:27:49,802][INFO][13284][auction.py:399] ----------------- 0xb92ab7c1edcb273aba24b0656ceb3681654805d2 ---Cake
[19:27:49,802][INFO][13284][auction.py:403] ----------------- 0xfad3b5feac1aaf86b3f66d105f2fa9607164d86b ---Cake -- cake 1020.000000
[19:27:49,802][INFO][13284][auction.py:396] {'blockNumber': '10704298', 'timeStamp': '1631009371', 'hash': '0x9cff86beb07d9f4db1ea9e4dac3475ceab20574aaf4c303dba6e24cbafcf8d7c', 'nonce': '489', 'blockHash': '0x70c9905f3136844f467e3381edaec15bfd0663b90de3b91512a9c40a422d3142', 'from': '0x22d56946c6cc1d4ed09f02858ddb990fcc981c55', 'to': '0xb92ab7c1edcb273aba24b0656ceb3681654805d2', 'contractAddress': '0x0e09fabb73bd3ade0a17ecc321fd13a19e81ce82', 'value': '1000000000000000000000', 'tokenName': 'PancakeSwap Token', 'tokenSymbol': 'Cake', 'tokenDecimal': '18', 'transactionIndex': '137', 'gas': '181596', 'gasPrice': '5000000000', 'gasUsed': '175904', 'cumulativeGasUsed': '18845957', 'input': 'deprecated', 'confirmations': '2733'}
[19:27:49,803][INFO][13284][auction.py:399] ----------------- 0xb92ab7c1edcb273aba24b0656ceb3681654805d2 ---Cake
[19:27:49,803][INFO][13284][auction.py:403] ----------------- 0x22d56946c6cc1d4ed09f02858ddb990fcc981c55 ---Cake -- cake 1000.000000
[19:27:49,803][INFO][13284][auction.py:396] {'blockNumber': '10704454', 'timeStamp': '1631009839', 'hash': '0x78f8dd0ac3075bee01d9e4c3e4bb1ca3c54b9da8b54edbaeee570213289a8a63', 'nonce': '496', 'blockHash': '0x2406984443008fe2dc80c8552016b7ca40de9780aa2db8fb6901931f5d541a7e', 'from': '0x22d56946c6cc1d4ed09f02858ddb990fcc981c55', 'to': '0xb92ab7c1edcb273aba24b0656ceb3681654805d2', 'contractAddress': '0x0e09fabb73bd3ade0a17ecc321fd13a19e81ce82', 'value': '100000000000000000000', 'tokenName': 'PancakeSwap Token', 'tokenSymbol': 'Cake', 'tokenDecimal': '18', 'transactionIndex': '145', 'gas': '74495', 'gasPrice': '5000000000', 'gasUsed': '68803', 'cumulativeGasUsed': '16706719', 'input': 'deprecated', 'confirmations': '2577'}
[19:27:49,803][INFO][13284][auction.py:399] ----------------- 0xb92ab7c1edcb273aba24b0656ceb3681654805d2 ---Cake
[19:27:49,803][INFO][13284][auction.py:403] ----------------- 0x22d56946c6cc1d4ed09f02858ddb990fcc981c55 ---Cake -- cake 100.000000
[19:27:49,804][INFO][13284][auction.py:396] {'blockNumber': '10704970', 'timeStamp': '1631011423', 'hash': '0x245ddcac7b8f31a9464c7c78e1bb92199455500509896b72b4c12b4a219bfd07', 'nonce': '2859', 'blockHash': '0x4b86c8203e2cbad3bade32b24053318fed392d4d4de3e68f32df40c79a2cb5c5', 'from': '0x58092273a044d6e1d23b5095ae873f6e24e906ed', 'to': '0xb92ab7c1edcb273aba24b0656ceb3681654805d2', 'contractAddress': '0x0e09fabb73bd3ade0a17ecc321fd13a19e81ce82', 'value': '1500000000000000000000', 'tokenName': 'PancakeSwap Token', 'tokenSymbol': 'Cake', 'tokenDecimal': '18', 'transactionIndex': '271', 'gas': '166596', 'gasPrice': '5000000000', 'gasUsed': '160904', 'cumulativeGasUsed': '36662181', 'input': 'deprecated', 'confirmations': '2061'}
[19:27:49,804][INFO][13284][auction.py:399] ----------------- 0xb92ab7c1edcb273aba24b0656ceb3681654805d2 ---Cake
[19:27:49,804][INFO][13284][auction.py:403] ----------------- 0x58092273a044d6e1d23b5095ae873f6e24e906ed ---Cake -- cake 1500.000000
[19:27:49,804][INFO][13284][auction.py:396] {'blockNumber': '10705049', 'timeStamp': '1631011660', 'hash': '0x142d128802299275e6b10cb2171fed090b9b649875fbffe5dac0d05421bd0e72', 'nonce': '10', 'blockHash': '0x9ed3270f34bd67e32ff8530a52cb58b7b69f8301ed2cd4ef2ffdd78e816e6fae', 'from': '0x5ed6b80f0e8b1c7fdb783202d4a926bbed2d49ee', 'to': '0xb92ab7c1edcb273aba24b0656ceb3681654805d2', 'contractAddress': '0x0e09fabb73bd3ade0a17ecc321fd13a19e81ce82', 'value': '100000000000000000000', 'tokenName': 'PancakeSwap Token', 'tokenSymbol': 'Cake', 'tokenDecimal': '18', 'transactionIndex': '83', 'gas': '74495', 'gasPrice': '5000000000', 'gasUsed': '68803', 'cumulativeGasUsed': '9552749', 'input': 'deprecated', 'confirmations': '1982'}
[19:27:49,804][INFO][13284][auction.py:399] ----------------- 0xb92ab7c1edcb273aba24b0656ceb3681654805d2 ---Cake
[19:27:49,804][INFO][13284][auction.py:403] ----------------- 0x5ed6b80f0e8b1c7fdb783202d4a926bbed2d49ee ---Cake -- cake 100.000000
[19:27:49,804][INFO][13284][auction.py:396] {'blockNumber': '10705454', 'timeStamp': '1631012899', 'hash': '0x952703eed5aa61378d616c4f7b6c666190835d6a57902f1a64fcf02fca84794c', 'nonce': '1', 'blockHash': '0x2dc24ca2731be3736198e22ac78da303739ce5574660be9642c331e70562bdf5', 'from': '0xcbd932ac66f645a3764733aacd30ce50e522fac1', 'to': '0xb92ab7c1edcb273aba24b0656ceb3681654805d2', 'contractAddress': '0x0e09fabb73bd3ade0a17ecc321fd13a19e81ce82', 'value': '3000000000000000000000', 'tokenName': 'PancakeSwap Token', 'tokenSymbol': 'Cake', 'tokenDecimal': '18', 'transactionIndex': '190', 'gas': '181596', 'gasPrice': '5000000000', 'gasUsed': '175904', 'cumulativeGasUsed': '32889266', 'input': 'deprecated', 'confirmations': '1577'}
[19:27:49,804][INFO][13284][auction.py:399] ----------------- 0xb92ab7c1edcb273aba24b0656ceb3681654805d2 ---Cake
[19:27:49,804][INFO][13284][auction.py:403] ----------------- 0xcbd932ac66f645a3764733aacd30ce50e522fac1 ---Cake -- cake 3000.000000
[19:27:49,804][INFO][13284][auction.py:396] {'blockNumber': '10705719', 'timeStamp': '1631013696', 'hash': '0xc075a75784c45ad0d07454da1d09060ae6b82b98dce47416153438ece8d5e5eb', 'nonce': '2862', 'blockHash': '0x4d486b1d9e530b905d358744054caf756c4a62adcdf2949d20a30edcdd14f55f', 'from': '0x58092273a044d6e1d23b5095ae873f6e24e906ed', 'to': '0xb92ab7c1edcb273aba24b0656ceb3681654805d2', 'contractAddress': '0x0e09fabb73bd3ade0a17ecc321fd13a19e81ce82', 'value': '1610000000000000000000', 'tokenName': 'PancakeSwap Token', 'tokenSymbol': 'Cake', 'tokenDecimal': '18', 'transactionIndex': '87', 'gas': '74495', 'gasPrice': '5000000000', 'gasUsed': '68803', 'cumulativeGasUsed': '11673808', 'input': 'deprecated', 'confirmations': '1312'}
[19:27:49,806][INFO][13284][auction.py:399] ----------------- 0xb92ab7c1edcb273aba24b0656ceb3681654805d2 ---Cake
[19:27:49,806][INFO][13284][auction.py:403] ----------------- 0x58092273a044d6e1d23b5095ae873f6e24e906ed ---Cake -- cake 1610.000000
[19:27:49,806][INFO][13284][auction.py:396] {'blockNumber': '10705763', 'timeStamp': '1631013828', 'hash': '0xfe517c002d195aaf34d15888ef5f561435c69a822733895c2f7cfe516b0cbc34', 'nonce': '2', 'blockHash': '0x5f00d6638e2574f5e426fb3c20e0d97a78ab721e650c19bdb4e03b69f6811788', 'from': '0xcbd932ac66f645a3764733aacd30ce50e522fac1', 'to': '0xb92ab7c1edcb273aba24b0656ceb3681654805d2', 'contractAddress': '0x0e09fabb73bd3ade0a17ecc321fd13a19e81ce82', 'value': '1000000000000000000000', 'tokenName': 'PancakeSwap Token', 'tokenSymbol': 'Cake', 'tokenDecimal': '18', 'transactionIndex': '114', 'gas': '74495', 'gasPrice': '5000000000', 'gasUsed': '68803', 'cumulativeGasUsed': '14686672', 'input': 'deprecated', 'confirmations': '1268'}
[19:27:49,806][INFO][13284][auction.py:399] ----------------- 0xb92ab7c1edcb273aba24b0656ceb3681654805d2 ---Cake
[19:27:49,806][INFO][13284][auction.py:403] ----------------- 0xcbd932ac66f645a3764733aacd30ce50e522fac1 ---Cake -- cake 1000.000000
[19:28:19,981][INFO][13284][auction.py:392] getting all txs from block 10706979
[19:28:21,254][INFO][13284][auction.py:396] {'blockNumber': '10703164', 'timeStamp': '1631005959', 'hash': '0x2c47a0b312a42aef6b2aab02ef728de69c6b4087d04e0f9cde0d2f06af672f74', 'nonce': '151', 'blockHash': '0x3e3fa383c0fa96831def86a43ecb8a9293bc2031a806a9081cf76052129aa9d9', 'from': '0xae126b90d2835c5a2d720b0687ec59f59b768183', 'to': '0xb92ab7c1edcb273aba24b0656ceb3681654805d2', 'contractAddress': '0x0e09fabb73bd3ade0a17ecc321fd13a19e81ce82', 'value': '1000000000000000000000', 'tokenName': 'PancakeSwap Token', 'tokenSymbol': 'Cake', 'tokenDecimal': '18', 'transactionIndex': '81', 'gas': '181596', 'gasPrice': '5000000000', 'gasUsed': '175904', 'cumulativeGasUsed': '9902509', 'input': 'deprecated', 'confirmations': '3882'}
[19:28:21,254][INFO][13284][auction.py:399] ----------------- 0xb92ab7c1edcb273aba24b0656ceb3681654805d2 ---Cake
[19:28:21,254][INFO][13284][auction.py:403] ----------------- 0xae126b90d2835c5a2d720b0687ec59f59b768183 ---Cake -- cake 1000.000000
[19:28:21,254][INFO][13284][auction.py:396] {'blockNumber': '10703538', 'timeStamp': '1631007086', 'hash': '0x04fb7e45c4b68346660313324ae7f5b3169c4afba2938a991fc8f9cbb360bbba', 'nonce': '9', 'blockHash': '0x95697e8986f214f779687815df79e4448a445b70b6e5da4e685f61a341e33bed', 'from': '0x5ed6b80f0e8b1c7fdb783202d4a926bbed2d49ee', 'to': '0xb92ab7c1edcb273aba24b0656ceb3681654805d2', 'contractAddress': '0x0e09fabb73bd3ade0a17ecc321fd13a19e81ce82', 'value': '1010000000000000000000', 'tokenName': 'PancakeSwap Token', 'tokenSymbol': 'Cake', 'tokenDecimal': '18', 'transactionIndex': '161', 'gas': '181596', 'gasPrice': '5000000000', 'gasUsed': '175904', 'cumulativeGasUsed': '23412019', 'input': 'deprecated', 'confirmations': '3508'}
[19:28:21,255][INFO][13284][auction.py:399] ----------------- 0xb92ab7c1edcb273aba24b0656ceb3681654805d2 ---Cake
[19:28:21,255][INFO][13284][auction.py:403] ----------------- 0x5ed6b80f0e8b1c7fdb783202d4a926bbed2d49ee ---Cake -- cake 1010.000000
[19:28:21,255][INFO][13284][auction.py:396] {'blockNumber': '10703574', 'timeStamp': '1631007194', 'hash': '0xde7fb6a7e7881132b09831318bfef574dd39724616e59e8f1065b025ba1cf4e8', 'nonce': '480', 'blockHash': '0xfc43f5d81c20d7d41680ab7c02e3c996d03677aa2ef51e7eca04c596025e865e', 'from': '0xfad3b5feac1aaf86b3f66d105f2fa9607164d86b', 'to': '0xb92ab7c1edcb273aba24b0656ceb3681654805d2', 'contractAddress': '0x0e09fabb73bd3ade0a17ecc321fd13a19e81ce82', 'value': '1020000000000000000000', 'tokenName': 'PancakeSwap Token', 'tokenSymbol': 'Cake', 'tokenDecimal': '18', 'transactionIndex': '88', 'gas': '166596', 'gasPrice': '5000000000', 'gasUsed': '160904', 'cumulativeGasUsed': '16679294', 'input': 'deprecated', 'confirmations': '3472'}
[19:28:21,255][INFO][13284][auction.py:399] ----------------- 0xb92ab7c1edcb273aba24b0656ceb3681654805d2 ---Cake
[19:28:21,255][INFO][13284][auction.py:403] ----------------- 0xfad3b5feac1aaf86b3f66d105f2fa9607164d86b ---Cake -- cake 1020.000000
[19:28:21,255][INFO][13284][auction.py:396] {'blockNumber': '10704298', 'timeStamp': '1631009371', 'hash': '0x9cff86beb07d9f4db1ea9e4dac3475ceab20574aaf4c303dba6e24cbafcf8d7c', 'nonce': '489', 'blockHash': '0x70c9905f3136844f467e3381edaec15bfd0663b90de3b91512a9c40a422d3142', 'from': '0x22d56946c6cc1d4ed09f02858ddb990fcc981c55', 'to': '0xb92ab7c1edcb273aba24b0656ceb3681654805d2', 'contractAddress': '0x0e09fabb73bd3ade0a17ecc321fd13a19e81ce82', 'value': '1000000000000000000000', 'tokenName': 'PancakeSwap Token', 'tokenSymbol': 'Cake', 'tokenDecimal': '18', 'transactionIndex': '137', 'gas': '181596', 'gasPrice': '5000000000', 'gasUsed': '175904', 'cumulativeGasUsed': '18845957', 'input': 'deprecated', 'confirmations': '2748'}
[19:28:21,255][INFO][13284][auction.py:399] ----------------- 0xb92ab7c1edcb273aba24b0656ceb3681654805d2 ---Cake
[19:28:21,255][INFO][13284][auction.py:403] ----------------- 0x22d56946c6cc1d4ed09f02858ddb990fcc981c55 ---Cake -- cake 1000.000000
[19:28:21,255][INFO][13284][auction.py:396] {'blockNumber': '10704454', 'timeStamp': '1631009839', 'hash': '0x78f8dd0ac3075bee01d9e4c3e4bb1ca3c54b9da8b54edbaeee570213289a8a63', 'nonce': '496', 'blockHash': '0x2406984443008fe2dc80c8552016b7ca40de9780aa2db8fb6901931f5d541a7e', 'from': '0x22d56946c6cc1d4ed09f02858ddb990fcc981c55', 'to': '0xb92ab7c1edcb273aba24b0656ceb3681654805d2', 'contractAddress': '0x0e09fabb73bd3ade0a17ecc321fd13a19e81ce82', 'value': '100000000000000000000', 'tokenName': 'PancakeSwap Token', 'tokenSymbol': 'Cake', 'tokenDecimal': '18', 'transactionIndex': '145', 'gas': '74495', 'gasPrice': '5000000000', 'gasUsed': '68803', 'cumulativeGasUsed': '16706719', 'input': 'deprecated', 'confirmations': '2592'}
[19:28:21,255][INFO][13284][auction.py:399] ----------------- 0xb92ab7c1edcb273aba24b0656ceb3681654805d2 ---Cake
[19:28:21,255][INFO][13284][auction.py:403] ----------------- 0x22d56946c6cc1d4ed09f02858ddb990fcc981c55 ---Cake -- cake 100.000000
[19:28:21,255][INFO][13284][auction.py:396] {'blockNumber': '10704970', 'timeStamp': '1631011423', 'hash': '0x245ddcac7b8f31a9464c7c78e1bb92199455500509896b72b4c12b4a219bfd07', 'nonce': '2859', 'blockHash': '0x4b86c8203e2cbad3bade32b24053318fed392d4d4de3e68f32df40c79a2cb5c5', 'from': '0x58092273a044d6e1d23b5095ae873f6e24e906ed', 'to': '0xb92ab7c1edcb273aba24b0656ceb3681654805d2', 'contractAddress': '0x0e09fabb73bd3ade0a17ecc321fd13a19e81ce82', 'value': '1500000000000000000000', 'tokenName': 'PancakeSwap Token', 'tokenSymbol': 'Cake', 'tokenDecimal': '18', 'transactionIndex': '271', 'gas': '166596', 'gasPrice': '5000000000', 'gasUsed': '160904', 'cumulativeGasUsed': '36662181', 'input': 'deprecated', 'confirmations': '2076'}
[19:28:21,255][INFO][13284][auction.py:399] ----------------- 0xb92ab7c1edcb273aba24b0656ceb3681654805d2 ---Cake
[19:28:21,255][INFO][13284][auction.py:403] ----------------- 0x58092273a044d6e1d23b5095ae873f6e24e906ed ---Cake -- cake 1500.000000
[19:28:21,255][INFO][13284][auction.py:396] {'blockNumber': '10705049', 'timeStamp': '1631011660', 'hash': '0x142d128802299275e6b10cb2171fed090b9b649875fbffe5dac0d05421bd0e72', 'nonce': '10', 'blockHash': '0x9ed3270f34bd67e32ff8530a52cb58b7b69f8301ed2cd4ef2ffdd78e816e6fae', 'from': '0x5ed6b80f0e8b1c7fdb783202d4a926bbed2d49ee', 'to': '0xb92ab7c1edcb273aba24b0656ceb3681654805d2', 'contractAddress': '0x0e09fabb73bd3ade0a17ecc321fd13a19e81ce82', 'value': '100000000000000000000', 'tokenName': 'PancakeSwap Token', 'tokenSymbol': 'Cake', 'tokenDecimal': '18', 'transactionIndex': '83', 'gas': '74495', 'gasPrice': '5000000000', 'gasUsed': '68803', 'cumulativeGasUsed': '9552749', 'input': 'deprecated', 'confirmations': '1997'}
[19:28:21,255][INFO][13284][auction.py:399] ----------------- 0xb92ab7c1edcb273aba24b0656ceb3681654805d2 ---Cake
[19:28:21,255][INFO][13284][auction.py:403] ----------------- 0x5ed6b80f0e8b1c7fdb783202d4a926bbed2d49ee ---Cake -- cake 100.000000
[19:28:21,255][INFO][13284][auction.py:396] {'blockNumber': '10705454', 'timeStamp': '1631012899', 'hash': '0x952703eed5aa61378d616c4f7b6c666190835d6a57902f1a64fcf02fca84794c', 'nonce': '1', 'blockHash': '0x2dc24ca2731be3736198e22ac78da303739ce5574660be9642c331e70562bdf5', 'from': '0xcbd932ac66f645a3764733aacd30ce50e522fac1', 'to': '0xb92ab7c1edcb273aba24b0656ceb3681654805d2', 'contractAddress': '0x0e09fabb73bd3ade0a17ecc321fd13a19e81ce82', 'value': '3000000000000000000000', 'tokenName': 'PancakeSwap Token', 'tokenSymbol': 'Cake', 'tokenDecimal': '18', 'transactionIndex': '190', 'gas': '181596', 'gasPrice': '5000000000', 'gasUsed': '175904', 'cumulativeGasUsed': '32889266', 'input': 'deprecated', 'confirmations': '1592'}
[19:28:21,255][INFO][13284][auction.py:399] ----------------- 0xb92ab7c1edcb273aba24b0656ceb3681654805d2 ---Cake
[19:28:21,255][INFO][13284][auction.py:403] ----------------- 0xcbd932ac66f645a3764733aacd30ce50e522fac1 ---Cake -- cake 3000.000000
[19:28:21,255][INFO][13284][auction.py:396] {'blockNumber': '10705719', 'timeStamp': '1631013696', 'hash': '0xc075a75784c45ad0d07454da1d09060ae6b82b98dce47416153438ece8d5e5eb', 'nonce': '2862', 'blockHash': '0x4d486b1d9e530b905d358744054caf756c4a62adcdf2949d20a30edcdd14f55f', 'from': '0x58092273a044d6e1d23b5095ae873f6e24e906ed', 'to': '0xb92ab7c1edcb273aba24b0656ceb3681654805d2', 'contractAddress': '0x0e09fabb73bd3ade0a17ecc321fd13a19e81ce82', 'value': '1610000000000000000000', 'tokenName': 'PancakeSwap Token', 'tokenSymbol': 'Cake', 'tokenDecimal': '18', 'transactionIndex': '87', 'gas': '74495', 'gasPrice': '5000000000', 'gasUsed': '68803', 'cumulativeGasUsed': '11673808', 'input': 'deprecated', 'confirmations': '1327'}
[19:28:21,255][INFO][13284][auction.py:399] ----------------- 0xb92ab7c1edcb273aba24b0656ceb3681654805d2 ---Cake
[19:28:21,255][INFO][13284][auction.py:403] ----------------- 0x58092273a044d6e1d23b5095ae873f6e24e906ed ---Cake -- cake 1610.000000
[19:28:21,255][INFO][13284][auction.py:396] {'blockNumber': '10705763', 'timeStamp': '1631013828', 'hash': '0xfe517c002d195aaf34d15888ef5f561435c69a822733895c2f7cfe516b0cbc34', 'nonce': '2', 'blockHash': '0x5f00d6638e2574f5e426fb3c20e0d97a78ab721e650c19bdb4e03b69f6811788', 'from': '0xcbd932ac66f645a3764733aacd30ce50e522fac1', 'to': '0xb92ab7c1edcb273aba24b0656ceb3681654805d2', 'contractAddress': '0x0e09fabb73bd3ade0a17ecc321fd13a19e81ce82', 'value': '1000000000000000000000', 'tokenName': 'PancakeSwap Token', 'tokenSymbol': 'Cake', 'tokenDecimal': '18', 'transactionIndex': '114', 'gas': '74495', 'gasPrice': '5000000000', 'gasUsed': '68803', 'cumulativeGasUsed': '14686672', 'input': 'deprecated', 'confirmations': '1283'}
[19:28:21,255][INFO][13284][auction.py:399] ----------------- 0xb92ab7c1edcb273aba24b0656ceb3681654805d2 ---Cake
[19:28:21,255][INFO][13284][auction.py:403] ----------------- 0xcbd932ac66f645a3764733aacd30ce50e522fac1 ---Cake -- cake 1000.000000
[19:28:51,373][INFO][13284][auction.py:392] getting all txs from block 10706979
[19:28:52,648][INFO][13284][auction.py:396] {'blockNumber': '10703164', 'timeStamp': '1631005959', 'hash': '0x2c47a0b312a42aef6b2aab02ef728de69c6b4087d04e0f9cde0d2f06af672f74', 'nonce': '151', 'blockHash': '0x3e3fa383c0fa96831def86a43ecb8a9293bc2031a806a9081cf76052129aa9d9', 'from': '0xae126b90d2835c5a2d720b0687ec59f59b768183', 'to': '0xb92ab7c1edcb273aba24b0656ceb3681654805d2', 'contractAddress': '0x0e09fabb73bd3ade0a17ecc321fd13a19e81ce82', 'value': '1000000000000000000000', 'tokenName': 'PancakeSwap Token', 'tokenSymbol': 'Cake', 'tokenDecimal': '18', 'transactionIndex': '81', 'gas': '181596', 'gasPrice': '5000000000', 'gasUsed': '175904', 'cumulativeGasUsed': '9902509', 'input': 'deprecated', 'confirmations': '3891'}
[19:28:52,649][INFO][13284][auction.py:399] ----------------- 0xb92ab7c1edcb273aba24b0656ceb3681654805d2 ---Cake
[19:28:52,649][INFO][13284][auction.py:403] ----------------- 0xae126b90d2835c5a2d720b0687ec59f59b768183 ---Cake -- cake 1000.000000
[19:28:52,649][INFO][13284][auction.py:396] {'blockNumber': '10703538', 'timeStamp': '1631007086', 'hash': '0x04fb7e45c4b68346660313324ae7f5b3169c4afba2938a991fc8f9cbb360bbba', 'nonce': '9', 'blockHash': '0x95697e8986f214f779687815df79e4448a445b70b6e5da4e685f61a341e33bed', 'from': '0x5ed6b80f0e8b1c7fdb783202d4a926bbed2d49ee', 'to': '0xb92ab7c1edcb273aba24b0656ceb3681654805d2', 'contractAddress': '0x0e09fabb73bd3ade0a17ecc321fd13a19e81ce82', 'value': '1010000000000000000000', 'tokenName': 'PancakeSwap Token', 'tokenSymbol': 'Cake', 'tokenDecimal': '18', 'transactionIndex': '161', 'gas': '181596', 'gasPrice': '5000000000', 'gasUsed': '175904', 'cumulativeGasUsed': '23412019', 'input': 'deprecated', 'confirmations': '3517'}
[19:28:52,649][INFO][13284][auction.py:399] ----------------- 0xb92ab7c1edcb273aba24b0656ceb3681654805d2 ---Cake
[19:28:52,650][INFO][13284][auction.py:403] ----------------- 0x5ed6b80f0e8b1c7fdb783202d4a926bbed2d49ee ---Cake -- cake 1010.000000
[19:28:52,650][INFO][13284][auction.py:396] {'blockNumber': '10703574', 'timeStamp': '1631007194', 'hash': '0xde7fb6a7e7881132b09831318bfef574dd39724616e59e8f1065b025ba1cf4e8', 'nonce': '480', 'blockHash': '0xfc43f5d81c20d7d41680ab7c02e3c996d03677aa2ef51e7eca04c596025e865e', 'from': '0xfad3b5feac1aaf86b3f66d105f2fa9607164d86b', 'to': '0xb92ab7c1edcb273aba24b0656ceb3681654805d2', 'contractAddress': '0x0e09fabb73bd3ade0a17ecc321fd13a19e81ce82', 'value': '1020000000000000000000', 'tokenName': 'PancakeSwap Token', 'tokenSymbol': 'Cake', 'tokenDecimal': '18', 'transactionIndex': '88', 'gas': '166596', 'gasPrice': '5000000000', 'gasUsed': '160904', 'cumulativeGasUsed': '16679294', 'input': 'deprecated', 'confirmations': '3481'}
[19:28:52,650][INFO][13284][auction.py:399] ----------------- 0xb92ab7c1edcb273aba24b0656ceb3681654805d2 ---Cake
[19:28:52,650][INFO][13284][auction.py:403] ----------------- 0xfad3b5feac1aaf86b3f66d105f2fa9607164d86b ---Cake -- cake 1020.000000
[19:28:52,650][INFO][13284][auction.py:396] {'blockNumber': '10704298', 'timeStamp': '1631009371', 'hash': '0x9cff86beb07d9f4db1ea9e4dac3475ceab20574aaf4c303dba6e24cbafcf8d7c', 'nonce': '489', 'blockHash': '0x70c9905f3136844f467e3381edaec15bfd0663b90de3b91512a9c40a422d3142', 'from': '0x22d56946c6cc1d4ed09f02858ddb990fcc981c55', 'to': '0xb92ab7c1edcb273aba24b0656ceb3681654805d2', 'contractAddress': '0x0e09fabb73bd3ade0a17ecc321fd13a19e81ce82', 'value': '1000000000000000000000', 'tokenName': 'PancakeSwap Token', 'tokenSymbol': 'Cake', 'tokenDecimal': '18', 'transactionIndex': '137', 'gas': '181596', 'gasPrice': '5000000000', 'gasUsed': '175904', 'cumulativeGasUsed': '18845957', 'input': 'deprecated', 'confirmations': '2757'}
[19:28:52,651][INFO][13284][auction.py:399] ----------------- 0xb92ab7c1edcb273aba24b0656ceb3681654805d2 ---Cake
[19:28:52,651][INFO][13284][auction.py:403] ----------------- 0x22d56946c6cc1d4ed09f02858ddb990fcc981c55 ---Cake -- cake 1000.000000
[19:28:52,651][INFO][13284][auction.py:396] {'blockNumber': '10704454', 'timeStamp': '1631009839', 'hash': '0x78f8dd0ac3075bee01d9e4c3e4bb1ca3c54b9da8b54edbaeee570213289a8a63', 'nonce': '496', 'blockHash': '0x2406984443008fe2dc80c8552016b7ca40de9780aa2db8fb6901931f5d541a7e', 'from': '0x22d56946c6cc1d4ed09f02858ddb990fcc981c55', 'to': '0xb92ab7c1edcb273aba24b0656ceb3681654805d2', 'contractAddress': '0x0e09fabb73bd3ade0a17ecc321fd13a19e81ce82', 'value': '100000000000000000000', 'tokenName': 'PancakeSwap Token', 'tokenSymbol': 'Cake', 'tokenDecimal': '18', 'transactionIndex': '145', 'gas': '74495', 'gasPrice': '5000000000', 'gasUsed': '68803', 'cumulativeGasUsed': '16706719', 'input': 'deprecated', 'confirmations': '2601'}
[19:28:52,651][INFO][13284][auction.py:399] ----------------- 0xb92ab7c1edcb273aba24b0656ceb3681654805d2 ---Cake
[19:28:52,651][INFO][13284][auction.py:403] ----------------- 0x22d56946c6cc1d4ed09f02858ddb990fcc981c55 ---Cake -- cake 100.000000
[19:28:52,651][INFO][13284][auction.py:396] {'blockNumber': '10704970', 'timeStamp': '1631011423', 'hash': '0x245ddcac7b8f31a9464c7c78e1bb92199455500509896b72b4c12b4a219bfd07', 'nonce': '2859', 'blockHash': '0x4b86c8203e2cbad3bade32b24053318fed392d4d4de3e68f32df40c79a2cb5c5', 'from': '0x58092273a044d6e1d23b5095ae873f6e24e906ed', 'to': '0xb92ab7c1edcb273aba24b0656ceb3681654805d2', 'contractAddress': '0x0e09fabb73bd3ade0a17ecc321fd13a19e81ce82', 'value': '1500000000000000000000', 'tokenName': 'PancakeSwap Token', 'tokenSymbol': 'Cake', 'tokenDecimal': '18', 'transactionIndex': '271', 'gas': '166596', 'gasPrice': '5000000000', 'gasUsed': '160904', 'cumulativeGasUsed': '36662181', 'input': 'deprecated', 'confirmations': '2085'}
[19:28:52,652][INFO][13284][auction.py:399] ----------------- 0xb92ab7c1edcb273aba24b0656ceb3681654805d2 ---Cake
[19:28:52,652][INFO][13284][auction.py:403] ----------------- 0x58092273a044d6e1d23b5095ae873f6e24e906ed ---Cake -- cake 1500.000000
[19:28:52,652][INFO][13284][auction.py:396] {'blockNumber': '10705049', 'timeStamp': '1631011660', 'hash': '0x142d128802299275e6b10cb2171fed090b9b649875fbffe5dac0d05421bd0e72', 'nonce': '10', 'blockHash': '0x9ed3270f34bd67e32ff8530a52cb58b7b69f8301ed2cd4ef2ffdd78e816e6fae', 'from': '0x5ed6b80f0e8b1c7fdb783202d4a926bbed2d49ee', 'to': '0xb92ab7c1edcb273aba24b0656ceb3681654805d2', 'contractAddress': '0x0e09fabb73bd3ade0a17ecc321fd13a19e81ce82', 'value': '100000000000000000000', 'tokenName': 'PancakeSwap Token', 'tokenSymbol': 'Cake', 'tokenDecimal': '18', 'transactionIndex': '83', 'gas': '74495', 'gasPrice': '5000000000', 'gasUsed': '68803', 'cumulativeGasUsed': '9552749', 'input': 'deprecated', 'confirmations': '2006'}
[19:28:52,652][INFO][13284][auction.py:399] ----------------- 0xb92ab7c1edcb273aba24b0656ceb3681654805d2 ---Cake
[19:28:52,652][INFO][13284][auction.py:403] ----------------- 0x5ed6b80f0e8b1c7fdb783202d4a926bbed2d49ee ---Cake -- cake 100.000000
[19:28:52,653][INFO][13284][auction.py:396] {'blockNumber': '10705454', 'timeStamp': '1631012899', 'hash': '0x952703eed5aa61378d616c4f7b6c666190835d6a57902f1a64fcf02fca84794c', 'nonce': '1', 'blockHash': '0x2dc24ca2731be3736198e22ac78da303739ce5574660be9642c331e70562bdf5', 'from': '0xcbd932ac66f645a3764733aacd30ce50e522fac1', 'to': '0xb92ab7c1edcb273aba24b0656ceb3681654805d2', 'contractAddress': '0x0e09fabb73bd3ade0a17ecc321fd13a19e81ce82', 'value': '3000000000000000000000', 'tokenName': 'PancakeSwap Token', 'tokenSymbol': 'Cake', 'tokenDecimal': '18', 'transactionIndex': '190', 'gas': '181596', 'gasPrice': '5000000000', 'gasUsed': '175904', 'cumulativeGasUsed': '32889266', 'input': 'deprecated', 'confirmations': '1601'}
[19:28:52,653][INFO][13284][auction.py:399] ----------------- 0xb92ab7c1edcb273aba24b0656ceb3681654805d2 ---Cake
[19:28:52,653][INFO][13284][auction.py:403] ----------------- 0xcbd932ac66f645a3764733aacd30ce50e522fac1 ---Cake -- cake 3000.000000
[19:28:52,653][INFO][13284][auction.py:396] {'blockNumber': '10705719', 'timeStamp': '1631013696', 'hash': '0xc075a75784c45ad0d07454da1d09060ae6b82b98dce47416153438ece8d5e5eb', 'nonce': '2862', 'blockHash': '0x4d486b1d9e530b905d358744054caf756c4a62adcdf2949d20a30edcdd14f55f', 'from': '0x58092273a044d6e1d23b5095ae873f6e24e906ed', 'to': '0xb92ab7c1edcb273aba24b0656ceb3681654805d2', 'contractAddress': '0x0e09fabb73bd3ade0a17ecc321fd13a19e81ce82', 'value': '1610000000000000000000', 'tokenName': 'PancakeSwap Token', 'tokenSymbol': 'Cake', 'tokenDecimal': '18', 'transactionIndex': '87', 'gas': '74495', 'gasPrice': '5000000000', 'gasUsed': '68803', 'cumulativeGasUsed': '11673808', 'input': 'deprecated', 'confirmations': '1336'}
[19:28:52,653][INFO][13284][auction.py:399] ----------------- 0xb92ab7c1edcb273aba24b0656ceb3681654805d2 ---Cake
[19:28:52,653][INFO][13284][auction.py:403] ----------------- 0x58092273a044d6e1d23b5095ae873f6e24e906ed ---Cake -- cake 1610.000000
[19:28:52,654][INFO][13284][auction.py:396] {'blockNumber': '10705763', 'timeStamp': '1631013828', 'hash': '0xfe517c002d195aaf34d15888ef5f561435c69a822733895c2f7cfe516b0cbc34', 'nonce': '2', 'blockHash': '0x5f00d6638e2574f5e426fb3c20e0d97a78ab721e650c19bdb4e03b69f6811788', 'from': '0xcbd932ac66f645a3764733aacd30ce50e522fac1', 'to': '0xb92ab7c1edcb273aba24b0656ceb3681654805d2', 'contractAddress': '0x0e09fabb73bd3ade0a17ecc321fd13a19e81ce82', 'value': '1000000000000000000000', 'tokenName': 'PancakeSwap Token', 'tokenSymbol': 'Cake', 'tokenDecimal': '18', 'transactionIndex': '114', 'gas': '74495', 'gasPrice': '5000000000', 'gasUsed': '68803', 'cumulativeGasUsed': '14686672', 'input': 'deprecated', 'confirmations': '1292'}
[19:28:52,654][INFO][13284][auction.py:399] ----------------- 0xb92ab7c1edcb273aba24b0656ceb3681654805d2 ---Cake
[19:28:52,654][INFO][13284][auction.py:403] ----------------- 0xcbd932ac66f645a3764733aacd30ce50e522fac1 ---Cake -- cake 1000.000000
[19:29:22,808][INFO][13284][auction.py:392] getting all txs from block 10706979
[19:29:26,677][INFO][13284][auction.py:396] {'blockNumber': '10703164', 'timeStamp': '1631005959', 'hash': '0x2c47a0b312a42aef6b2aab02ef728de69c6b4087d04e0f9cde0d2f06af672f74', 'nonce': '151', 'blockHash': '0x3e3fa383c0fa96831def86a43ecb8a9293bc2031a806a9081cf76052129aa9d9', 'from': '0xae126b90d2835c5a2d720b0687ec59f59b768183', 'to': '0xb92ab7c1edcb273aba24b0656ceb3681654805d2', 'contractAddress': '0x0e09fabb73bd3ade0a17ecc321fd13a19e81ce82', 'value': '1000000000000000000000', 'tokenName': 'PancakeSwap Token', 'tokenSymbol': 'Cake', 'tokenDecimal': '18', 'transactionIndex': '81', 'gas': '181596', 'gasPrice': '5000000000', 'gasUsed': '175904', 'cumulativeGasUsed': '9902509', 'input': 'deprecated', 'confirmations': '3900'}
[19:29:26,677][INFO][13284][auction.py:399] ----------------- 0xb92ab7c1edcb273aba24b0656ceb3681654805d2 ---Cake
[19:29:26,677][INFO][13284][auction.py:403] ----------------- 0xae126b90d2835c5a2d720b0687ec59f59b768183 ---Cake -- cake 1000.000000
[19:29:26,677][INFO][13284][auction.py:396] {'blockNumber': '10703538', 'timeStamp': '1631007086', 'hash': '0x04fb7e45c4b68346660313324ae7f5b3169c4afba2938a991fc8f9cbb360bbba', 'nonce': '9', 'blockHash': '0x95697e8986f214f779687815df79e4448a445b70b6e5da4e685f61a341e33bed', 'from': '0x5ed6b80f0e8b1c7fdb783202d4a926bbed2d49ee', 'to': '0xb92ab7c1edcb273aba24b0656ceb3681654805d2', 'contractAddress': '0x0e09fabb73bd3ade0a17ecc321fd13a19e81ce82', 'value': '1010000000000000000000', 'tokenName': 'PancakeSwap Token', 'tokenSymbol': 'Cake', 'tokenDecimal': '18', 'transactionIndex': '161', 'gas': '181596', 'gasPrice': '5000000000', 'gasUsed': '175904', 'cumulativeGasUsed': '23412019', 'input': 'deprecated', 'confirmations': '3526'}
[19:29:26,677][INFO][13284][auction.py:399] ----------------- 0xb92ab7c1edcb273aba24b0656ceb3681654805d2 ---Cake
[19:29:26,677][INFO][13284][auction.py:403] ----------------- 0x5ed6b80f0e8b1c7fdb783202d4a926bbed2d49ee ---Cake -- cake 1010.000000
[19:29:26,677][INFO][13284][auction.py:396] {'blockNumber': '10703574', 'timeStamp': '1631007194', 'hash': '0xde7fb6a7e7881132b09831318bfef574dd39724616e59e8f1065b025ba1cf4e8', 'nonce': '480', 'blockHash': '0xfc43f5d81c20d7d41680ab7c02e3c996d03677aa2ef51e7eca04c596025e865e', 'from': '0xfad3b5feac1aaf86b3f66d105f2fa9607164d86b', 'to': '0xb92ab7c1edcb273aba24b0656ceb3681654805d2', 'contractAddress': '0x0e09fabb73bd3ade0a17ecc321fd13a19e81ce82', 'value': '1020000000000000000000', 'tokenName': 'PancakeSwap Token', 'tokenSymbol': 'Cake', 'tokenDecimal': '18', 'transactionIndex': '88', 'gas': '166596', 'gasPrice': '5000000000', 'gasUsed': '160904', 'cumulativeGasUsed': '16679294', 'input': 'deprecated', 'confirmations': '3490'}
[19:29:26,677][INFO][13284][auction.py:399] ----------------- 0xb92ab7c1edcb273aba24b0656ceb3681654805d2 ---Cake
[19:29:26,677][INFO][13284][auction.py:403] ----------------- 0xfad3b5feac1aaf86b3f66d105f2fa9607164d86b ---Cake -- cake 1020.000000
[19:29:26,677][INFO][13284][auction.py:396] {'blockNumber': '10704298', 'timeStamp': '1631009371', 'hash': '0x9cff86beb07d9f4db1ea9e4dac3475ceab20574aaf4c303dba6e24cbafcf8d7c', 'nonce': '489', 'blockHash': '0x70c9905f3136844f467e3381edaec15bfd0663b90de3b91512a9c40a422d3142', 'from': '0x22d56946c6cc1d4ed09f02858ddb990fcc981c55', 'to': '0xb92ab7c1edcb273aba24b0656ceb3681654805d2', 'contractAddress': '0x0e09fabb73bd3ade0a17ecc321fd13a19e81ce82', 'value': '1000000000000000000000', 'tokenName': 'PancakeSwap Token', 'tokenSymbol': 'Cake', 'tokenDecimal': '18', 'transactionIndex': '137', 'gas': '181596', 'gasPrice': '5000000000', 'gasUsed': '175904', 'cumulativeGasUsed': '18845957', 'input': 'deprecated', 'confirmations': '2766'}
[19:29:26,677][INFO][13284][auction.py:399] ----------------- 0xb92ab7c1edcb273aba24b0656ceb3681654805d2 ---Cake
[19:29:26,677][INFO][13284][auction.py:403] ----------------- 0x22d56946c6cc1d4ed09f02858ddb990fcc981c55 ---Cake -- cake 1000.000000
[19:29:26,677][INFO][13284][auction.py:396] {'blockNumber': '10704454', 'timeStamp': '1631009839', 'hash': '0x78f8dd0ac3075bee01d9e4c3e4bb1ca3c54b9da8b54edbaeee570213289a8a63', 'nonce': '496', 'blockHash': '0x2406984443008fe2dc80c8552016b7ca40de9780aa2db8fb6901931f5d541a7e', 'from': '0x22d56946c6cc1d4ed09f02858ddb990fcc981c55', 'to': '0xb92ab7c1edcb273aba24b0656ceb3681654805d2', 'contractAddress': '0x0e09fabb73bd3ade0a17ecc321fd13a19e81ce82', 'value': '100000000000000000000', 'tokenName': 'PancakeSwap Token', 'tokenSymbol': 'Cake', 'tokenDecimal': '18', 'transactionIndex': '145', 'gas': '74495', 'gasPrice': '5000000000', 'gasUsed': '68803', 'cumulativeGasUsed': '16706719', 'input': 'deprecated', 'confirmations': '2610'}
[19:29:26,677][INFO][13284][auction.py:399] ----------------- 0xb92ab7c1edcb273aba24b0656ceb3681654805d2 ---Cake
[19:29:26,677][INFO][13284][auction.py:403] ----------------- 0x22d56946c6cc1d4ed09f02858ddb990fcc981c55 ---Cake -- cake 100.000000
[19:29:26,677][INFO][13284][auction.py:396] {'blockNumber': '10704970', 'timeStamp': '1631011423', 'hash': '0x245ddcac7b8f31a9464c7c78e1bb92199455500509896b72b4c12b4a219bfd07', 'nonce': '2859', 'blockHash': '0x4b86c8203e2cbad3bade32b24053318fed392d4d4de3e68f32df40c79a2cb5c5', 'from': '0x58092273a044d6e1d23b5095ae873f6e24e906ed', 'to': '0xb92ab7c1edcb273aba24b0656ceb3681654805d2', 'contractAddress': '0x0e09fabb73bd3ade0a17ecc321fd13a19e81ce82', 'value': '1500000000000000000000', 'tokenName': 'PancakeSwap Token', 'tokenSymbol': 'Cake', 'tokenDecimal': '18', 'transactionIndex': '271', 'gas': '166596', 'gasPrice': '5000000000', 'gasUsed': '160904', 'cumulativeGasUsed': '36662181', 'input': 'deprecated', 'confirmations': '2094'}
[19:29:26,678][INFO][13284][auction.py:399] ----------------- 0xb92ab7c1edcb273aba24b0656ceb3681654805d2 ---Cake
[19:29:26,678][INFO][13284][auction.py:403] ----------------- 0x58092273a044d6e1d23b5095ae873f6e24e906ed ---Cake -- cake 1500.000000
[19:29:26,678][INFO][13284][auction.py:396] {'blockNumber': '10705049', 'timeStamp': '1631011660', 'hash': '0x142d128802299275e6b10cb2171fed090b9b649875fbffe5dac0d05421bd0e72', 'nonce': '10', 'blockHash': '0x9ed3270f34bd67e32ff8530a52cb58b7b69f8301ed2cd4ef2ffdd78e816e6fae', 'from': '0x5ed6b80f0e8b1c7fdb783202d4a926bbed2d49ee', 'to': '0xb92ab7c1edcb273aba24b0656ceb3681654805d2', 'contractAddress': '0x0e09fabb73bd3ade0a17ecc321fd13a19e81ce82', 'value': '100000000000000000000', 'tokenName': 'PancakeSwap Token', 'tokenSymbol': 'Cake', 'tokenDecimal': '18', 'transactionIndex': '83', 'gas': '74495', 'gasPrice': '5000000000', 'gasUsed': '68803', 'cumulativeGasUsed': '9552749', 'input': 'deprecated', 'confirmations': '2015'}
[19:29:26,678][INFO][13284][auction.py:399] ----------------- 0xb92ab7c1edcb273aba24b0656ceb3681654805d2 ---Cake
[19:29:26,678][INFO][13284][auction.py:403] ----------------- 0x5ed6b80f0e8b1c7fdb783202d4a926bbed2d49ee ---Cake -- cake 100.000000
[19:29:26,678][INFO][13284][auction.py:396] {'blockNumber': '10705454', 'timeStamp': '1631012899', 'hash': '0x952703eed5aa61378d616c4f7b6c666190835d6a57902f1a64fcf02fca84794c', 'nonce': '1', 'blockHash': '0x2dc24ca2731be3736198e22ac78da303739ce5574660be9642c331e70562bdf5', 'from': '0xcbd932ac66f645a3764733aacd30ce50e522fac1', 'to': '0xb92ab7c1edcb273aba24b0656ceb3681654805d2', 'contractAddress': '0x0e09fabb73bd3ade0a17ecc321fd13a19e81ce82', 'value': '3000000000000000000000', 'tokenName': 'PancakeSwap Token', 'tokenSymbol': 'Cake', 'tokenDecimal': '18', 'transactionIndex': '190', 'gas': '181596', 'gasPrice': '5000000000', 'gasUsed': '175904', 'cumulativeGasUsed': '32889266', 'input': 'deprecated', 'confirmations': '1610'}
[19:29:26,678][INFO][13284][auction.py:399] ----------------- 0xb92ab7c1edcb273aba24b0656ceb3681654805d2 ---Cake
[19:29:26,678][INFO][13284][auction.py:403] ----------------- 0xcbd932ac66f645a3764733aacd30ce50e522fac1 ---Cake -- cake 3000.000000
[19:29:26,678][INFO][13284][auction.py:396] {'blockNumber': '10705719', 'timeStamp': '1631013696', 'hash': '0xc075a75784c45ad0d07454da1d09060ae6b82b98dce47416153438ece8d5e5eb', 'nonce': '2862', 'blockHash': '0x4d486b1d9e530b905d358744054caf756c4a62adcdf2949d20a30edcdd14f55f', 'from': '0x58092273a044d6e1d23b5095ae873f6e24e906ed', 'to': '0xb92ab7c1edcb273aba24b0656ceb3681654805d2', 'contractAddress': '0x0e09fabb73bd3ade0a17ecc321fd13a19e81ce82', 'value': '1610000000000000000000', 'tokenName': 'PancakeSwap Token', 'tokenSymbol': 'Cake', 'tokenDecimal': '18', 'transactionIndex': '87', 'gas': '74495', 'gasPrice': '5000000000', 'gasUsed': '68803', 'cumulativeGasUsed': '11673808', 'input': 'deprecated', 'confirmations': '1345'}
[19:29:26,678][INFO][13284][auction.py:399] ----------------- 0xb92ab7c1edcb273aba24b0656ceb3681654805d2 ---Cake
[19:29:26,678][INFO][13284][auction.py:403] ----------------- 0x58092273a044d6e1d23b5095ae873f6e24e906ed ---Cake -- cake 1610.000000
[19:29:26,678][INFO][13284][auction.py:396] {'blockNumber': '10705763', 'timeStamp': '1631013828', 'hash': '0xfe517c002d195aaf34d15888ef5f561435c69a822733895c2f7cfe516b0cbc34', 'nonce': '2', 'blockHash': '0x5f00d6638e2574f5e426fb3c20e0d97a78ab721e650c19bdb4e03b69f6811788', 'from': '0xcbd932ac66f645a3764733aacd30ce50e522fac1', 'to': '0xb92ab7c1edcb273aba24b0656ceb3681654805d2', 'contractAddress': '0x0e09fabb73bd3ade0a17ecc321fd13a19e81ce82', 'value': '1000000000000000000000', 'tokenName': 'PancakeSwap Token', 'tokenSymbol': 'Cake', 'tokenDecimal': '18', 'transactionIndex': '114', 'gas': '74495', 'gasPrice': '5000000000', 'gasUsed': '68803', 'cumulativeGasUsed': '14686672', 'input': 'deprecated', 'confirmations': '1301'}
[19:29:26,678][INFO][13284][auction.py:399] ----------------- 0xb92ab7c1edcb273aba24b0656ceb3681654805d2 ---Cake
[19:29:26,678][INFO][13284][auction.py:403] ----------------- 0xcbd932ac66f645a3764733aacd30ce50e522fac1 ---Cake -- cake 1000.000000
[19:29:56,680][INFO][13284][auction.py:392] getting all txs from block 10706979
[19:30:00,329][INFO][13284][auction.py:396] {'blockNumber': '10703164', 'timeStamp': '1631005959', 'hash': '0x2c47a0b312a42aef6b2aab02ef728de69c6b4087d04e0f9cde0d2f06af672f74', 'nonce': '151', 'blockHash': '0x3e3fa383c0fa96831def86a43ecb8a9293bc2031a806a9081cf76052129aa9d9', 'from': '0xae126b90d2835c5a2d720b0687ec59f59b768183', 'to': '0xb92ab7c1edcb273aba24b0656ceb3681654805d2', 'contractAddress': '0x0e09fabb73bd3ade0a17ecc321fd13a19e81ce82', 'value': '1000000000000000000000', 'tokenName': 'PancakeSwap Token', 'tokenSymbol': 'Cake', 'tokenDecimal': '18', 'transactionIndex': '81', 'gas': '181596', 'gasPrice': '5000000000', 'gasUsed': '175904', 'cumulativeGasUsed': '9902509', 'input': 'deprecated', 'confirmations': '3913'}
[19:30:00,329][INFO][13284][auction.py:399] ----------------- 0xb92ab7c1edcb273aba24b0656ceb3681654805d2 ---Cake
[19:30:00,329][INFO][13284][auction.py:403] ----------------- 0xae126b90d2835c5a2d720b0687ec59f59b768183 ---Cake -- cake 1000.000000
[19:30:00,329][INFO][13284][auction.py:396] {'blockNumber': '10703538', 'timeStamp': '1631007086', 'hash': '0x04fb7e45c4b68346660313324ae7f5b3169c4afba2938a991fc8f9cbb360bbba', 'nonce': '9', 'blockHash': '0x95697e8986f214f779687815df79e4448a445b70b6e5da4e685f61a341e33bed', 'from': '0x5ed6b80f0e8b1c7fdb783202d4a926bbed2d49ee', 'to': '0xb92ab7c1edcb273aba24b0656ceb3681654805d2', 'contractAddress': '0x0e09fabb73bd3ade0a17ecc321fd13a19e81ce82', 'value': '1010000000000000000000', 'tokenName': 'PancakeSwap Token', 'tokenSymbol': 'Cake', 'tokenDecimal': '18', 'transactionIndex': '161', 'gas': '181596', 'gasPrice': '5000000000', 'gasUsed': '175904', 'cumulativeGasUsed': '23412019', 'input': 'deprecated', 'confirmations': '3539'}
[19:30:00,329][INFO][13284][auction.py:399] ----------------- 0xb92ab7c1edcb273aba24b0656ceb3681654805d2 ---Cake
[19:30:00,329][INFO][13284][auction.py:403] ----------------- 0x5ed6b80f0e8b1c7fdb783202d4a926bbed2d49ee ---Cake -- cake 1010.000000
[19:30:00,329][INFO][13284][auction.py:396] {'blockNumber': '10703574', 'timeStamp': '1631007194', 'hash': '0xde7fb6a7e7881132b09831318bfef574dd39724616e59e8f1065b025ba1cf4e8', 'nonce': '480', 'blockHash': '0xfc43f5d81c20d7d41680ab7c02e3c996d03677aa2ef51e7eca04c596025e865e', 'from': '0xfad3b5feac1aaf86b3f66d105f2fa9607164d86b', 'to': '0xb92ab7c1edcb273aba24b0656ceb3681654805d2', 'contractAddress': '0x0e09fabb73bd3ade0a17ecc321fd13a19e81ce82', 'value': '1020000000000000000000', 'tokenName': 'PancakeSwap Token', 'tokenSymbol': 'Cake', 'tokenDecimal': '18', 'transactionIndex': '88', 'gas': '166596', 'gasPrice': '5000000000', 'gasUsed': '160904', 'cumulativeGasUsed': '16679294', 'input': 'deprecated', 'confirmations': '3503'}
[19:30:00,329][INFO][13284][auction.py:399] ----------------- 0xb92ab7c1edcb273aba24b0656ceb3681654805d2 ---Cake
[19:30:00,329][INFO][13284][auction.py:403] ----------------- 0xfad3b5feac1aaf86b3f66d105f2fa9607164d86b ---Cake -- cake 1020.000000
[19:30:00,329][INFO][13284][auction.py:396] {'blockNumber': '10704298', 'timeStamp': '1631009371', 'hash': '0x9cff86beb07d9f4db1ea9e4dac3475ceab20574aaf4c303dba6e24cbafcf8d7c', 'nonce': '489', 'blockHash': '0x70c9905f3136844f467e3381edaec15bfd0663b90de3b91512a9c40a422d3142', 'from': '0x22d56946c6cc1d4ed09f02858ddb990fcc981c55', 'to': '0xb92ab7c1edcb273aba24b0656ceb3681654805d2', 'contractAddress': '0x0e09fabb73bd3ade0a17ecc321fd13a19e81ce82', 'value': '1000000000000000000000', 'tokenName': 'PancakeSwap Token', 'tokenSymbol': 'Cake', 'tokenDecimal': '18', 'transactionIndex': '137', 'gas': '181596', 'gasPrice': '5000000000', 'gasUsed': '175904', 'cumulativeGasUsed': '18845957', 'input': 'deprecated', 'confirmations': '2779'}
[19:30:00,329][INFO][13284][auction.py:399] ----------------- 0xb92ab7c1edcb273aba24b0656ceb3681654805d2 ---Cake
[19:30:00,329][INFO][13284][auction.py:403] ----------------- 0x22d56946c6cc1d4ed09f02858ddb990fcc981c55 ---Cake -- cake 1000.000000
[19:30:00,329][INFO][13284][auction.py:396] {'blockNumber': '10704454', 'timeStamp': '1631009839', 'hash': '0x78f8dd0ac3075bee01d9e4c3e4bb1ca3c54b9da8b54edbaeee570213289a8a63', 'nonce': '496', 'blockHash': '0x2406984443008fe2dc80c8552016b7ca40de9780aa2db8fb6901931f5d541a7e', 'from': '0x22d56946c6cc1d4ed09f02858ddb990fcc981c55', 'to': '0xb92ab7c1edcb273aba24b0656ceb3681654805d2', 'contractAddress': '0x0e09fabb73bd3ade0a17ecc321fd13a19e81ce82', 'value': '100000000000000000000', 'tokenName': 'PancakeSwap Token', 'tokenSymbol': 'Cake', 'tokenDecimal': '18', 'transactionIndex': '145', 'gas': '74495', 'gasPrice': '5000000000', 'gasUsed': '68803', 'cumulativeGasUsed': '16706719', 'input': 'deprecated', 'confirmations': '2623'}
[19:30:00,329][INFO][13284][auction.py:399] ----------------- 0xb92ab7c1edcb273aba24b0656ceb3681654805d2 ---Cake
[19:30:00,329][INFO][13284][auction.py:403] ----------------- 0x22d56946c6cc1d4ed09f02858ddb990fcc981c55 ---Cake -- cake 100.000000
[19:30:00,329][INFO][13284][auction.py:396] {'blockNumber': '10704970', 'timeStamp': '1631011423', 'hash': '0x245ddcac7b8f31a9464c7c78e1bb92199455500509896b72b4c12b4a219bfd07', 'nonce': '2859', 'blockHash': '0x4b86c8203e2cbad3bade32b24053318fed392d4d4de3e68f32df40c79a2cb5c5', 'from': '0x58092273a044d6e1d23b5095ae873f6e24e906ed', 'to': '0xb92ab7c1edcb273aba24b0656ceb3681654805d2', 'contractAddress': '0x0e09fabb73bd3ade0a17ecc321fd13a19e81ce82', 'value': '1500000000000000000000', 'tokenName': 'PancakeSwap Token', 'tokenSymbol': 'Cake', 'tokenDecimal': '18', 'transactionIndex': '271', 'gas': '166596', 'gasPrice': '5000000000', 'gasUsed': '160904', 'cumulativeGasUsed': '36662181', 'input': 'deprecated', 'confirmations': '2107'}
[19:30:00,329][INFO][13284][auction.py:399] ----------------- 0xb92ab7c1edcb273aba24b0656ceb3681654805d2 ---Cake
[19:30:00,329][INFO][13284][auction.py:403] ----------------- 0x58092273a044d6e1d23b5095ae873f6e24e906ed ---Cake -- cake 1500.000000
[19:30:00,329][INFO][13284][auction.py:396] {'blockNumber': '10705049', 'timeStamp': '1631011660', 'hash': '0x142d128802299275e6b10cb2171fed090b9b649875fbffe5dac0d05421bd0e72', 'nonce': '10', 'blockHash': '0x9ed3270f34bd67e32ff8530a52cb58b7b69f8301ed2cd4ef2ffdd78e816e6fae', 'from': '0x5ed6b80f0e8b1c7fdb783202d4a926bbed2d49ee', 'to': '0xb92ab7c1edcb273aba24b0656ceb3681654805d2', 'contractAddress': '0x0e09fabb73bd3ade0a17ecc321fd13a19e81ce82', 'value': '100000000000000000000', 'tokenName': 'PancakeSwap Token', 'tokenSymbol': 'Cake', 'tokenDecimal': '18', 'transactionIndex': '83', 'gas': '74495', 'gasPrice': '5000000000', 'gasUsed': '68803', 'cumulativeGasUsed': '9552749', 'input': 'deprecated', 'confirmations': '2028'}
[19:30:00,329][INFO][13284][auction.py:399] ----------------- 0xb92ab7c1edcb273aba24b0656ceb3681654805d2 ---Cake
[19:30:00,330][INFO][13284][auction.py:403] ----------------- 0x5ed6b80f0e8b1c7fdb783202d4a926bbed2d49ee ---Cake -- cake 100.000000
[19:30:00,330][INFO][13284][auction.py:396] {'blockNumber': '10705454', 'timeStamp': '1631012899', 'hash': '0x952703eed5aa61378d616c4f7b6c666190835d6a57902f1a64fcf02fca84794c', 'nonce': '1', 'blockHash': '0x2dc24ca2731be3736198e22ac78da303739ce5574660be9642c331e70562bdf5', 'from': '0xcbd932ac66f645a3764733aacd30ce50e522fac1', 'to': '0xb92ab7c1edcb273aba24b0656ceb3681654805d2', 'contractAddress': '0x0e09fabb73bd3ade0a17ecc321fd13a19e81ce82', 'value': '3000000000000000000000', 'tokenName': 'PancakeSwap Token', 'tokenSymbol': 'Cake', 'tokenDecimal': '18', 'transactionIndex': '190', 'gas': '181596', 'gasPrice': '5000000000', 'gasUsed': '175904', 'cumulativeGasUsed': '32889266', 'input': 'deprecated', 'confirmations': '1623'}
[19:30:00,330][INFO][13284][auction.py:399] ----------------- 0xb92ab7c1edcb273aba24b0656ceb3681654805d2 ---Cake
[19:30:00,330][INFO][13284][auction.py:403] ----------------- 0xcbd932ac66f645a3764733aacd30ce50e522fac1 ---Cake -- cake 3000.000000
[19:30:00,330][INFO][13284][auction.py:396] {'blockNumber': '10705719', 'timeStamp': '1631013696', 'hash': '0xc075a75784c45ad0d07454da1d09060ae6b82b98dce47416153438ece8d5e5eb', 'nonce': '2862', 'blockHash': '0x4d486b1d9e530b905d358744054caf756c4a62adcdf2949d20a30edcdd14f55f', 'from': '0x58092273a044d6e1d23b5095ae873f6e24e906ed', 'to': '0xb92ab7c1edcb273aba24b0656ceb3681654805d2', 'contractAddress': '0x0e09fabb73bd3ade0a17ecc321fd13a19e81ce82', 'value': '1610000000000000000000', 'tokenName': 'PancakeSwap Token', 'tokenSymbol': 'Cake', 'tokenDecimal': '18', 'transactionIndex': '87', 'gas': '74495', 'gasPrice': '5000000000', 'gasUsed': '68803', 'cumulativeGasUsed': '11673808', 'input': 'deprecated', 'confirmations': '1358'}
[19:30:00,330][INFO][13284][auction.py:399] ----------------- 0xb92ab7c1edcb273aba24b0656ceb3681654805d2 ---Cake
[19:30:00,330][INFO][13284][auction.py:403] ----------------- 0x58092273a044d6e1d23b5095ae873f6e24e906ed ---Cake -- cake 1610.000000
[19:30:00,330][INFO][13284][auction.py:396] {'blockNumber': '10705763', 'timeStamp': '1631013828', 'hash': '0xfe517c002d195aaf34d15888ef5f561435c69a822733895c2f7cfe516b0cbc34', 'nonce': '2', 'blockHash': '0x5f00d6638e2574f5e426fb3c20e0d97a78ab721e650c19bdb4e03b69f6811788', 'from': '0xcbd932ac66f645a3764733aacd30ce50e522fac1', 'to': '0xb92ab7c1edcb273aba24b0656ceb3681654805d2', 'contractAddress': '0x0e09fabb73bd3ade0a17ecc321fd13a19e81ce82', 'value': '1000000000000000000000', 'tokenName': 'PancakeSwap Token', 'tokenSymbol': 'Cake', 'tokenDecimal': '18', 'transactionIndex': '114', 'gas': '74495', 'gasPrice': '5000000000', 'gasUsed': '68803', 'cumulativeGasUsed': '14686672', 'input': 'deprecated', 'confirmations': '1314'}
[19:30:00,330][INFO][13284][auction.py:399] ----------------- 0xb92ab7c1edcb273aba24b0656ceb3681654805d2 ---Cake
[19:30:00,330][INFO][13284][auction.py:403] ----------------- 0xcbd932ac66f645a3764733aacd30ce50e522fac1 ---Cake -- cake 1000.000000
[19:30:30,539][INFO][13284][auction.py:392] getting all txs from block 10706979
[19:30:32,443][INFO][13284][auction.py:396] {'blockNumber': '10703164', 'timeStamp': '1631005959', 'hash': '0x2c47a0b312a42aef6b2aab02ef728de69c6b4087d04e0f9cde0d2f06af672f74', 'nonce': '151', 'blockHash': '0x3e3fa383c0fa96831def86a43ecb8a9293bc2031a806a9081cf76052129aa9d9', 'from': '0xae126b90d2835c5a2d720b0687ec59f59b768183', 'to': '0xb92ab7c1edcb273aba24b0656ceb3681654805d2', 'contractAddress': '0x0e09fabb73bd3ade0a17ecc321fd13a19e81ce82', 'value': '1000000000000000000000', 'tokenName': 'PancakeSwap Token', 'tokenSymbol': 'Cake', 'tokenDecimal': '18', 'transactionIndex': '81', 'gas': '181596', 'gasPrice': '5000000000', 'gasUsed': '175904', 'cumulativeGasUsed': '9902509', 'input': 'deprecated', 'confirmations': '3925'}
[19:30:32,444][INFO][13284][auction.py:399] ----------------- 0xb92ab7c1edcb273aba24b0656ceb3681654805d2 ---Cake
[19:30:32,444][INFO][13284][auction.py:403] ----------------- 0xae126b90d2835c5a2d720b0687ec59f59b768183 ---Cake -- cake 1000.000000
[19:30:32,444][INFO][13284][auction.py:396] {'blockNumber': '10703538', 'timeStamp': '1631007086', 'hash': '0x04fb7e45c4b68346660313324ae7f5b3169c4afba2938a991fc8f9cbb360bbba', 'nonce': '9', 'blockHash': '0x95697e8986f214f779687815df79e4448a445b70b6e5da4e685f61a341e33bed', 'from': '0x5ed6b80f0e8b1c7fdb783202d4a926bbed2d49ee', 'to': '0xb92ab7c1edcb273aba24b0656ceb3681654805d2', 'contractAddress': '0x0e09fabb73bd3ade0a17ecc321fd13a19e81ce82', 'value': '1010000000000000000000', 'tokenName': 'PancakeSwap Token', 'tokenSymbol': 'Cake', 'tokenDecimal': '18', 'transactionIndex': '161', 'gas': '181596', 'gasPrice': '5000000000', 'gasUsed': '175904', 'cumulativeGasUsed': '23412019', 'input': 'deprecated', 'confirmations': '3551'}
[19:30:32,444][INFO][13284][auction.py:399] ----------------- 0xb92ab7c1edcb273aba24b0656ceb3681654805d2 ---Cake
[19:30:32,444][INFO][13284][auction.py:403] ----------------- 0x5ed6b80f0e8b1c7fdb783202d4a926bbed2d49ee ---Cake -- cake 1010.000000
[19:30:32,444][INFO][13284][auction.py:396] {'blockNumber': '10703574', 'timeStamp': '1631007194', 'hash': '0xde7fb6a7e7881132b09831318bfef574dd39724616e59e8f1065b025ba1cf4e8', 'nonce': '480', 'blockHash': '0xfc43f5d81c20d7d41680ab7c02e3c996d03677aa2ef51e7eca04c596025e865e', 'from': '0xfad3b5feac1aaf86b3f66d105f2fa9607164d86b', 'to': '0xb92ab7c1edcb273aba24b0656ceb3681654805d2', 'contractAddress': '0x0e09fabb73bd3ade0a17ecc321fd13a19e81ce82', 'value': '1020000000000000000000', 'tokenName': 'PancakeSwap Token', 'tokenSymbol': 'Cake', 'tokenDecimal': '18', 'transactionIndex': '88', 'gas': '166596', 'gasPrice': '5000000000', 'gasUsed': '160904', 'cumulativeGasUsed': '16679294', 'input': 'deprecated', 'confirmations': '3515'}
[19:30:32,444][INFO][13284][auction.py:399] ----------------- 0xb92ab7c1edcb273aba24b0656ceb3681654805d2 ---Cake
[19:30:32,444][INFO][13284][auction.py:403] ----------------- 0xfad3b5feac1aaf86b3f66d105f2fa9607164d86b ---Cake -- cake 1020.000000
[19:30:32,444][INFO][13284][auction.py:396] {'blockNumber': '10704298', 'timeStamp': '1631009371', 'hash': '0x9cff86beb07d9f4db1ea9e4dac3475ceab20574aaf4c303dba6e24cbafcf8d7c', 'nonce': '489', 'blockHash': '0x70c9905f3136844f467e3381edaec15bfd0663b90de3b91512a9c40a422d3142', 'from': '0x22d56946c6cc1d4ed09f02858ddb990fcc981c55', 'to': '0xb92ab7c1edcb273aba24b0656ceb3681654805d2', 'contractAddress': '0x0e09fabb73bd3ade0a17ecc321fd13a19e81ce82', 'value': '1000000000000000000000', 'tokenName': 'PancakeSwap Token', 'tokenSymbol': 'Cake', 'tokenDecimal': '18', 'transactionIndex': '137', 'gas': '181596', 'gasPrice': '5000000000', 'gasUsed': '175904', 'cumulativeGasUsed': '18845957', 'input': 'deprecated', 'confirmations': '2791'}
[19:30:32,444][INFO][13284][auction.py:399] ----------------- 0xb92ab7c1edcb273aba24b0656ceb3681654805d2 ---Cake
[19:30:32,444][INFO][13284][auction.py:403] ----------------- 0x22d56946c6cc1d4ed09f02858ddb990fcc981c55 ---Cake -- cake 1000.000000
[19:30:32,444][INFO][13284][auction.py:396] {'blockNumber': '10704454', 'timeStamp': '1631009839', 'hash': '0x78f8dd0ac3075bee01d9e4c3e4bb1ca3c54b9da8b54edbaeee570213289a8a63', 'nonce': '496', 'blockHash': '0x2406984443008fe2dc80c8552016b7ca40de9780aa2db8fb6901931f5d541a7e', 'from': '0x22d56946c6cc1d4ed09f02858ddb990fcc981c55', 'to': '0xb92ab7c1edcb273aba24b0656ceb3681654805d2', 'contractAddress': '0x0e09fabb73bd3ade0a17ecc321fd13a19e81ce82', 'value': '100000000000000000000', 'tokenName': 'PancakeSwap Token', 'tokenSymbol': 'Cake', 'tokenDecimal': '18', 'transactionIndex': '145', 'gas': '74495', 'gasPrice': '5000000000', 'gasUsed': '68803', 'cumulativeGasUsed': '16706719', 'input': 'deprecated', 'confirmations': '2635'}
[19:30:32,444][INFO][13284][auction.py:399] ----------------- 0xb92ab7c1edcb273aba24b0656ceb3681654805d2 ---Cake
[19:30:32,444][INFO][13284][auction.py:403] ----------------- 0x22d56946c6cc1d4ed09f02858ddb990fcc981c55 ---Cake -- cake 100.000000
[19:30:32,444][INFO][13284][auction.py:396] {'blockNumber': '10704970', 'timeStamp': '1631011423', 'hash': '0x245ddcac7b8f31a9464c7c78e1bb92199455500509896b72b4c12b4a219bfd07', 'nonce': '2859', 'blockHash': '0x4b86c8203e2cbad3bade32b24053318fed392d4d4de3e68f32df40c79a2cb5c5', 'from': '0x58092273a044d6e1d23b5095ae873f6e24e906ed', 'to': '0xb92ab7c1edcb273aba24b0656ceb3681654805d2', 'contractAddress': '0x0e09fabb73bd3ade0a17ecc321fd13a19e81ce82', 'value': '1500000000000000000000', 'tokenName': 'PancakeSwap Token', 'tokenSymbol': 'Cake', 'tokenDecimal': '18', 'transactionIndex': '271', 'gas': '166596', 'gasPrice': '5000000000', 'gasUsed': '160904', 'cumulativeGasUsed': '36662181', 'input': 'deprecated', 'confirmations': '2119'}
[19:30:32,444][INFO][13284][auction.py:399] ----------------- 0xb92ab7c1edcb273aba24b0656ceb3681654805d2 ---Cake
[19:30:32,444][INFO][13284][auction.py:403] ----------------- 0x58092273a044d6e1d23b5095ae873f6e24e906ed ---Cake -- cake 1500.000000
[19:30:32,444][INFO][13284][auction.py:396] {'blockNumber': '10705049', 'timeStamp': '1631011660', 'hash': '0x142d128802299275e6b10cb2171fed090b9b649875fbffe5dac0d05421bd0e72', 'nonce': '10', 'blockHash': '0x9ed3270f34bd67e32ff8530a52cb58b7b69f8301ed2cd4ef2ffdd78e816e6fae', 'from': '0x5ed6b80f0e8b1c7fdb783202d4a926bbed2d49ee', 'to': '0xb92ab7c1edcb273aba24b0656ceb3681654805d2', 'contractAddress': '0x0e09fabb73bd3ade0a17ecc321fd13a19e81ce82', 'value': '100000000000000000000', 'tokenName': 'PancakeSwap Token', 'tokenSymbol': 'Cake', 'tokenDecimal': '18', 'transactionIndex': '83', 'gas': '74495', 'gasPrice': '5000000000', 'gasUsed': '68803', 'cumulativeGasUsed': '9552749', 'input': 'deprecated', 'confirmations': '2040'}
[19:30:32,444][INFO][13284][auction.py:399] ----------------- 0xb92ab7c1edcb273aba24b0656ceb3681654805d2 ---Cake
[19:30:32,444][INFO][13284][auction.py:403] ----------------- 0x5ed6b80f0e8b1c7fdb783202d4a926bbed2d49ee ---Cake -- cake 100.000000
[19:30:32,444][INFO][13284][auction.py:396] {'blockNumber': '10705454', 'timeStamp': '1631012899', 'hash': '0x952703eed5aa61378d616c4f7b6c666190835d6a57902f1a64fcf02fca84794c', 'nonce': '1', 'blockHash': '0x2dc24ca2731be3736198e22ac78da303739ce5574660be9642c331e70562bdf5', 'from': '0xcbd932ac66f645a3764733aacd30ce50e522fac1', 'to': '0xb92ab7c1edcb273aba24b0656ceb3681654805d2', 'contractAddress': '0x0e09fabb73bd3ade0a17ecc321fd13a19e81ce82', 'value': '3000000000000000000000', 'tokenName': 'PancakeSwap Token', 'tokenSymbol': 'Cake', 'tokenDecimal': '18', 'transactionIndex': '190', 'gas': '181596', 'gasPrice': '5000000000', 'gasUsed': '175904', 'cumulativeGasUsed': '32889266', 'input': 'deprecated', 'confirmations': '1635'}
[19:30:32,444][INFO][13284][auction.py:399] ----------------- 0xb92ab7c1edcb273aba24b0656ceb3681654805d2 ---Cake
[19:30:32,444][INFO][13284][auction.py:403] ----------------- 0xcbd932ac66f645a3764733aacd30ce50e522fac1 ---Cake -- cake 3000.000000
[19:30:32,444][INFO][13284][auction.py:396] {'blockNumber': '10705719', 'timeStamp': '1631013696', 'hash': '0xc075a75784c45ad0d07454da1d09060ae6b82b98dce47416153438ece8d5e5eb', 'nonce': '2862', 'blockHash': '0x4d486b1d9e530b905d358744054caf756c4a62adcdf2949d20a30edcdd14f55f', 'from': '0x58092273a044d6e1d23b5095ae873f6e24e906ed', 'to': '0xb92ab7c1edcb273aba24b0656ceb3681654805d2', 'contractAddress': '0x0e09fabb73bd3ade0a17ecc321fd13a19e81ce82', 'value': '1610000000000000000000', 'tokenName': 'PancakeSwap Token', 'tokenSymbol': 'Cake', 'tokenDecimal': '18', 'transactionIndex': '87', 'gas': '74495', 'gasPrice': '5000000000', 'gasUsed': '68803', 'cumulativeGasUsed': '11673808', 'input': 'deprecated', 'confirmations': '1370'}
[19:30:32,445][INFO][13284][auction.py:399] ----------------- 0xb92ab7c1edcb273aba24b0656ceb3681654805d2 ---Cake
[19:30:32,445][INFO][13284][auction.py:403] ----------------- 0x58092273a044d6e1d23b5095ae873f6e24e906ed ---Cake -- cake 1610.000000
[19:30:32,445][INFO][13284][auction.py:396] {'blockNumber': '10705763', 'timeStamp': '1631013828', 'hash': '0xfe517c002d195aaf34d15888ef5f561435c69a822733895c2f7cfe516b0cbc34', 'nonce': '2', 'blockHash': '0x5f00d6638e2574f5e426fb3c20e0d97a78ab721e650c19bdb4e03b69f6811788', 'from': '0xcbd932ac66f645a3764733aacd30ce50e522fac1', 'to': '0xb92ab7c1edcb273aba24b0656ceb3681654805d2', 'contractAddress': '0x0e09fabb73bd3ade0a17ecc321fd13a19e81ce82', 'value': '1000000000000000000000', 'tokenName': 'PancakeSwap Token', 'tokenSymbol': 'Cake', 'tokenDecimal': '18', 'transactionIndex': '114', 'gas': '74495', 'gasPrice': '5000000000', 'gasUsed': '68803', 'cumulativeGasUsed': '14686672', 'input': 'deprecated', 'confirmations': '1326'}
[19:30:32,445][INFO][13284][auction.py:399] ----------------- 0xb92ab7c1edcb273aba24b0656ceb3681654805d2 ---Cake
[19:30:32,445][INFO][13284][auction.py:403] ----------------- 0xcbd932ac66f645a3764733aacd30ce50e522fac1 ---Cake -- cake 1000.000000
[19:31:02,477][INFO][13284][auction.py:392] getting all txs from block 10706979
[19:31:07,031][INFO][13284][auction.py:396] {'blockNumber': '10703164', 'timeStamp': '1631005959', 'hash': '0x2c47a0b312a42aef6b2aab02ef728de69c6b4087d04e0f9cde0d2f06af672f74', 'nonce': '151', 'blockHash': '0x3e3fa383c0fa96831def86a43ecb8a9293bc2031a806a9081cf76052129aa9d9', 'from': '0xae126b90d2835c5a2d720b0687ec59f59b768183', 'to': '0xb92ab7c1edcb273aba24b0656ceb3681654805d2', 'contractAddress': '0x0e09fabb73bd3ade0a17ecc321fd13a19e81ce82', 'value': '1000000000000000000000', 'tokenName': 'PancakeSwap Token', 'tokenSymbol': 'Cake', 'tokenDecimal': '18', 'transactionIndex': '81', 'gas': '181596', 'gasPrice': '5000000000', 'gasUsed': '175904', 'cumulativeGasUsed': '9902509', 'input': 'deprecated', 'confirmations': '3936'}
[19:31:07,031][INFO][13284][auction.py:399] ----------------- 0xb92ab7c1edcb273aba24b0656ceb3681654805d2 ---Cake
[19:31:07,031][INFO][13284][auction.py:403] ----------------- 0xae126b90d2835c5a2d720b0687ec59f59b768183 ---Cake -- cake 1000.000000
[19:31:07,031][INFO][13284][auction.py:396] {'blockNumber': '10703538', 'timeStamp': '1631007086', 'hash': '0x04fb7e45c4b68346660313324ae7f5b3169c4afba2938a991fc8f9cbb360bbba', 'nonce': '9', 'blockHash': '0x95697e8986f214f779687815df79e4448a445b70b6e5da4e685f61a341e33bed', 'from': '0x5ed6b80f0e8b1c7fdb783202d4a926bbed2d49ee', 'to': '0xb92ab7c1edcb273aba24b0656ceb3681654805d2', 'contractAddress': '0x0e09fabb73bd3ade0a17ecc321fd13a19e81ce82', 'value': '1010000000000000000000', 'tokenName': 'PancakeSwap Token', 'tokenSymbol': 'Cake', 'tokenDecimal': '18', 'transactionIndex': '161', 'gas': '181596', 'gasPrice': '5000000000', 'gasUsed': '175904', 'cumulativeGasUsed': '23412019', 'input': 'deprecated', 'confirmations': '3562'}
[19:31:07,031][INFO][13284][auction.py:399] ----------------- 0xb92ab7c1edcb273aba24b0656ceb3681654805d2 ---Cake
[19:31:07,031][INFO][13284][auction.py:403] ----------------- 0x5ed6b80f0e8b1c7fdb783202d4a926bbed2d49ee ---Cake -- cake 1010.000000
[19:31:07,031][INFO][13284][auction.py:396] {'blockNumber': '10703574', 'timeStamp': '1631007194', 'hash': '0xde7fb6a7e7881132b09831318bfef574dd39724616e59e8f1065b025ba1cf4e8', 'nonce': '480', 'blockHash': '0xfc43f5d81c20d7d41680ab7c02e3c996d03677aa2ef51e7eca04c596025e865e', 'from': '0xfad3b5feac1aaf86b3f66d105f2fa9607164d86b', 'to': '0xb92ab7c1edcb273aba24b0656ceb3681654805d2', 'contractAddress': '0x0e09fabb73bd3ade0a17ecc321fd13a19e81ce82', 'value': '1020000000000000000000', 'tokenName': 'PancakeSwap Token', 'tokenSymbol': 'Cake', 'tokenDecimal': '18', 'transactionIndex': '88', 'gas': '166596', 'gasPrice': '5000000000', 'gasUsed': '160904', 'cumulativeGasUsed': '16679294', 'input': 'deprecated', 'confirmations': '3526'}
[19:31:07,031][INFO][13284][auction.py:399] ----------------- 0xb92ab7c1edcb273aba24b0656ceb3681654805d2 ---Cake
[19:31:07,031][INFO][13284][auction.py:403] ----------------- 0xfad3b5feac1aaf86b3f66d105f2fa9607164d86b ---Cake -- cake 1020.000000
[19:31:07,031][INFO][13284][auction.py:396] {'blockNumber': '10704298', 'timeStamp': '1631009371', 'hash': '0x9cff86beb07d9f4db1ea9e4dac3475ceab20574aaf4c303dba6e24cbafcf8d7c', 'nonce': '489', 'blockHash': '0x70c9905f3136844f467e3381edaec15bfd0663b90de3b91512a9c40a422d3142', 'from': '0x22d56946c6cc1d4ed09f02858ddb990fcc981c55', 'to': '0xb92ab7c1edcb273aba24b0656ceb3681654805d2', 'contractAddress': '0x0e09fabb73bd3ade0a17ecc321fd13a19e81ce82', 'value': '1000000000000000000000', 'tokenName': 'PancakeSwap Token', 'tokenSymbol': 'Cake', 'tokenDecimal': '18', 'transactionIndex': '137', 'gas': '181596', 'gasPrice': '5000000000', 'gasUsed': '175904', 'cumulativeGasUsed': '18845957', 'input': 'deprecated', 'confirmations': '2802'}
[19:31:07,032][INFO][13284][auction.py:399] ----------------- 0xb92ab7c1edcb273aba24b0656ceb3681654805d2 ---Cake
[19:31:07,032][INFO][13284][auction.py:403] ----------------- 0x22d56946c6cc1d4ed09f02858ddb990fcc981c55 ---Cake -- cake 1000.000000
[19:31:07,032][INFO][13284][auction.py:396] {'blockNumber': '10704454', 'timeStamp': '1631009839', 'hash': '0x78f8dd0ac3075bee01d9e4c3e4bb1ca3c54b9da8b54edbaeee570213289a8a63', 'nonce': '496', 'blockHash': '0x2406984443008fe2dc80c8552016b7ca40de9780aa2db8fb6901931f5d541a7e', 'from': '0x22d56946c6cc1d4ed09f02858ddb990fcc981c55', 'to': '0xb92ab7c1edcb273aba24b0656ceb3681654805d2', 'contractAddress': '0x0e09fabb73bd3ade0a17ecc321fd13a19e81ce82', 'value': '100000000000000000000', 'tokenName': 'PancakeSwap Token', 'tokenSymbol': 'Cake', 'tokenDecimal': '18', 'transactionIndex': '145', 'gas': '74495', 'gasPrice': '5000000000', 'gasUsed': '68803', 'cumulativeGasUsed': '16706719', 'input': 'deprecated', 'confirmations': '2646'}
[19:31:07,032][INFO][13284][auction.py:399] ----------------- 0xb92ab7c1edcb273aba24b0656ceb3681654805d2 ---Cake
[19:31:07,032][INFO][13284][auction.py:403] ----------------- 0x22d56946c6cc1d4ed09f02858ddb990fcc981c55 ---Cake -- cake 100.000000
[19:31:07,032][INFO][13284][auction.py:396] {'blockNumber': '10704970', 'timeStamp': '1631011423', 'hash': '0x245ddcac7b8f31a9464c7c78e1bb92199455500509896b72b4c12b4a219bfd07', 'nonce': '2859', 'blockHash': '0x4b86c8203e2cbad3bade32b24053318fed392d4d4de3e68f32df40c79a2cb5c5', 'from': '0x58092273a044d6e1d23b5095ae873f6e24e906ed', 'to': '0xb92ab7c1edcb273aba24b0656ceb3681654805d2', 'contractAddress': '0x0e09fabb73bd3ade0a17ecc321fd13a19e81ce82', 'value': '1500000000000000000000', 'tokenName': 'PancakeSwap Token', 'tokenSymbol': 'Cake', 'tokenDecimal': '18', 'transactionIndex': '271', 'gas': '166596', 'gasPrice': '5000000000', 'gasUsed': '160904', 'cumulativeGasUsed': '36662181', 'input': 'deprecated', 'confirmations': '2130'}
[19:31:07,032][INFO][13284][auction.py:399] ----------------- 0xb92ab7c1edcb273aba24b0656ceb3681654805d2 ---Cake
[19:31:07,032][INFO][13284][auction.py:403] ----------------- 0x58092273a044d6e1d23b5095ae873f6e24e906ed ---Cake -- cake 1500.000000
[19:31:07,032][INFO][13284][auction.py:396] {'blockNumber': '10705049', 'timeStamp': '1631011660', 'hash': '0x142d128802299275e6b10cb2171fed090b9b649875fbffe5dac0d05421bd0e72', 'nonce': '10', 'blockHash': '0x9ed3270f34bd67e32ff8530a52cb58b7b69f8301ed2cd4ef2ffdd78e816e6fae', 'from': '0x5ed6b80f0e8b1c7fdb783202d4a926bbed2d49ee', 'to': '0xb92ab7c1edcb273aba24b0656ceb3681654805d2', 'contractAddress': '0x0e09fabb73bd3ade0a17ecc321fd13a19e81ce82', 'value': '100000000000000000000', 'tokenName': 'PancakeSwap Token', 'tokenSymbol': 'Cake', 'tokenDecimal': '18', 'transactionIndex': '83', 'gas': '74495', 'gasPrice': '5000000000', 'gasUsed': '68803', 'cumulativeGasUsed': '9552749', 'input': 'deprecated', 'confirmations': '2051'}
[19:31:07,032][INFO][13284][auction.py:399] ----------------- 0xb92ab7c1edcb273aba24b0656ceb3681654805d2 ---Cake
[19:31:07,032][INFO][13284][auction.py:403] ----------------- 0x5ed6b80f0e8b1c7fdb783202d4a926bbed2d49ee ---Cake -- cake 100.000000
[19:31:07,032][INFO][13284][auction.py:396] {'blockNumber': '10705454', 'timeStamp': '1631012899', 'hash': '0x952703eed5aa61378d616c4f7b6c666190835d6a57902f1a64fcf02fca84794c', 'nonce': '1', 'blockHash': '0x2dc24ca2731be3736198e22ac78da303739ce5574660be9642c331e70562bdf5', 'from': '0xcbd932ac66f645a3764733aacd30ce50e522fac1', 'to': '0xb92ab7c1edcb273aba24b0656ceb3681654805d2', 'contractAddress': '0x0e09fabb73bd3ade0a17ecc321fd13a19e81ce82', 'value': '3000000000000000000000', 'tokenName': 'PancakeSwap Token', 'tokenSymbol': 'Cake', 'tokenDecimal': '18', 'transactionIndex': '190', 'gas': '181596', 'gasPrice': '5000000000', 'gasUsed': '175904', 'cumulativeGasUsed': '32889266', 'input': 'deprecated', 'confirmations': '1646'}
[19:31:07,032][INFO][13284][auction.py:399] ----------------- 0xb92ab7c1edcb273aba24b0656ceb3681654805d2 ---Cake
[19:31:07,032][INFO][13284][auction.py:403] ----------------- 0xcbd932ac66f645a3764733aacd30ce50e522fac1 ---Cake -- cake 3000.000000
[19:31:07,032][INFO][13284][auction.py:396] {'blockNumber': '10705719', 'timeStamp': '1631013696', 'hash': '0xc075a75784c45ad0d07454da1d09060ae6b82b98dce47416153438ece8d5e5eb', 'nonce': '2862', 'blockHash': '0x4d486b1d9e530b905d358744054caf756c4a62adcdf2949d20a30edcdd14f55f', 'from': '0x58092273a044d6e1d23b5095ae873f6e24e906ed', 'to': '0xb92ab7c1edcb273aba24b0656ceb3681654805d2', 'contractAddress': '0x0e09fabb73bd3ade0a17ecc321fd13a19e81ce82', 'value': '1610000000000000000000', 'tokenName': 'PancakeSwap Token', 'tokenSymbol': 'Cake', 'tokenDecimal': '18', 'transactionIndex': '87', 'gas': '74495', 'gasPrice': '5000000000', 'gasUsed': '68803', 'cumulativeGasUsed': '11673808', 'input': 'deprecated', 'confirmations': '1381'}
[19:31:07,032][INFO][13284][auction.py:399] ----------------- 0xb92ab7c1edcb273aba24b0656ceb3681654805d2 ---Cake
[19:31:07,032][INFO][13284][auction.py:403] ----------------- 0x58092273a044d6e1d23b5095ae873f6e24e906ed ---Cake -- cake 1610.000000
[19:31:07,032][INFO][13284][auction.py:396] {'blockNumber': '10705763', 'timeStamp': '1631013828', 'hash': '0xfe517c002d195aaf34d15888ef5f561435c69a822733895c2f7cfe516b0cbc34', 'nonce': '2', 'blockHash': '0x5f00d6638e2574f5e426fb3c20e0d97a78ab721e650c19bdb4e03b69f6811788', 'from': '0xcbd932ac66f645a3764733aacd30ce50e522fac1', 'to': '0xb92ab7c1edcb273aba24b0656ceb3681654805d2', 'contractAddress': '0x0e09fabb73bd3ade0a17ecc321fd13a19e81ce82', 'value': '1000000000000000000000', 'tokenName': 'PancakeSwap Token', 'tokenSymbol': 'Cake', 'tokenDecimal': '18', 'transactionIndex': '114', 'gas': '74495', 'gasPrice': '5000000000', 'gasUsed': '68803', 'cumulativeGasUsed': '14686672', 'input': 'deprecated', 'confirmations': '1337'}
[19:31:07,032][INFO][13284][auction.py:399] ----------------- 0xb92ab7c1edcb273aba24b0656ceb3681654805d2 ---Cake
[19:31:07,032][INFO][13284][auction.py:403] ----------------- 0xcbd932ac66f645a3764733aacd30ce50e522fac1 ---Cake -- cake 1000.000000
[19:31:37,175][INFO][13284][auction.py:392] getting all txs from block 10706979
[19:31:38,419][INFO][13284][auction.py:396] {'blockNumber': '10703164', 'timeStamp': '1631005959', 'hash': '0x2c47a0b312a42aef6b2aab02ef728de69c6b4087d04e0f9cde0d2f06af672f74', 'nonce': '151', 'blockHash': '0x3e3fa383c0fa96831def86a43ecb8a9293bc2031a806a9081cf76052129aa9d9', 'from': '0xae126b90d2835c5a2d720b0687ec59f59b768183', 'to': '0xb92ab7c1edcb273aba24b0656ceb3681654805d2', 'contractAddress': '0x0e09fabb73bd3ade0a17ecc321fd13a19e81ce82', 'value': '1000000000000000000000', 'tokenName': 'PancakeSwap Token', 'tokenSymbol': 'Cake', 'tokenDecimal': '18', 'transactionIndex': '81', 'gas': '181596', 'gasPrice': '5000000000', 'gasUsed': '175904', 'cumulativeGasUsed': '9902509', 'input': 'deprecated', 'confirmations': '3947'}
[19:31:38,419][INFO][13284][auction.py:399] ----------------- 0xb92ab7c1edcb273aba24b0656ceb3681654805d2 ---Cake
[19:31:38,419][INFO][13284][auction.py:403] ----------------- 0xae126b90d2835c5a2d720b0687ec59f59b768183 ---Cake -- cake 1000.000000
[19:31:38,420][INFO][13284][auction.py:396] {'blockNumber': '10703538', 'timeStamp': '1631007086', 'hash': '0x04fb7e45c4b68346660313324ae7f5b3169c4afba2938a991fc8f9cbb360bbba', 'nonce': '9', 'blockHash': '0x95697e8986f214f779687815df79e4448a445b70b6e5da4e685f61a341e33bed', 'from': '0x5ed6b80f0e8b1c7fdb783202d4a926bbed2d49ee', 'to': '0xb92ab7c1edcb273aba24b0656ceb3681654805d2', 'contractAddress': '0x0e09fabb73bd3ade0a17ecc321fd13a19e81ce82', 'value': '1010000000000000000000', 'tokenName': 'PancakeSwap Token', 'tokenSymbol': 'Cake', 'tokenDecimal': '18', 'transactionIndex': '161', 'gas': '181596', 'gasPrice': '5000000000', 'gasUsed': '175904', 'cumulativeGasUsed': '23412019', 'input': 'deprecated', 'confirmations': '3573'}
[19:31:38,420][INFO][13284][auction.py:399] ----------------- 0xb92ab7c1edcb273aba24b0656ceb3681654805d2 ---Cake
[19:31:38,420][INFO][13284][auction.py:403] ----------------- 0x5ed6b80f0e8b1c7fdb783202d4a926bbed2d49ee ---Cake -- cake 1010.000000
[19:31:38,420][INFO][13284][auction.py:396] {'blockNumber': '10703574', 'timeStamp': '1631007194', 'hash': '0xde7fb6a7e7881132b09831318bfef574dd39724616e59e8f1065b025ba1cf4e8', 'nonce': '480', 'blockHash': '0xfc43f5d81c20d7d41680ab7c02e3c996d03677aa2ef51e7eca04c596025e865e', 'from': '0xfad3b5feac1aaf86b3f66d105f2fa9607164d86b', 'to': '0xb92ab7c1edcb273aba24b0656ceb3681654805d2', 'contractAddress': '0x0e09fabb73bd3ade0a17ecc321fd13a19e81ce82', 'value': '1020000000000000000000', 'tokenName': 'PancakeSwap Token', 'tokenSymbol': 'Cake', 'tokenDecimal': '18', 'transactionIndex': '88', 'gas': '166596', 'gasPrice': '5000000000', 'gasUsed': '160904', 'cumulativeGasUsed': '16679294', 'input': 'deprecated', 'confirmations': '3537'}
[19:31:38,420][INFO][13284][auction.py:399] ----------------- 0xb92ab7c1edcb273aba24b0656ceb3681654805d2 ---Cake
[19:31:38,420][INFO][13284][auction.py:403] ----------------- 0xfad3b5feac1aaf86b3f66d105f2fa9607164d86b ---Cake -- cake 1020.000000
[19:31:38,420][INFO][13284][auction.py:396] {'blockNumber': '10704298', 'timeStamp': '1631009371', 'hash': '0x9cff86beb07d9f4db1ea9e4dac3475ceab20574aaf4c303dba6e24cbafcf8d7c', 'nonce': '489', 'blockHash': '0x70c9905f3136844f467e3381edaec15bfd0663b90de3b91512a9c40a422d3142', 'from': '0x22d56946c6cc1d4ed09f02858ddb990fcc981c55', 'to': '0xb92ab7c1edcb273aba24b0656ceb3681654805d2', 'contractAddress': '0x0e09fabb73bd3ade0a17ecc321fd13a19e81ce82', 'value': '1000000000000000000000', 'tokenName': 'PancakeSwap Token', 'tokenSymbol': 'Cake', 'tokenDecimal': '18', 'transactionIndex': '137', 'gas': '181596', 'gasPrice': '5000000000', 'gasUsed': '175904', 'cumulativeGasUsed': '18845957', 'input': 'deprecated', 'confirmations': '2813'}
[19:31:38,420][INFO][13284][auction.py:399] ----------------- 0xb92ab7c1edcb273aba24b0656ceb3681654805d2 ---Cake
[19:31:38,420][INFO][13284][auction.py:403] ----------------- 0x22d56946c6cc1d4ed09f02858ddb990fcc981c55 ---Cake -- cake 1000.000000
[19:31:38,420][INFO][13284][auction.py:396] {'blockNumber': '10704454', 'timeStamp': '1631009839', 'hash': '0x78f8dd0ac3075bee01d9e4c3e4bb1ca3c54b9da8b54edbaeee570213289a8a63', 'nonce': '496', 'blockHash': '0x2406984443008fe2dc80c8552016b7ca40de9780aa2db8fb6901931f5d541a7e', 'from': '0x22d56946c6cc1d4ed09f02858ddb990fcc981c55', 'to': '0xb92ab7c1edcb273aba24b0656ceb3681654805d2', 'contractAddress': '0x0e09fabb73bd3ade0a17ecc321fd13a19e81ce82', 'value': '100000000000000000000', 'tokenName': 'PancakeSwap Token', 'tokenSymbol': 'Cake', 'tokenDecimal': '18', 'transactionIndex': '145', 'gas': '74495', 'gasPrice': '5000000000', 'gasUsed': '68803', 'cumulativeGasUsed': '16706719', 'input': 'deprecated', 'confirmations': '2657'}
[19:31:38,421][INFO][13284][auction.py:399] ----------------- 0xb92ab7c1edcb273aba24b0656ceb3681654805d2 ---Cake
[19:31:38,421][INFO][13284][auction.py:403] ----------------- 0x22d56946c6cc1d4ed09f02858ddb990fcc981c55 ---Cake -- cake 100.000000
[19:31:38,421][INFO][13284][auction.py:396] {'blockNumber': '10704970', 'timeStamp': '1631011423', 'hash': '0x245ddcac7b8f31a9464c7c78e1bb92199455500509896b72b4c12b4a219bfd07', 'nonce': '2859', 'blockHash': '0x4b86c8203e2cbad3bade32b24053318fed392d4d4de3e68f32df40c79a2cb5c5', 'from': '0x58092273a044d6e1d23b5095ae873f6e24e906ed', 'to': '0xb92ab7c1edcb273aba24b0656ceb3681654805d2', 'contractAddress': '0x0e09fabb73bd3ade0a17ecc321fd13a19e81ce82', 'value': '1500000000000000000000', 'tokenName': 'PancakeSwap Token', 'tokenSymbol': 'Cake', 'tokenDecimal': '18', 'transactionIndex': '271', 'gas': '166596', 'gasPrice': '5000000000', 'gasUsed': '160904', 'cumulativeGasUsed': '36662181', 'input': 'deprecated', 'confirmations': '2141'}
[19:31:38,421][INFO][13284][auction.py:399] ----------------- 0xb92ab7c1edcb273aba24b0656ceb3681654805d2 ---Cake
[19:31:38,421][INFO][13284][auction.py:403] ----------------- 0x58092273a044d6e1d23b5095ae873f6e24e906ed ---Cake -- cake 1500.000000
[19:31:38,421][INFO][13284][auction.py:396] {'blockNumber': '10705049', 'timeStamp': '1631011660', 'hash': '0x142d128802299275e6b10cb2171fed090b9b649875fbffe5dac0d05421bd0e72', 'nonce': '10', 'blockHash': '0x9ed3270f34bd67e32ff8530a52cb58b7b69f8301ed2cd4ef2ffdd78e816e6fae', 'from': '0x5ed6b80f0e8b1c7fdb783202d4a926bbed2d49ee', 'to': '0xb92ab7c1edcb273aba24b0656ceb3681654805d2', 'contractAddress': '0x0e09fabb73bd3ade0a17ecc321fd13a19e81ce82', 'value': '100000000000000000000', 'tokenName': 'PancakeSwap Token', 'tokenSymbol': 'Cake', 'tokenDecimal': '18', 'transactionIndex': '83', 'gas': '74495', 'gasPrice': '5000000000', 'gasUsed': '68803', 'cumulativeGasUsed': '9552749', 'input': 'deprecated', 'confirmations': '2062'}
[19:31:38,421][INFO][13284][auction.py:399] ----------------- 0xb92ab7c1edcb273aba24b0656ceb3681654805d2 ---Cake
[19:31:38,421][INFO][13284][auction.py:403] ----------------- 0x5ed6b80f0e8b1c7fdb783202d4a926bbed2d49ee ---Cake -- cake 100.000000
[19:31:38,421][INFO][13284][auction.py:396] {'blockNumber': '10705454', 'timeStamp': '1631012899', 'hash': '0x952703eed5aa61378d616c4f7b6c666190835d6a57902f1a64fcf02fca84794c', 'nonce': '1', 'blockHash': '0x2dc24ca2731be3736198e22ac78da303739ce5574660be9642c331e70562bdf5', 'from': '0xcbd932ac66f645a3764733aacd30ce50e522fac1', 'to': '0xb92ab7c1edcb273aba24b0656ceb3681654805d2', 'contractAddress': '0x0e09fabb73bd3ade0a17ecc321fd13a19e81ce82', 'value': '3000000000000000000000', 'tokenName': 'PancakeSwap Token', 'tokenSymbol': 'Cake', 'tokenDecimal': '18', 'transactionIndex': '190', 'gas': '181596', 'gasPrice': '5000000000', 'gasUsed': '175904', 'cumulativeGasUsed': '32889266', 'input': 'deprecated', 'confirmations': '1657'}
[19:31:38,422][INFO][13284][auction.py:399] ----------------- 0xb92ab7c1edcb273aba24b0656ceb3681654805d2 ---Cake
[19:31:38,422][INFO][13284][auction.py:403] ----------------- 0xcbd932ac66f645a3764733aacd30ce50e522fac1 ---Cake -- cake 3000.000000
[19:31:38,422][INFO][13284][auction.py:396] {'blockNumber': '10705719', 'timeStamp': '1631013696', 'hash': '0xc075a75784c45ad0d07454da1d09060ae6b82b98dce47416153438ece8d5e5eb', 'nonce': '2862', 'blockHash': '0x4d486b1d9e530b905d358744054caf756c4a62adcdf2949d20a30edcdd14f55f', 'from': '0x58092273a044d6e1d23b5095ae873f6e24e906ed', 'to': '0xb92ab7c1edcb273aba24b0656ceb3681654805d2', 'contractAddress': '0x0e09fabb73bd3ade0a17ecc321fd13a19e81ce82', 'value': '1610000000000000000000', 'tokenName': 'PancakeSwap Token', 'tokenSymbol': 'Cake', 'tokenDecimal': '18', 'transactionIndex': '87', 'gas': '74495', 'gasPrice': '5000000000', 'gasUsed': '68803', 'cumulativeGasUsed': '11673808', 'input': 'deprecated', 'confirmations': '1392'}
[19:31:38,422][INFO][13284][auction.py:399] ----------------- 0xb92ab7c1edcb273aba24b0656ceb3681654805d2 ---Cake
[19:31:38,422][INFO][13284][auction.py:403] ----------------- 0x58092273a044d6e1d23b5095ae873f6e24e906ed ---Cake -- cake 1610.000000
[19:31:38,422][INFO][13284][auction.py:396] {'blockNumber': '10705763', 'timeStamp': '1631013828', 'hash': '0xfe517c002d195aaf34d15888ef5f561435c69a822733895c2f7cfe516b0cbc34', 'nonce': '2', 'blockHash': '0x5f00d6638e2574f5e426fb3c20e0d97a78ab721e650c19bdb4e03b69f6811788', 'from': '0xcbd932ac66f645a3764733aacd30ce50e522fac1', 'to': '0xb92ab7c1edcb273aba24b0656ceb3681654805d2', 'contractAddress': '0x0e09fabb73bd3ade0a17ecc321fd13a19e81ce82', 'value': '1000000000000000000000', 'tokenName': 'PancakeSwap Token', 'tokenSymbol': 'Cake', 'tokenDecimal': '18', 'transactionIndex': '114', 'gas': '74495', 'gasPrice': '5000000000', 'gasUsed': '68803', 'cumulativeGasUsed': '14686672', 'input': 'deprecated', 'confirmations': '1348'}
[19:31:38,422][INFO][13284][auction.py:399] ----------------- 0xb92ab7c1edcb273aba24b0656ceb3681654805d2 ---Cake
[19:31:38,422][INFO][13284][auction.py:403] ----------------- 0xcbd932ac66f645a3764733aacd30ce50e522fac1 ---Cake -- cake 1000.000000
[19:32:08,551][INFO][13284][auction.py:392] getting all txs from block 10706979
[19:32:10,932][INFO][13284][auction.py:396] {'blockNumber': '10703164', 'timeStamp': '1631005959', 'hash': '0x2c47a0b312a42aef6b2aab02ef728de69c6b4087d04e0f9cde0d2f06af672f74', 'nonce': '151', 'blockHash': '0x3e3fa383c0fa96831def86a43ecb8a9293bc2031a806a9081cf76052129aa9d9', 'from': '0xae126b90d2835c5a2d720b0687ec59f59b768183', 'to': '0xb92ab7c1edcb273aba24b0656ceb3681654805d2', 'contractAddress': '0x0e09fabb73bd3ade0a17ecc321fd13a19e81ce82', 'value': '1000000000000000000000', 'tokenName': 'PancakeSwap Token', 'tokenSymbol': 'Cake', 'tokenDecimal': '18', 'transactionIndex': '81', 'gas': '181596', 'gasPrice': '5000000000', 'gasUsed': '175904', 'cumulativeGasUsed': '9902509', 'input': 'deprecated', 'confirmations': '3957'}
[19:32:10,933][INFO][13284][auction.py:399] ----------------- 0xb92ab7c1edcb273aba24b0656ceb3681654805d2 ---Cake
[19:32:10,933][INFO][13284][auction.py:403] ----------------- 0xae126b90d2835c5a2d720b0687ec59f59b768183 ---Cake -- cake 1000.000000
[19:32:10,933][INFO][13284][auction.py:396] {'blockNumber': '10703538', 'timeStamp': '1631007086', 'hash': '0x04fb7e45c4b68346660313324ae7f5b3169c4afba2938a991fc8f9cbb360bbba', 'nonce': '9', 'blockHash': '0x95697e8986f214f779687815df79e4448a445b70b6e5da4e685f61a341e33bed', 'from': '0x5ed6b80f0e8b1c7fdb783202d4a926bbed2d49ee', 'to': '0xb92ab7c1edcb273aba24b0656ceb3681654805d2', 'contractAddress': '0x0e09fabb73bd3ade0a17ecc321fd13a19e81ce82', 'value': '1010000000000000000000', 'tokenName': 'PancakeSwap Token', 'tokenSymbol': 'Cake', 'tokenDecimal': '18', 'transactionIndex': '161', 'gas': '181596', 'gasPrice': '5000000000', 'gasUsed': '175904', 'cumulativeGasUsed': '23412019', 'input': 'deprecated', 'confirmations': '3583'}
[19:32:10,933][INFO][13284][auction.py:399] ----------------- 0xb92ab7c1edcb273aba24b0656ceb3681654805d2 ---Cake
[19:32:10,933][INFO][13284][auction.py:403] ----------------- 0x5ed6b80f0e8b1c7fdb783202d4a926bbed2d49ee ---Cake -- cake 1010.000000
[19:32:10,933][INFO][13284][auction.py:396] {'blockNumber': '10703574', 'timeStamp': '1631007194', 'hash': '0xde7fb6a7e7881132b09831318bfef574dd39724616e59e8f1065b025ba1cf4e8', 'nonce': '480', 'blockHash': '0xfc43f5d81c20d7d41680ab7c02e3c996d03677aa2ef51e7eca04c596025e865e', 'from': '0xfad3b5feac1aaf86b3f66d105f2fa9607164d86b', 'to': '0xb92ab7c1edcb273aba24b0656ceb3681654805d2', 'contractAddress': '0x0e09fabb73bd3ade0a17ecc321fd13a19e81ce82', 'value': '1020000000000000000000', 'tokenName': 'PancakeSwap Token', 'tokenSymbol': 'Cake', 'tokenDecimal': '18', 'transactionIndex': '88', 'gas': '166596', 'gasPrice': '5000000000', 'gasUsed': '160904', 'cumulativeGasUsed': '16679294', 'input': 'deprecated', 'confirmations': '3547'}
[19:32:10,933][INFO][13284][auction.py:399] ----------------- 0xb92ab7c1edcb273aba24b0656ceb3681654805d2 ---Cake
[19:32:10,933][INFO][13284][auction.py:403] ----------------- 0xfad3b5feac1aaf86b3f66d105f2fa9607164d86b ---Cake -- cake 1020.000000
[19:32:10,934][INFO][13284][auction.py:396] {'blockNumber': '10704298', 'timeStamp': '1631009371', 'hash': '0x9cff86beb07d9f4db1ea9e4dac3475ceab20574aaf4c303dba6e24cbafcf8d7c', 'nonce': '489', 'blockHash': '0x70c9905f3136844f467e3381edaec15bfd0663b90de3b91512a9c40a422d3142', 'from': '0x22d56946c6cc1d4ed09f02858ddb990fcc981c55', 'to': '0xb92ab7c1edcb273aba24b0656ceb3681654805d2', 'contractAddress': '0x0e09fabb73bd3ade0a17ecc321fd13a19e81ce82', 'value': '1000000000000000000000', 'tokenName': 'PancakeSwap Token', 'tokenSymbol': 'Cake', 'tokenDecimal': '18', 'transactionIndex': '137', 'gas': '181596', 'gasPrice': '5000000000', 'gasUsed': '175904', 'cumulativeGasUsed': '18845957', 'input': 'deprecated', 'confirmations': '2823'}
[19:32:10,934][INFO][13284][auction.py:399] ----------------- 0xb92ab7c1edcb273aba24b0656ceb3681654805d2 ---Cake
[19:32:10,934][INFO][13284][auction.py:403] ----------------- 0x22d56946c6cc1d4ed09f02858ddb990fcc981c55 ---Cake -- cake 1000.000000
[19:32:10,934][INFO][13284][auction.py:396] {'blockNumber': '10704454', 'timeStamp': '1631009839', 'hash': '0x78f8dd0ac3075bee01d9e4c3e4bb1ca3c54b9da8b54edbaeee570213289a8a63', 'nonce': '496', 'blockHash': '0x2406984443008fe2dc80c8552016b7ca40de9780aa2db8fb6901931f5d541a7e', 'from': '0x22d56946c6cc1d4ed09f02858ddb990fcc981c55', 'to': '0xb92ab7c1edcb273aba24b0656ceb3681654805d2', 'contractAddress': '0x0e09fabb73bd3ade0a17ecc321fd13a19e81ce82', 'value': '100000000000000000000', 'tokenName': 'PancakeSwap Token', 'tokenSymbol': 'Cake', 'tokenDecimal': '18', 'transactionIndex': '145', 'gas': '74495', 'gasPrice': '5000000000', 'gasUsed': '68803', 'cumulativeGasUsed': '16706719', 'input': 'deprecated', 'confirmations': '2667'}
[19:32:10,934][INFO][13284][auction.py:399] ----------------- 0xb92ab7c1edcb273aba24b0656ceb3681654805d2 ---Cake
[19:32:10,934][INFO][13284][auction.py:403] ----------------- 0x22d56946c6cc1d4ed09f02858ddb990fcc981c55 ---Cake -- cake 100.000000
[19:32:10,934][INFO][13284][auction.py:396] {'blockNumber': '10704970', 'timeStamp': '1631011423', 'hash': '0x245ddcac7b8f31a9464c7c78e1bb92199455500509896b72b4c12b4a219bfd07', 'nonce': '2859', 'blockHash': '0x4b86c8203e2cbad3bade32b24053318fed392d4d4de3e68f32df40c79a2cb5c5', 'from': '0x58092273a044d6e1d23b5095ae873f6e24e906ed', 'to': '0xb92ab7c1edcb273aba24b0656ceb3681654805d2', 'contractAddress': '0x0e09fabb73bd3ade0a17ecc321fd13a19e81ce82', 'value': '1500000000000000000000', 'tokenName': 'PancakeSwap Token', 'tokenSymbol': 'Cake', 'tokenDecimal': '18', 'transactionIndex': '271', 'gas': '166596', 'gasPrice': '5000000000', 'gasUsed': '160904', 'cumulativeGasUsed': '36662181', 'input': 'deprecated', 'confirmations': '2151'}
[19:32:10,934][INFO][13284][auction.py:399] ----------------- 0xb92ab7c1edcb273aba24b0656ceb3681654805d2 ---Cake
[19:32:10,934][INFO][13284][auction.py:403] ----------------- 0x58092273a044d6e1d23b5095ae873f6e24e906ed ---Cake -- cake 1500.000000
[19:32:10,934][INFO][13284][auction.py:396] {'blockNumber': '10705049', 'timeStamp': '1631011660', 'hash': '0x142d128802299275e6b10cb2171fed090b9b649875fbffe5dac0d05421bd0e72', 'nonce': '10', 'blockHash': '0x9ed3270f34bd67e32ff8530a52cb58b7b69f8301ed2cd4ef2ffdd78e816e6fae', 'from': '0x5ed6b80f0e8b1c7fdb783202d4a926bbed2d49ee', 'to': '0xb92ab7c1edcb273aba24b0656ceb3681654805d2', 'contractAddress': '0x0e09fabb73bd3ade0a17ecc321fd13a19e81ce82', 'value': '100000000000000000000', 'tokenName': 'PancakeSwap Token', 'tokenSymbol': 'Cake', 'tokenDecimal': '18', 'transactionIndex': '83', 'gas': '74495', 'gasPrice': '5000000000', 'gasUsed': '68803', 'cumulativeGasUsed': '9552749', 'input': 'deprecated', 'confirmations': '2072'}
[19:32:10,934][INFO][13284][auction.py:399] ----------------- 0xb92ab7c1edcb273aba24b0656ceb3681654805d2 ---Cake
[19:32:10,934][INFO][13284][auction.py:403] ----------------- 0x5ed6b80f0e8b1c7fdb783202d4a926bbed2d49ee ---Cake -- cake 100.000000
[19:32:10,934][INFO][13284][auction.py:396] {'blockNumber': '10705454', 'timeStamp': '1631012899', 'hash': '0x952703eed5aa61378d616c4f7b6c666190835d6a57902f1a64fcf02fca84794c', 'nonce': '1', 'blockHash': '0x2dc24ca2731be3736198e22ac78da303739ce5574660be9642c331e70562bdf5', 'from': '0xcbd932ac66f645a3764733aacd30ce50e522fac1', 'to': '0xb92ab7c1edcb273aba24b0656ceb3681654805d2', 'contractAddress': '0x0e09fabb73bd3ade0a17ecc321fd13a19e81ce82', 'value': '3000000000000000000000', 'tokenName': 'PancakeSwap Token', 'tokenSymbol': 'Cake', 'tokenDecimal': '18', 'transactionIndex': '190', 'gas': '181596', 'gasPrice': '5000000000', 'gasUsed': '175904', 'cumulativeGasUsed': '32889266', 'input': 'deprecated', 'confirmations': '1667'}
[19:32:10,934][INFO][13284][auction.py:399] ----------------- 0xb92ab7c1edcb273aba24b0656ceb3681654805d2 ---Cake
[19:32:10,934][INFO][13284][auction.py:403] ----------------- 0xcbd932ac66f645a3764733aacd30ce50e522fac1 ---Cake -- cake 3000.000000
[19:32:10,934][INFO][13284][auction.py:396] {'blockNumber': '10705719', 'timeStamp': '1631013696', 'hash': '0xc075a75784c45ad0d07454da1d09060ae6b82b98dce47416153438ece8d5e5eb', 'nonce': '2862', 'blockHash': '0x4d486b1d9e530b905d358744054caf756c4a62adcdf2949d20a30edcdd14f55f', 'from': '0x58092273a044d6e1d23b5095ae873f6e24e906ed', 'to': '0xb92ab7c1edcb273aba24b0656ceb3681654805d2', 'contractAddress': '0x0e09fabb73bd3ade0a17ecc321fd13a19e81ce82', 'value': '1610000000000000000000', 'tokenName': 'PancakeSwap Token', 'tokenSymbol': 'Cake', 'tokenDecimal': '18', 'transactionIndex': '87', 'gas': '74495', 'gasPrice': '5000000000', 'gasUsed': '68803', 'cumulativeGasUsed': '11673808', 'input': 'deprecated', 'confirmations': '1402'}
[19:32:10,934][INFO][13284][auction.py:399] ----------------- 0xb92ab7c1edcb273aba24b0656ceb3681654805d2 ---Cake
[19:32:10,934][INFO][13284][auction.py:403] ----------------- 0x58092273a044d6e1d23b5095ae873f6e24e906ed ---Cake -- cake 1610.000000
[19:32:10,934][INFO][13284][auction.py:396] {'blockNumber': '10705763', 'timeStamp': '1631013828', 'hash': '0xfe517c002d195aaf34d15888ef5f561435c69a822733895c2f7cfe516b0cbc34', 'nonce': '2', 'blockHash': '0x5f00d6638e2574f5e426fb3c20e0d97a78ab721e650c19bdb4e03b69f6811788', 'from': '0xcbd932ac66f645a3764733aacd30ce50e522fac1', 'to': '0xb92ab7c1edcb273aba24b0656ceb3681654805d2', 'contractAddress': '0x0e09fabb73bd3ade0a17ecc321fd13a19e81ce82', 'value': '1000000000000000000000', 'tokenName': 'PancakeSwap Token', 'tokenSymbol': 'Cake', 'tokenDecimal': '18', 'transactionIndex': '114', 'gas': '74495', 'gasPrice': '5000000000', 'gasUsed': '68803', 'cumulativeGasUsed': '14686672', 'input': 'deprecated', 'confirmations': '1358'}
[19:32:10,934][INFO][13284][auction.py:399] ----------------- 0xb92ab7c1edcb273aba24b0656ceb3681654805d2 ---Cake
[19:32:10,934][INFO][13284][auction.py:403] ----------------- 0xcbd932ac66f645a3764733aacd30ce50e522fac1 ---Cake -- cake 1000.000000
[19:32:41,025][INFO][13284][auction.py:392] getting all txs from block 10706979
[19:32:42,269][INFO][13284][auction.py:396] {'blockNumber': '10703164', 'timeStamp': '1631005959', 'hash': '0x2c47a0b312a42aef6b2aab02ef728de69c6b4087d04e0f9cde0d2f06af672f74', 'nonce': '151', 'blockHash': '0x3e3fa383c0fa96831def86a43ecb8a9293bc2031a806a9081cf76052129aa9d9', 'from': '0xae126b90d2835c5a2d720b0687ec59f59b768183', 'to': '0xb92ab7c1edcb273aba24b0656ceb3681654805d2', 'contractAddress': '0x0e09fabb73bd3ade0a17ecc321fd13a19e81ce82', 'value': '1000000000000000000000', 'tokenName': 'PancakeSwap Token', 'tokenSymbol': 'Cake', 'tokenDecimal': '18', 'transactionIndex': '81', 'gas': '181596', 'gasPrice': '5000000000', 'gasUsed': '175904', 'cumulativeGasUsed': '9902509', 'input': 'deprecated', 'confirmations': '3968'}
[19:32:42,270][INFO][13284][auction.py:399] ----------------- 0xb92ab7c1edcb273aba24b0656ceb3681654805d2 ---Cake
[19:32:42,270][INFO][13284][auction.py:403] ----------------- 0xae126b90d2835c5a2d720b0687ec59f59b768183 ---Cake -- cake 1000.000000
[19:32:42,270][INFO][13284][auction.py:396] {'blockNumber': '10703538', 'timeStamp': '1631007086', 'hash': '0x04fb7e45c4b68346660313324ae7f5b3169c4afba2938a991fc8f9cbb360bbba', 'nonce': '9', 'blockHash': '0x95697e8986f214f779687815df79e4448a445b70b6e5da4e685f61a341e33bed', 'from': '0x5ed6b80f0e8b1c7fdb783202d4a926bbed2d49ee', 'to': '0xb92ab7c1edcb273aba24b0656ceb3681654805d2', 'contractAddress': '0x0e09fabb73bd3ade0a17ecc321fd13a19e81ce82', 'value': '1010000000000000000000', 'tokenName': 'PancakeSwap Token', 'tokenSymbol': 'Cake', 'tokenDecimal': '18', 'transactionIndex': '161', 'gas': '181596', 'gasPrice': '5000000000', 'gasUsed': '175904', 'cumulativeGasUsed': '23412019', 'input': 'deprecated', 'confirmations': '3594'}
[19:32:42,270][INFO][13284][auction.py:399] ----------------- 0xb92ab7c1edcb273aba24b0656ceb3681654805d2 ---Cake
[19:32:42,270][INFO][13284][auction.py:403] ----------------- 0x5ed6b80f0e8b1c7fdb783202d4a926bbed2d49ee ---Cake -- cake 1010.000000
[19:32:42,271][INFO][13284][auction.py:396] {'blockNumber': '10703574', 'timeStamp': '1631007194', 'hash': '0xde7fb6a7e7881132b09831318bfef574dd39724616e59e8f1065b025ba1cf4e8', 'nonce': '480', 'blockHash': '0xfc43f5d81c20d7d41680ab7c02e3c996d03677aa2ef51e7eca04c596025e865e', 'from': '0xfad3b5feac1aaf86b3f66d105f2fa9607164d86b', 'to': '0xb92ab7c1edcb273aba24b0656ceb3681654805d2', 'contractAddress': '0x0e09fabb73bd3ade0a17ecc321fd13a19e81ce82', 'value': '1020000000000000000000', 'tokenName': 'PancakeSwap Token', 'tokenSymbol': 'Cake', 'tokenDecimal': '18', 'transactionIndex': '88', 'gas': '166596', 'gasPrice': '5000000000', 'gasUsed': '160904', 'cumulativeGasUsed': '16679294', 'input': 'deprecated', 'confirmations': '3558'}
[19:32:42,271][INFO][13284][auction.py:399] ----------------- 0xb92ab7c1edcb273aba24b0656ceb3681654805d2 ---Cake
[19:32:42,271][INFO][13284][auction.py:403] ----------------- 0xfad3b5feac1aaf86b3f66d105f2fa9607164d86b ---Cake -- cake 1020.000000
[19:32:42,271][INFO][13284][auction.py:396] {'blockNumber': '10704298', 'timeStamp': '1631009371', 'hash': '0x9cff86beb07d9f4db1ea9e4dac3475ceab20574aaf4c303dba6e24cbafcf8d7c', 'nonce': '489', 'blockHash': '0x70c9905f3136844f467e3381edaec15bfd0663b90de3b91512a9c40a422d3142', 'from': '0x22d56946c6cc1d4ed09f02858ddb990fcc981c55', 'to': '0xb92ab7c1edcb273aba24b0656ceb3681654805d2', 'contractAddress': '0x0e09fabb73bd3ade0a17ecc321fd13a19e81ce82', 'value': '1000000000000000000000', 'tokenName': 'PancakeSwap Token', 'tokenSymbol': 'Cake', 'tokenDecimal': '18', 'transactionIndex': '137', 'gas': '181596', 'gasPrice': '5000000000', 'gasUsed': '175904', 'cumulativeGasUsed': '18845957', 'input': 'deprecated', 'confirmations': '2834'}
[19:32:42,271][INFO][13284][auction.py:399] ----------------- 0xb92ab7c1edcb273aba24b0656ceb3681654805d2 ---Cake
[19:32:42,271][INFO][13284][auction.py:403] ----------------- 0x22d56946c6cc1d4ed09f02858ddb990fcc981c55 ---Cake -- cake 1000.000000
[19:32:42,272][INFO][13284][auction.py:396] {'blockNumber': '10704454', 'timeStamp': '1631009839', 'hash': '0x78f8dd0ac3075bee01d9e4c3e4bb1ca3c54b9da8b54edbaeee570213289a8a63', 'nonce': '496', 'blockHash': '0x2406984443008fe2dc80c8552016b7ca40de9780aa2db8fb6901931f5d541a7e', 'from': '0x22d56946c6cc1d4ed09f02858ddb990fcc981c55', 'to': '0xb92ab7c1edcb273aba24b0656ceb3681654805d2', 'contractAddress': '0x0e09fabb73bd3ade0a17ecc321fd13a19e81ce82', 'value': '100000000000000000000', 'tokenName': 'PancakeSwap Token', 'tokenSymbol': 'Cake', 'tokenDecimal': '18', 'transactionIndex': '145', 'gas': '74495', 'gasPrice': '5000000000', 'gasUsed': '68803', 'cumulativeGasUsed': '16706719', 'input': 'deprecated', 'confirmations': '2678'}
[19:32:42,272][INFO][13284][auction.py:399] ----------------- 0xb92ab7c1edcb273aba24b0656ceb3681654805d2 ---Cake
[19:32:42,272][INFO][13284][auction.py:403] ----------------- 0x22d56946c6cc1d4ed09f02858ddb990fcc981c55 ---Cake -- cake 100.000000
[19:32:42,272][INFO][13284][auction.py:396] {'blockNumber': '10704970', 'timeStamp': '1631011423', 'hash': '0x245ddcac7b8f31a9464c7c78e1bb92199455500509896b72b4c12b4a219bfd07', 'nonce': '2859', 'blockHash': '0x4b86c8203e2cbad3bade32b24053318fed392d4d4de3e68f32df40c79a2cb5c5', 'from': '0x58092273a044d6e1d23b5095ae873f6e24e906ed', 'to': '0xb92ab7c1edcb273aba24b0656ceb3681654805d2', 'contractAddress': '0x0e09fabb73bd3ade0a17ecc321fd13a19e81ce82', 'value': '1500000000000000000000', 'tokenName': 'PancakeSwap Token', 'tokenSymbol': 'Cake', 'tokenDecimal': '18', 'transactionIndex': '271', 'gas': '166596', 'gasPrice': '5000000000', 'gasUsed': '160904', 'cumulativeGasUsed': '36662181', 'input': 'deprecated', 'confirmations': '2162'}
[19:32:42,272][INFO][13284][auction.py:399] ----------------- 0xb92ab7c1edcb273aba24b0656ceb3681654805d2 ---Cake
[19:32:42,273][INFO][13284][auction.py:403] ----------------- 0x58092273a044d6e1d23b5095ae873f6e24e906ed ---Cake -- cake 1500.000000
[19:32:42,273][INFO][13284][auction.py:396] {'blockNumber': '10705049', 'timeStamp': '1631011660', 'hash': '0x142d128802299275e6b10cb2171fed090b9b649875fbffe5dac0d05421bd0e72', 'nonce': '10', 'blockHash': '0x9ed3270f34bd67e32ff8530a52cb58b7b69f8301ed2cd4ef2ffdd78e816e6fae', 'from': '0x5ed6b80f0e8b1c7fdb783202d4a926bbed2d49ee', 'to': '0xb92ab7c1edcb273aba24b0656ceb3681654805d2', 'contractAddress': '0x0e09fabb73bd3ade0a17ecc321fd13a19e81ce82', 'value': '100000000000000000000', 'tokenName': 'PancakeSwap Token', 'tokenSymbol': 'Cake', 'tokenDecimal': '18', 'transactionIndex': '83', 'gas': '74495', 'gasPrice': '5000000000', 'gasUsed': '68803', 'cumulativeGasUsed': '9552749', 'input': 'deprecated', 'confirmations': '2083'}
[19:32:42,273][INFO][13284][auction.py:399] ----------------- 0xb92ab7c1edcb273aba24b0656ceb3681654805d2 ---Cake
[19:32:42,273][INFO][13284][auction.py:403] ----------------- 0x5ed6b80f0e8b1c7fdb783202d4a926bbed2d49ee ---Cake -- cake 100.000000
[19:32:42,273][INFO][13284][auction.py:396] {'blockNumber': '10705454', 'timeStamp': '1631012899', 'hash': '0x952703eed5aa61378d616c4f7b6c666190835d6a57902f1a64fcf02fca84794c', 'nonce': '1', 'blockHash': '0x2dc24ca2731be3736198e22ac78da303739ce5574660be9642c331e70562bdf5', 'from': '0xcbd932ac66f645a3764733aacd30ce50e522fac1', 'to': '0xb92ab7c1edcb273aba24b0656ceb3681654805d2', 'contractAddress': '0x0e09fabb73bd3ade0a17ecc321fd13a19e81ce82', 'value': '3000000000000000000000', 'tokenName': 'PancakeSwap Token', 'tokenSymbol': 'Cake', 'tokenDecimal': '18', 'transactionIndex': '190', 'gas': '181596', 'gasPrice': '5000000000', 'gasUsed': '175904', 'cumulativeGasUsed': '32889266', 'input': 'deprecated', 'confirmations': '1678'}
[19:32:42,274][INFO][13284][auction.py:399] ----------------- 0xb92ab7c1edcb273aba24b0656ceb3681654805d2 ---Cake
[19:32:42,274][INFO][13284][auction.py:403] ----------------- 0xcbd932ac66f645a3764733aacd30ce50e522fac1 ---Cake -- cake 3000.000000
[19:32:42,274][INFO][13284][auction.py:396] {'blockNumber': '10705719', 'timeStamp': '1631013696', 'hash': '0xc075a75784c45ad0d07454da1d09060ae6b82b98dce47416153438ece8d5e5eb', 'nonce': '2862', 'blockHash': '0x4d486b1d9e530b905d358744054caf756c4a62adcdf2949d20a30edcdd14f55f', 'from': '0x58092273a044d6e1d23b5095ae873f6e24e906ed', 'to': '0xb92ab7c1edcb273aba24b0656ceb3681654805d2', 'contractAddress': '0x0e09fabb73bd3ade0a17ecc321fd13a19e81ce82', 'value': '1610000000000000000000', 'tokenName': 'PancakeSwap Token', 'tokenSymbol': 'Cake', 'tokenDecimal': '18', 'transactionIndex': '87', 'gas': '74495', 'gasPrice': '5000000000', 'gasUsed': '68803', 'cumulativeGasUsed': '11673808', 'input': 'deprecated', 'confirmations': '1413'}
[19:32:42,274][INFO][13284][auction.py:399] ----------------- 0xb92ab7c1edcb273aba24b0656ceb3681654805d2 ---Cake
[19:32:42,274][INFO][13284][auction.py:403] ----------------- 0x58092273a044d6e1d23b5095ae873f6e24e906ed ---Cake -- cake 1610.000000
[19:32:42,274][INFO][13284][auction.py:396] {'blockNumber': '10705763', 'timeStamp': '1631013828', 'hash': '0xfe517c002d195aaf34d15888ef5f561435c69a822733895c2f7cfe516b0cbc34', 'nonce': '2', 'blockHash': '0x5f00d6638e2574f5e426fb3c20e0d97a78ab721e650c19bdb4e03b69f6811788', 'from': '0xcbd932ac66f645a3764733aacd30ce50e522fac1', 'to': '0xb92ab7c1edcb273aba24b0656ceb3681654805d2', 'contractAddress': '0x0e09fabb73bd3ade0a17ecc321fd13a19e81ce82', 'value': '1000000000000000000000', 'tokenName': 'PancakeSwap Token', 'tokenSymbol': 'Cake', 'tokenDecimal': '18', 'transactionIndex': '114', 'gas': '74495', 'gasPrice': '5000000000', 'gasUsed': '68803', 'cumulativeGasUsed': '14686672', 'input': 'deprecated', 'confirmations': '1369'}
[19:32:42,275][INFO][13284][auction.py:399] ----------------- 0xb92ab7c1edcb273aba24b0656ceb3681654805d2 ---Cake
[19:32:42,275][INFO][13284][auction.py:403] ----------------- 0xcbd932ac66f645a3764733aacd30ce50e522fac1 ---Cake -- cake 1000.000000
[19:33:12,402][INFO][13284][auction.py:392] getting all txs from block 10706979
[19:33:27,833][INFO][13284][auction.py:396] {'blockNumber': '10703164', 'timeStamp': '1631005959', 'hash': '0x2c47a0b312a42aef6b2aab02ef728de69c6b4087d04e0f9cde0d2f06af672f74', 'nonce': '151', 'blockHash': '0x3e3fa383c0fa96831def86a43ecb8a9293bc2031a806a9081cf76052129aa9d9', 'from': '0xae126b90d2835c5a2d720b0687ec59f59b768183', 'to': '0xb92ab7c1edcb273aba24b0656ceb3681654805d2', 'contractAddress': '0x0e09fabb73bd3ade0a17ecc321fd13a19e81ce82', 'value': '1000000000000000000000', 'tokenName': 'PancakeSwap Token', 'tokenSymbol': 'Cake', 'tokenDecimal': '18', 'transactionIndex': '81', 'gas': '181596', 'gasPrice': '5000000000', 'gasUsed': '175904', 'cumulativeGasUsed': '9902509', 'input': 'deprecated', 'confirmations': '3983'}
[19:33:27,833][INFO][13284][auction.py:399] ----------------- 0xb92ab7c1edcb273aba24b0656ceb3681654805d2 ---Cake
[19:33:27,833][INFO][13284][auction.py:403] ----------------- 0xae126b90d2835c5a2d720b0687ec59f59b768183 ---Cake -- cake 1000.000000
[19:33:27,833][INFO][13284][auction.py:396] {'blockNumber': '10703538', 'timeStamp': '1631007086', 'hash': '0x04fb7e45c4b68346660313324ae7f5b3169c4afba2938a991fc8f9cbb360bbba', 'nonce': '9', 'blockHash': '0x95697e8986f214f779687815df79e4448a445b70b6e5da4e685f61a341e33bed', 'from': '0x5ed6b80f0e8b1c7fdb783202d4a926bbed2d49ee', 'to': '0xb92ab7c1edcb273aba24b0656ceb3681654805d2', 'contractAddress': '0x0e09fabb73bd3ade0a17ecc321fd13a19e81ce82', 'value': '1010000000000000000000', 'tokenName': 'PancakeSwap Token', 'tokenSymbol': 'Cake', 'tokenDecimal': '18', 'transactionIndex': '161', 'gas': '181596', 'gasPrice': '5000000000', 'gasUsed': '175904', 'cumulativeGasUsed': '23412019', 'input': 'deprecated', 'confirmations': '3609'}
[19:33:27,833][INFO][13284][auction.py:399] ----------------- 0xb92ab7c1edcb273aba24b0656ceb3681654805d2 ---Cake
[19:33:27,833][INFO][13284][auction.py:403] ----------------- 0x5ed6b80f0e8b1c7fdb783202d4a926bbed2d49ee ---Cake -- cake 1010.000000
[19:33:27,833][INFO][13284][auction.py:396] {'blockNumber': '10703574', 'timeStamp': '1631007194', 'hash': '0xde7fb6a7e7881132b09831318bfef574dd39724616e59e8f1065b025ba1cf4e8', 'nonce': '480', 'blockHash': '0xfc43f5d81c20d7d41680ab7c02e3c996d03677aa2ef51e7eca04c596025e865e', 'from': '0xfad3b5feac1aaf86b3f66d105f2fa9607164d86b', 'to': '0xb92ab7c1edcb273aba24b0656ceb3681654805d2', 'contractAddress': '0x0e09fabb73bd3ade0a17ecc321fd13a19e81ce82', 'value': '1020000000000000000000', 'tokenName': 'PancakeSwap Token', 'tokenSymbol': 'Cake', 'tokenDecimal': '18', 'transactionIndex': '88', 'gas': '166596', 'gasPrice': '5000000000', 'gasUsed': '160904', 'cumulativeGasUsed': '16679294', 'input': 'deprecated', 'confirmations': '3573'}
[19:33:27,834][INFO][13284][auction.py:399] ----------------- 0xb92ab7c1edcb273aba24b0656ceb3681654805d2 ---Cake
[19:33:27,834][INFO][13284][auction.py:403] ----------------- 0xfad3b5feac1aaf86b3f66d105f2fa9607164d86b ---Cake -- cake 1020.000000
[19:33:27,834][INFO][13284][auction.py:396] {'blockNumber': '10704298', 'timeStamp': '1631009371', 'hash': '0x9cff86beb07d9f4db1ea9e4dac3475ceab20574aaf4c303dba6e24cbafcf8d7c', 'nonce': '489', 'blockHash': '0x70c9905f3136844f467e3381edaec15bfd0663b90de3b91512a9c40a422d3142', 'from': '0x22d56946c6cc1d4ed09f02858ddb990fcc981c55', 'to': '0xb92ab7c1edcb273aba24b0656ceb3681654805d2', 'contractAddress': '0x0e09fabb73bd3ade0a17ecc321fd13a19e81ce82', 'value': '1000000000000000000000', 'tokenName': 'PancakeSwap Token', 'tokenSymbol': 'Cake', 'tokenDecimal': '18', 'transactionIndex': '137', 'gas': '181596', 'gasPrice': '5000000000', 'gasUsed': '175904', 'cumulativeGasUsed': '18845957', 'input': 'deprecated', 'confirmations': '2849'}
[19:33:27,834][INFO][13284][auction.py:399] ----------------- 0xb92ab7c1edcb273aba24b0656ceb3681654805d2 ---Cake
[19:33:27,834][INFO][13284][auction.py:403] ----------------- 0x22d56946c6cc1d4ed09f02858ddb990fcc981c55 ---Cake -- cake 1000.000000
[19:33:27,834][INFO][13284][auction.py:396] {'blockNumber': '10704454', 'timeStamp': '1631009839', 'hash': '0x78f8dd0ac3075bee01d9e4c3e4bb1ca3c54b9da8b54edbaeee570213289a8a63', 'nonce': '496', 'blockHash': '0x2406984443008fe2dc80c8552016b7ca40de9780aa2db8fb6901931f5d541a7e', 'from': '0x22d56946c6cc1d4ed09f02858ddb990fcc981c55', 'to': '0xb92ab7c1edcb273aba24b0656ceb3681654805d2', 'contractAddress': '0x0e09fabb73bd3ade0a17ecc321fd13a19e81ce82', 'value': '100000000000000000000', 'tokenName': 'PancakeSwap Token', 'tokenSymbol': 'Cake', 'tokenDecimal': '18', 'transactionIndex': '145', 'gas': '74495', 'gasPrice': '5000000000', 'gasUsed': '68803', 'cumulativeGasUsed': '16706719', 'input': 'deprecated', 'confirmations': '2693'}
[19:33:27,834][INFO][13284][auction.py:399] ----------------- 0xb92ab7c1edcb273aba24b0656ceb3681654805d2 ---Cake
[19:33:27,834][INFO][13284][auction.py:403] ----------------- 0x22d56946c6cc1d4ed09f02858ddb990fcc981c55 ---Cake -- cake 100.000000
[19:33:27,834][INFO][13284][auction.py:396] {'blockNumber': '10704970', 'timeStamp': '1631011423', 'hash': '0x245ddcac7b8f31a9464c7c78e1bb92199455500509896b72b4c12b4a219bfd07', 'nonce': '2859', 'blockHash': '0x4b86c8203e2cbad3bade32b24053318fed392d4d4de3e68f32df40c79a2cb5c5', 'from': '0x58092273a044d6e1d23b5095ae873f6e24e906ed', 'to': '0xb92ab7c1edcb273aba24b0656ceb3681654805d2', 'contractAddress': '0x0e09fabb73bd3ade0a17ecc321fd13a19e81ce82', 'value': '1500000000000000000000', 'tokenName': 'PancakeSwap Token', 'tokenSymbol': 'Cake', 'tokenDecimal': '18', 'transactionIndex': '271', 'gas': '166596', 'gasPrice': '5000000000', 'gasUsed': '160904', 'cumulativeGasUsed': '36662181', 'input': 'deprecated', 'confirmations': '2177'}
[19:33:27,834][INFO][13284][auction.py:399] ----------------- 0xb92ab7c1edcb273aba24b0656ceb3681654805d2 ---Cake
[19:33:27,834][INFO][13284][auction.py:403] ----------------- 0x58092273a044d6e1d23b5095ae873f6e24e906ed ---Cake -- cake 1500.000000
[19:33:27,834][INFO][13284][auction.py:396] {'blockNumber': '10705049', 'timeStamp': '1631011660', 'hash': '0x142d128802299275e6b10cb2171fed090b9b649875fbffe5dac0d05421bd0e72', 'nonce': '10', 'blockHash': '0x9ed3270f34bd67e32ff8530a52cb58b7b69f8301ed2cd4ef2ffdd78e816e6fae', 'from': '0x5ed6b80f0e8b1c7fdb783202d4a926bbed2d49ee', 'to': '0xb92ab7c1edcb273aba24b0656ceb3681654805d2', 'contractAddress': '0x0e09fabb73bd3ade0a17ecc321fd13a19e81ce82', 'value': '100000000000000000000', 'tokenName': 'PancakeSwap Token', 'tokenSymbol': 'Cake', 'tokenDecimal': '18', 'transactionIndex': '83', 'gas': '74495', 'gasPrice': '5000000000', 'gasUsed': '68803', 'cumulativeGasUsed': '9552749', 'input': 'deprecated', 'confirmations': '2098'}
[19:33:27,834][INFO][13284][auction.py:399] ----------------- 0xb92ab7c1edcb273aba24b0656ceb3681654805d2 ---Cake
[19:33:27,834][INFO][13284][auction.py:403] ----------------- 0x5ed6b80f0e8b1c7fdb783202d4a926bbed2d49ee ---Cake -- cake 100.000000
[19:33:27,834][INFO][13284][auction.py:396] {'blockNumber': '10705454', 'timeStamp': '1631012899', 'hash': '0x952703eed5aa61378d616c4f7b6c666190835d6a57902f1a64fcf02fca84794c', 'nonce': '1', 'blockHash': '0x2dc24ca2731be3736198e22ac78da303739ce5574660be9642c331e70562bdf5', 'from': '0xcbd932ac66f645a3764733aacd30ce50e522fac1', 'to': '0xb92ab7c1edcb273aba24b0656ceb3681654805d2', 'contractAddress': '0x0e09fabb73bd3ade0a17ecc321fd13a19e81ce82', 'value': '3000000000000000000000', 'tokenName': 'PancakeSwap Token', 'tokenSymbol': 'Cake', 'tokenDecimal': '18', 'transactionIndex': '190', 'gas': '181596', 'gasPrice': '5000000000', 'gasUsed': '175904', 'cumulativeGasUsed': '32889266', 'input': 'deprecated', 'confirmations': '1693'}
[19:33:27,834][INFO][13284][auction.py:399] ----------------- 0xb92ab7c1edcb273aba24b0656ceb3681654805d2 ---Cake
[19:33:27,834][INFO][13284][auction.py:403] ----------------- 0xcbd932ac66f645a3764733aacd30ce50e522fac1 ---Cake -- cake 3000.000000
[19:33:27,834][INFO][13284][auction.py:396] {'blockNumber': '10705719', 'timeStamp': '1631013696', 'hash': '0xc075a75784c45ad0d07454da1d09060ae6b82b98dce47416153438ece8d5e5eb', 'nonce': '2862', 'blockHash': '0x4d486b1d9e530b905d358744054caf756c4a62adcdf2949d20a30edcdd14f55f', 'from': '0x58092273a044d6e1d23b5095ae873f6e24e906ed', 'to': '0xb92ab7c1edcb273aba24b0656ceb3681654805d2', 'contractAddress': '0x0e09fabb73bd3ade0a17ecc321fd13a19e81ce82', 'value': '1610000000000000000000', 'tokenName': 'PancakeSwap Token', 'tokenSymbol': 'Cake', 'tokenDecimal': '18', 'transactionIndex': '87', 'gas': '74495', 'gasPrice': '5000000000', 'gasUsed': '68803', 'cumulativeGasUsed': '11673808', 'input': 'deprecated', 'confirmations': '1428'}
[19:33:27,834][INFO][13284][auction.py:399] ----------------- 0xb92ab7c1edcb273aba24b0656ceb3681654805d2 ---Cake
[19:33:27,834][INFO][13284][auction.py:403] ----------------- 0x58092273a044d6e1d23b5095ae873f6e24e906ed ---Cake -- cake 1610.000000
[19:33:27,834][INFO][13284][auction.py:396] {'blockNumber': '10705763', 'timeStamp': '1631013828', 'hash': '0xfe517c002d195aaf34d15888ef5f561435c69a822733895c2f7cfe516b0cbc34', 'nonce': '2', 'blockHash': '0x5f00d6638e2574f5e426fb3c20e0d97a78ab721e650c19bdb4e03b69f6811788', 'from': '0xcbd932ac66f645a3764733aacd30ce50e522fac1', 'to': '0xb92ab7c1edcb273aba24b0656ceb3681654805d2', 'contractAddress': '0x0e09fabb73bd3ade0a17ecc321fd13a19e81ce82', 'value': '1000000000000000000000', 'tokenName': 'PancakeSwap Token', 'tokenSymbol': 'Cake', 'tokenDecimal': '18', 'transactionIndex': '114', 'gas': '74495', 'gasPrice': '5000000000', 'gasUsed': '68803', 'cumulativeGasUsed': '14686672', 'input': 'deprecated', 'confirmations': '1384'}
[19:33:27,834][INFO][13284][auction.py:399] ----------------- 0xb92ab7c1edcb273aba24b0656ceb3681654805d2 ---Cake
[19:33:27,834][INFO][13284][auction.py:403] ----------------- 0xcbd932ac66f645a3764733aacd30ce50e522fac1 ---Cake -- cake 1000.000000
[19:33:58,019][INFO][13284][auction.py:392] getting all txs from block 10706979
[19:33:59,285][INFO][13284][auction.py:396] {'blockNumber': '10703164', 'timeStamp': '1631005959', 'hash': '0x2c47a0b312a42aef6b2aab02ef728de69c6b4087d04e0f9cde0d2f06af672f74', 'nonce': '151', 'blockHash': '0x3e3fa383c0fa96831def86a43ecb8a9293bc2031a806a9081cf76052129aa9d9', 'from': '0xae126b90d2835c5a2d720b0687ec59f59b768183', 'to': '0xb92ab7c1edcb273aba24b0656ceb3681654805d2', 'contractAddress': '0x0e09fabb73bd3ade0a17ecc321fd13a19e81ce82', 'value': '1000000000000000000000', 'tokenName': 'PancakeSwap Token', 'tokenSymbol': 'Cake', 'tokenDecimal': '18', 'transactionIndex': '81', 'gas': '181596', 'gasPrice': '5000000000', 'gasUsed': '175904', 'cumulativeGasUsed': '9902509', 'input': 'deprecated', 'confirmations': '3993'}
[19:33:59,286][INFO][13284][auction.py:399] ----------------- 0xb92ab7c1edcb273aba24b0656ceb3681654805d2 ---Cake
[19:33:59,286][INFO][13284][auction.py:403] ----------------- 0xae126b90d2835c5a2d720b0687ec59f59b768183 ---Cake -- cake 1000.000000
[19:33:59,286][INFO][13284][auction.py:396] {'blockNumber': '10703538', 'timeStamp': '1631007086', 'hash': '0x04fb7e45c4b68346660313324ae7f5b3169c4afba2938a991fc8f9cbb360bbba', 'nonce': '9', 'blockHash': '0x95697e8986f214f779687815df79e4448a445b70b6e5da4e685f61a341e33bed', 'from': '0x5ed6b80f0e8b1c7fdb783202d4a926bbed2d49ee', 'to': '0xb92ab7c1edcb273aba24b0656ceb3681654805d2', 'contractAddress': '0x0e09fabb73bd3ade0a17ecc321fd13a19e81ce82', 'value': '1010000000000000000000', 'tokenName': 'PancakeSwap Token', 'tokenSymbol': 'Cake', 'tokenDecimal': '18', 'transactionIndex': '161', 'gas': '181596', 'gasPrice': '5000000000', 'gasUsed': '175904', 'cumulativeGasUsed': '23412019', 'input': 'deprecated', 'confirmations': '3619'}
[19:33:59,287][INFO][13284][auction.py:399] ----------------- 0xb92ab7c1edcb273aba24b0656ceb3681654805d2 ---Cake
[19:33:59,287][INFO][13284][auction.py:403] ----------------- 0x5ed6b80f0e8b1c7fdb783202d4a926bbed2d49ee ---Cake -- cake 1010.000000
[19:33:59,287][INFO][13284][auction.py:396] {'blockNumber': '10703574', 'timeStamp': '1631007194', 'hash': '0xde7fb6a7e7881132b09831318bfef574dd39724616e59e8f1065b025ba1cf4e8', 'nonce': '480', 'blockHash': '0xfc43f5d81c20d7d41680ab7c02e3c996d03677aa2ef51e7eca04c596025e865e', 'from': '0xfad3b5feac1aaf86b3f66d105f2fa9607164d86b', 'to': '0xb92ab7c1edcb273aba24b0656ceb3681654805d2', 'contractAddress': '0x0e09fabb73bd3ade0a17ecc321fd13a19e81ce82', 'value': '1020000000000000000000', 'tokenName': 'PancakeSwap Token', 'tokenSymbol': 'Cake', 'tokenDecimal': '18', 'transactionIndex': '88', 'gas': '166596', 'gasPrice': '5000000000', 'gasUsed': '160904', 'cumulativeGasUsed': '16679294', 'input': 'deprecated', 'confirmations': '3583'}
[19:33:59,287][INFO][13284][auction.py:399] ----------------- 0xb92ab7c1edcb273aba24b0656ceb3681654805d2 ---Cake
[19:33:59,287][INFO][13284][auction.py:403] ----------------- 0xfad3b5feac1aaf86b3f66d105f2fa9607164d86b ---Cake -- cake 1020.000000
[19:33:59,288][INFO][13284][auction.py:396] {'blockNumber': '10704298', 'timeStamp': '1631009371', 'hash': '0x9cff86beb07d9f4db1ea9e4dac3475ceab20574aaf4c303dba6e24cbafcf8d7c', 'nonce': '489', 'blockHash': '0x70c9905f3136844f467e3381edaec15bfd0663b90de3b91512a9c40a422d3142', 'from': '0x22d56946c6cc1d4ed09f02858ddb990fcc981c55', 'to': '0xb92ab7c1edcb273aba24b0656ceb3681654805d2', 'contractAddress': '0x0e09fabb73bd3ade0a17ecc321fd13a19e81ce82', 'value': '1000000000000000000000', 'tokenName': 'PancakeSwap Token', 'tokenSymbol': 'Cake', 'tokenDecimal': '18', 'transactionIndex': '137', 'gas': '181596', 'gasPrice': '5000000000', 'gasUsed': '175904', 'cumulativeGasUsed': '18845957', 'input': 'deprecated', 'confirmations': '2859'}
[19:33:59,288][INFO][13284][auction.py:399] ----------------- 0xb92ab7c1edcb273aba24b0656ceb3681654805d2 ---Cake
[19:33:59,288][INFO][13284][auction.py:403] ----------------- 0x22d56946c6cc1d4ed09f02858ddb990fcc981c55 ---Cake -- cake 1000.000000
[19:33:59,288][INFO][13284][auction.py:396] {'blockNumber': '10704454', 'timeStamp': '1631009839', 'hash': '0x78f8dd0ac3075bee01d9e4c3e4bb1ca3c54b9da8b54edbaeee570213289a8a63', 'nonce': '496', 'blockHash': '0x2406984443008fe2dc80c8552016b7ca40de9780aa2db8fb6901931f5d541a7e', 'from': '0x22d56946c6cc1d4ed09f02858ddb990fcc981c55', 'to': '0xb92ab7c1edcb273aba24b0656ceb3681654805d2', 'contractAddress': '0x0e09fabb73bd3ade0a17ecc321fd13a19e81ce82', 'value': '100000000000000000000', 'tokenName': 'PancakeSwap Token', 'tokenSymbol': 'Cake', 'tokenDecimal': '18', 'transactionIndex': '145', 'gas': '74495', 'gasPrice': '5000000000', 'gasUsed': '68803', 'cumulativeGasUsed': '16706719', 'input': 'deprecated', 'confirmations': '2703'}
[19:33:59,288][INFO][13284][auction.py:399] ----------------- 0xb92ab7c1edcb273aba24b0656ceb3681654805d2 ---Cake
[19:33:59,288][INFO][13284][auction.py:403] ----------------- 0x22d56946c6cc1d4ed09f02858ddb990fcc981c55 ---Cake -- cake 100.000000
[19:33:59,289][INFO][13284][auction.py:396] {'blockNumber': '10704970', 'timeStamp': '1631011423', 'hash': '0x245ddcac7b8f31a9464c7c78e1bb92199455500509896b72b4c12b4a219bfd07', 'nonce': '2859', 'blockHash': '0x4b86c8203e2cbad3bade32b24053318fed392d4d4de3e68f32df40c79a2cb5c5', 'from': '0x58092273a044d6e1d23b5095ae873f6e24e906ed', 'to': '0xb92ab7c1edcb273aba24b0656ceb3681654805d2', 'contractAddress': '0x0e09fabb73bd3ade0a17ecc321fd13a19e81ce82', 'value': '1500000000000000000000', 'tokenName': 'PancakeSwap Token', 'tokenSymbol': 'Cake', 'tokenDecimal': '18', 'transactionIndex': '271', 'gas': '166596', 'gasPrice': '5000000000', 'gasUsed': '160904', 'cumulativeGasUsed': '36662181', 'input': 'deprecated', 'confirmations': '2187'}
[19:33:59,289][INFO][13284][auction.py:399] ----------------- 0xb92ab7c1edcb273aba24b0656ceb3681654805d2 ---Cake
[19:33:59,289][INFO][13284][auction.py:403] ----------------- 0x58092273a044d6e1d23b5095ae873f6e24e906ed ---Cake -- cake 1500.000000
[19:33:59,289][INFO][13284][auction.py:396] {'blockNumber': '10705049', 'timeStamp': '1631011660', 'hash': '0x142d128802299275e6b10cb2171fed090b9b649875fbffe5dac0d05421bd0e72', 'nonce': '10', 'blockHash': '0x9ed3270f34bd67e32ff8530a52cb58b7b69f8301ed2cd4ef2ffdd78e816e6fae', 'from': '0x5ed6b80f0e8b1c7fdb783202d4a926bbed2d49ee', 'to': '0xb92ab7c1edcb273aba24b0656ceb3681654805d2', 'contractAddress': '0x0e09fabb73bd3ade0a17ecc321fd13a19e81ce82', 'value': '100000000000000000000', 'tokenName': 'PancakeSwap Token', 'tokenSymbol': 'Cake', 'tokenDecimal': '18', 'transactionIndex': '83', 'gas': '74495', 'gasPrice': '5000000000', 'gasUsed': '68803', 'cumulativeGasUsed': '9552749', 'input': 'deprecated', 'confirmations': '2108'}
[19:33:59,289][INFO][13284][auction.py:399] ----------------- 0xb92ab7c1edcb273aba24b0656ceb3681654805d2 ---Cake
[19:33:59,290][INFO][13284][auction.py:403] ----------------- 0x5ed6b80f0e8b1c7fdb783202d4a926bbed2d49ee ---Cake -- cake 100.000000
[19:33:59,290][INFO][13284][auction.py:396] {'blockNumber': '10705454', 'timeStamp': '1631012899', 'hash': '0x952703eed5aa61378d616c4f7b6c666190835d6a57902f1a64fcf02fca84794c', 'nonce': '1', 'blockHash': '0x2dc24ca2731be3736198e22ac78da303739ce5574660be9642c331e70562bdf5', 'from': '0xcbd932ac66f645a3764733aacd30ce50e522fac1', 'to': '0xb92ab7c1edcb273aba24b0656ceb3681654805d2', 'contractAddress': '0x0e09fabb73bd3ade0a17ecc321fd13a19e81ce82', 'value': '3000000000000000000000', 'tokenName': 'PancakeSwap Token', 'tokenSymbol': 'Cake', 'tokenDecimal': '18', 'transactionIndex': '190', 'gas': '181596', 'gasPrice': '5000000000', 'gasUsed': '175904', 'cumulativeGasUsed': '32889266', 'input': 'deprecated', 'confirmations': '1703'}
[19:33:59,290][INFO][13284][auction.py:399] ----------------- 0xb92ab7c1edcb273aba24b0656ceb3681654805d2 ---Cake
[19:33:59,290][INFO][13284][auction.py:403] ----------------- 0xcbd932ac66f645a3764733aacd30ce50e522fac1 ---Cake -- cake 3000.000000
[19:33:59,290][INFO][13284][auction.py:396] {'blockNumber': '10705719', 'timeStamp': '1631013696', 'hash': '0xc075a75784c45ad0d07454da1d09060ae6b82b98dce47416153438ece8d5e5eb', 'nonce': '2862', 'blockHash': '0x4d486b1d9e530b905d358744054caf756c4a62adcdf2949d20a30edcdd14f55f', 'from': '0x58092273a044d6e1d23b5095ae873f6e24e906ed', 'to': '0xb92ab7c1edcb273aba24b0656ceb3681654805d2', 'contractAddress': '0x0e09fabb73bd3ade0a17ecc321fd13a19e81ce82', 'value': '1610000000000000000000', 'tokenName': 'PancakeSwap Token', 'tokenSymbol': 'Cake', 'tokenDecimal': '18', 'transactionIndex': '87', 'gas': '74495', 'gasPrice': '5000000000', 'gasUsed': '68803', 'cumulativeGasUsed': '11673808', 'input': 'deprecated', 'confirmations': '1438'}
[19:33:59,291][INFO][13284][auction.py:399] ----------------- 0xb92ab7c1edcb273aba24b0656ceb3681654805d2 ---Cake
[19:33:59,291][INFO][13284][auction.py:403] ----------------- 0x58092273a044d6e1d23b5095ae873f6e24e906ed ---Cake -- cake 1610.000000
[19:33:59,291][INFO][13284][auction.py:396] {'blockNumber': '10705763', 'timeStamp': '1631013828', 'hash': '0xfe517c002d195aaf34d15888ef5f561435c69a822733895c2f7cfe516b0cbc34', 'nonce': '2', 'blockHash': '0x5f00d6638e2574f5e426fb3c20e0d97a78ab721e650c19bdb4e03b69f6811788', 'from': '0xcbd932ac66f645a3764733aacd30ce50e522fac1', 'to': '0xb92ab7c1edcb273aba24b0656ceb3681654805d2', 'contractAddress': '0x0e09fabb73bd3ade0a17ecc321fd13a19e81ce82', 'value': '1000000000000000000000', 'tokenName': 'PancakeSwap Token', 'tokenSymbol': 'Cake', 'tokenDecimal': '18', 'transactionIndex': '114', 'gas': '74495', 'gasPrice': '5000000000', 'gasUsed': '68803', 'cumulativeGasUsed': '14686672', 'input': 'deprecated', 'confirmations': '1394'}
[19:33:59,291][INFO][13284][auction.py:399] ----------------- 0xb92ab7c1edcb273aba24b0656ceb3681654805d2 ---Cake
[19:33:59,291][INFO][13284][auction.py:403] ----------------- 0xcbd932ac66f645a3764733aacd30ce50e522fac1 ---Cake -- cake 1000.000000
[19:34:29,491][INFO][13284][auction.py:392] getting all txs from block 10706979
[19:34:30,769][INFO][13284][auction.py:396] {'blockNumber': '10703164', 'timeStamp': '1631005959', 'hash': '0x2c47a0b312a42aef6b2aab02ef728de69c6b4087d04e0f9cde0d2f06af672f74', 'nonce': '151', 'blockHash': '0x3e3fa383c0fa96831def86a43ecb8a9293bc2031a806a9081cf76052129aa9d9', 'from': '0xae126b90d2835c5a2d720b0687ec59f59b768183', 'to': '0xb92ab7c1edcb273aba24b0656ceb3681654805d2', 'contractAddress': '0x0e09fabb73bd3ade0a17ecc321fd13a19e81ce82', 'value': '1000000000000000000000', 'tokenName': 'PancakeSwap Token', 'tokenSymbol': 'Cake', 'tokenDecimal': '18', 'transactionIndex': '81', 'gas': '181596', 'gasPrice': '5000000000', 'gasUsed': '175904', 'cumulativeGasUsed': '9902509', 'input': 'deprecated', 'confirmations': '4005'}
[19:34:30,769][INFO][13284][auction.py:399] ----------------- 0xb92ab7c1edcb273aba24b0656ceb3681654805d2 ---Cake
[19:34:30,769][INFO][13284][auction.py:403] ----------------- 0xae126b90d2835c5a2d720b0687ec59f59b768183 ---Cake -- cake 1000.000000
[19:34:30,769][INFO][13284][auction.py:396] {'blockNumber': '10703538', 'timeStamp': '1631007086', 'hash': '0x04fb7e45c4b68346660313324ae7f5b3169c4afba2938a991fc8f9cbb360bbba', 'nonce': '9', 'blockHash': '0x95697e8986f214f779687815df79e4448a445b70b6e5da4e685f61a341e33bed', 'from': '0x5ed6b80f0e8b1c7fdb783202d4a926bbed2d49ee', 'to': '0xb92ab7c1edcb273aba24b0656ceb3681654805d2', 'contractAddress': '0x0e09fabb73bd3ade0a17ecc321fd13a19e81ce82', 'value': '1010000000000000000000', 'tokenName': 'PancakeSwap Token', 'tokenSymbol': 'Cake', 'tokenDecimal': '18', 'transactionIndex': '161', 'gas': '181596', 'gasPrice': '5000000000', 'gasUsed': '175904', 'cumulativeGasUsed': '23412019', 'input': 'deprecated', 'confirmations': '3631'}
[19:34:30,769][INFO][13284][auction.py:399] ----------------- 0xb92ab7c1edcb273aba24b0656ceb3681654805d2 ---Cake
[19:34:30,769][INFO][13284][auction.py:403] ----------------- 0x5ed6b80f0e8b1c7fdb783202d4a926bbed2d49ee ---Cake -- cake 1010.000000
[19:34:30,769][INFO][13284][auction.py:396] {'blockNumber': '10703574', 'timeStamp': '1631007194', 'hash': '0xde7fb6a7e7881132b09831318bfef574dd39724616e59e8f1065b025ba1cf4e8', 'nonce': '480', 'blockHash': '0xfc43f5d81c20d7d41680ab7c02e3c996d03677aa2ef51e7eca04c596025e865e', 'from': '0xfad3b5feac1aaf86b3f66d105f2fa9607164d86b', 'to': '0xb92ab7c1edcb273aba24b0656ceb3681654805d2', 'contractAddress': '0x0e09fabb73bd3ade0a17ecc321fd13a19e81ce82', 'value': '1020000000000000000000', 'tokenName': 'PancakeSwap Token', 'tokenSymbol': 'Cake', 'tokenDecimal': '18', 'transactionIndex': '88', 'gas': '166596', 'gasPrice': '5000000000', 'gasUsed': '160904', 'cumulativeGasUsed': '16679294', 'input': 'deprecated', 'confirmations': '3595'}
[19:34:30,769][INFO][13284][auction.py:399] ----------------- 0xb92ab7c1edcb273aba24b0656ceb3681654805d2 ---Cake
[19:34:30,769][INFO][13284][auction.py:403] ----------------- 0xfad3b5feac1aaf86b3f66d105f2fa9607164d86b ---Cake -- cake 1020.000000
[19:34:30,769][INFO][13284][auction.py:396] {'blockNumber': '10704298', 'timeStamp': '1631009371', 'hash': '0x9cff86beb07d9f4db1ea9e4dac3475ceab20574aaf4c303dba6e24cbafcf8d7c', 'nonce': '489', 'blockHash': '0x70c9905f3136844f467e3381edaec15bfd0663b90de3b91512a9c40a422d3142', 'from': '0x22d56946c6cc1d4ed09f02858ddb990fcc981c55', 'to': '0xb92ab7c1edcb273aba24b0656ceb3681654805d2', 'contractAddress': '0x0e09fabb73bd3ade0a17ecc321fd13a19e81ce82', 'value': '1000000000000000000000', 'tokenName': 'PancakeSwap Token', 'tokenSymbol': 'Cake', 'tokenDecimal': '18', 'transactionIndex': '137', 'gas': '181596', 'gasPrice': '5000000000', 'gasUsed': '175904', 'cumulativeGasUsed': '18845957', 'input': 'deprecated', 'confirmations': '2871'}
[19:34:30,769][INFO][13284][auction.py:399] ----------------- 0xb92ab7c1edcb273aba24b0656ceb3681654805d2 ---Cake
[19:34:30,769][INFO][13284][auction.py:403] ----------------- 0x22d56946c6cc1d4ed09f02858ddb990fcc981c55 ---Cake -- cake 1000.000000
[19:34:30,769][INFO][13284][auction.py:396] {'blockNumber': '10704454', 'timeStamp': '1631009839', 'hash': '0x78f8dd0ac3075bee01d9e4c3e4bb1ca3c54b9da8b54edbaeee570213289a8a63', 'nonce': '496', 'blockHash': '0x2406984443008fe2dc80c8552016b7ca40de9780aa2db8fb6901931f5d541a7e', 'from': '0x22d56946c6cc1d4ed09f02858ddb990fcc981c55', 'to': '0xb92ab7c1edcb273aba24b0656ceb3681654805d2', 'contractAddress': '0x0e09fabb73bd3ade0a17ecc321fd13a19e81ce82', 'value': '100000000000000000000', 'tokenName': 'PancakeSwap Token', 'tokenSymbol': 'Cake', 'tokenDecimal': '18', 'transactionIndex': '145', 'gas': '74495', 'gasPrice': '5000000000', 'gasUsed': '68803', 'cumulativeGasUsed': '16706719', 'input': 'deprecated', 'confirmations': '2715'}
[19:34:30,769][INFO][13284][auction.py:399] ----------------- 0xb92ab7c1edcb273aba24b0656ceb3681654805d2 ---Cake
[19:34:30,769][INFO][13284][auction.py:403] ----------------- 0x22d56946c6cc1d4ed09f02858ddb990fcc981c55 ---Cake -- cake 100.000000
[19:34:30,769][INFO][13284][auction.py:396] {'blockNumber': '10704970', 'timeStamp': '1631011423', 'hash': '0x245ddcac7b8f31a9464c7c78e1bb92199455500509896b72b4c12b4a219bfd07', 'nonce': '2859', 'blockHash': '0x4b86c8203e2cbad3bade32b24053318fed392d4d4de3e68f32df40c79a2cb5c5', 'from': '0x58092273a044d6e1d23b5095ae873f6e24e906ed', 'to': '0xb92ab7c1edcb273aba24b0656ceb3681654805d2', 'contractAddress': '0x0e09fabb73bd3ade0a17ecc321fd13a19e81ce82', 'value': '1500000000000000000000', 'tokenName': 'PancakeSwap Token', 'tokenSymbol': 'Cake', 'tokenDecimal': '18', 'transactionIndex': '271', 'gas': '166596', 'gasPrice': '5000000000', 'gasUsed': '160904', 'cumulativeGasUsed': '36662181', 'input': 'deprecated', 'confirmations': '2199'}
[19:34:30,769][INFO][13284][auction.py:399] ----------------- 0xb92ab7c1edcb273aba24b0656ceb3681654805d2 ---Cake
[19:34:30,770][INFO][13284][auction.py:403] ----------------- 0x58092273a044d6e1d23b5095ae873f6e24e906ed ---Cake -- cake 1500.000000
[19:34:30,770][INFO][13284][auction.py:396] {'blockNumber': '10705049', 'timeStamp': '1631011660', 'hash': '0x142d128802299275e6b10cb2171fed090b9b649875fbffe5dac0d05421bd0e72', 'nonce': '10', 'blockHash': '0x9ed3270f34bd67e32ff8530a52cb58b7b69f8301ed2cd4ef2ffdd78e816e6fae', 'from': '0x5ed6b80f0e8b1c7fdb783202d4a926bbed2d49ee', 'to': '0xb92ab7c1edcb273aba24b0656ceb3681654805d2', 'contractAddress': '0x0e09fabb73bd3ade0a17ecc321fd13a19e81ce82', 'value': '100000000000000000000', 'tokenName': 'PancakeSwap Token', 'tokenSymbol': 'Cake', 'tokenDecimal': '18', 'transactionIndex': '83', 'gas': '74495', 'gasPrice': '5000000000', 'gasUsed': '68803', 'cumulativeGasUsed': '9552749', 'input': 'deprecated', 'confirmations': '2120'}
[19:34:30,770][INFO][13284][auction.py:399] ----------------- 0xb92ab7c1edcb273aba24b0656ceb3681654805d2 ---Cake
[19:34:30,770][INFO][13284][auction.py:403] ----------------- 0x5ed6b80f0e8b1c7fdb783202d4a926bbed2d49ee ---Cake -- cake 100.000000
[19:34:30,770][INFO][13284][auction.py:396] {'blockNumber': '10705454', 'timeStamp': '1631012899', 'hash': '0x952703eed5aa61378d616c4f7b6c666190835d6a57902f1a64fcf02fca84794c', 'nonce': '1', 'blockHash': '0x2dc24ca2731be3736198e22ac78da303739ce5574660be9642c331e70562bdf5', 'from': '0xcbd932ac66f645a3764733aacd30ce50e522fac1', 'to': '0xb92ab7c1edcb273aba24b0656ceb3681654805d2', 'contractAddress': '0x0e09fabb73bd3ade0a17ecc321fd13a19e81ce82', 'value': '3000000000000000000000', 'tokenName': 'PancakeSwap Token', 'tokenSymbol': 'Cake', 'tokenDecimal': '18', 'transactionIndex': '190', 'gas': '181596', 'gasPrice': '5000000000', 'gasUsed': '175904', 'cumulativeGasUsed': '32889266', 'input': 'deprecated', 'confirmations': '1715'}
[19:34:30,770][INFO][13284][auction.py:399] ----------------- 0xb92ab7c1edcb273aba24b0656ceb3681654805d2 ---Cake
[19:34:30,770][INFO][13284][auction.py:403] ----------------- 0xcbd932ac66f645a3764733aacd30ce50e522fac1 ---Cake -- cake 3000.000000
[19:34:30,770][INFO][13284][auction.py:396] {'blockNumber': '10705719', 'timeStamp': '1631013696', 'hash': '0xc075a75784c45ad0d07454da1d09060ae6b82b98dce47416153438ece8d5e5eb', 'nonce': '2862', 'blockHash': '0x4d486b1d9e530b905d358744054caf756c4a62adcdf2949d20a30edcdd14f55f', 'from': '0x58092273a044d6e1d23b5095ae873f6e24e906ed', 'to': '0xb92ab7c1edcb273aba24b0656ceb3681654805d2', 'contractAddress': '0x0e09fabb73bd3ade0a17ecc321fd13a19e81ce82', 'value': '1610000000000000000000', 'tokenName': 'PancakeSwap Token', 'tokenSymbol': 'Cake', 'tokenDecimal': '18', 'transactionIndex': '87', 'gas': '74495', 'gasPrice': '5000000000', 'gasUsed': '68803', 'cumulativeGasUsed': '11673808', 'input': 'deprecated', 'confirmations': '1450'}
[19:34:30,770][INFO][13284][auction.py:399] ----------------- 0xb92ab7c1edcb273aba24b0656ceb3681654805d2 ---Cake
[19:34:30,770][INFO][13284][auction.py:403] ----------------- 0x58092273a044d6e1d23b5095ae873f6e24e906ed ---Cake -- cake 1610.000000
[19:34:30,770][INFO][13284][auction.py:396] {'blockNumber': '10705763', 'timeStamp': '1631013828', 'hash': '0xfe517c002d195aaf34d15888ef5f561435c69a822733895c2f7cfe516b0cbc34', 'nonce': '2', 'blockHash': '0x5f00d6638e2574f5e426fb3c20e0d97a78ab721e650c19bdb4e03b69f6811788', 'from': '0xcbd932ac66f645a3764733aacd30ce50e522fac1', 'to': '0xb92ab7c1edcb273aba24b0656ceb3681654805d2', 'contractAddress': '0x0e09fabb73bd3ade0a17ecc321fd13a19e81ce82', 'value': '1000000000000000000000', 'tokenName': 'PancakeSwap Token', 'tokenSymbol': 'Cake', 'tokenDecimal': '18', 'transactionIndex': '114', 'gas': '74495', 'gasPrice': '5000000000', 'gasUsed': '68803', 'cumulativeGasUsed': '14686672', 'input': 'deprecated', 'confirmations': '1406'}
[19:34:30,770][INFO][13284][auction.py:399] ----------------- 0xb92ab7c1edcb273aba24b0656ceb3681654805d2 ---Cake
[19:34:30,770][INFO][13284][auction.py:403] ----------------- 0xcbd932ac66f645a3764733aacd30ce50e522fac1 ---Cake -- cake 1000.000000
